city,date,smoke_overhead,smoke_density,within_100km,within_300km,within_500km,nearest_km,nearest_bearing
CHI,2018-01-01,False,,False,False,False,726.9,232.7
CHI,2018-01-02,False,,False,False,False,1009.3,155.2
CHI,2018-01-03,False,,False,False,False,788.4,223.4
CHI,2018-01-04,False,,False,False,False,550.6,195.2
CHI,2018-01-05,False,,False,False,True,359.6,183.0
CHI,2018-01-06,False,,False,False,False,550.9,221.9
CHI,2018-01-07,False,,False,False,False,856.2,165.2
CHI,2018-01-08,False,,False,False,False,676.8,238.6
CHI,2018-01-09,False,,False,False,False,1186.8,168.5
CHI,2018-01-10,False,,False,False,False,895.0,94.5
CHI,2018-01-11,False,,False,False,False,1330.7,281.1
CHI,2018-01-12,False,,False,False,False,1202.6,212.9
CHI,2018-01-13,False,,False,False,False,907.1,215.1
CHI,2018-01-14,False,,False,False,False,1073.8,226.9
CHI,2018-01-15,False,,False,False,False,864.8,112.7
CHI,2018-01-16,False,,False,True,True,209.2,303.3
CHI,2018-01-17,False,,False,False,True,479.4,223.8
CHI,2018-01-18,False,,False,False,False,678.2,207.4
CHI,2018-01-19,False,,False,False,False,672.3,206.5
CHI,2018-01-20,False,,False,False,True,366.6,278.1
CHI,2018-01-21,False,,False,False,False,784.5,167.7
CHI,2018-01-22,False,,False,False,False,1137.6,219.2
CHI,2018-01-23,False,,False,False,False,691.5,219.6
CHI,2018-01-24,False,,False,False,False,700.5,206.0
CHI,2018-01-25,False,,False,False,False,567.2,207.4
CHI,2018-01-26,False,,False,False,False,521.2,180.1
CHI,2018-01-27,False,,False,False,True,419.5,243.4
CHI,2018-01-28,False,,False,False,False,910.4,220.6
CHI,2018-01-29,False,,False,False,False,595.3,232.3
CHI,2018-01-30,False,,False,False,True,451.5,219.8
CHI,2018-01-31,False,,False,False,False,694.8,216.1
CHI,2018-02-01,False,,False,False,False,570.7,211.2
CHI,2018-02-02,False,,False,True,True,193.3,242.1
CHI,2018-02-03,False,,False,False,True,425.9,243.9
CHI,2018-02-04,False,,False,False,True,387.6,254.4
CHI,2018-02-05,False,,False,False,False,762.5,213.8
CHI,2018-02-06,False,,False,False,False,972.5,175.7
CHI,2018-02-07,False,,False,False,False,570.3,229.2
CHI,2018-02-08,False,,False,False,True,450.9,210.4
CHI,2018-02-09,False,,False,False,False,581.1,210.5
CHI,2018-02-10,False,,False,False,False,1061.5,293.7
CHI,2018-02-11,False,,False,False,False,691.1,246.0
CHI,2018-02-12,False,,False,False,False,581.5,246.3
CHI,2018-02-13,False,,False,False,False,546.5,249.1
CHI,2018-02-14,False,,False,False,False,863.4,248.0
CHI,2018-02-15,False,,False,False,False,662.5,215.1
CHI,2018-02-16,False,,False,False,True,446.6,239.3
CHI,2018-02-17,False,,False,False,False,1145.8,156.1
CHI,2018-02-18,False,,False,False,False,1017.7,240.0
CHI,2018-02-19,False,,False,False,False,927.9,179.8
CHI,2018-02-20,False,,False,False,False,1110.6,241.1
CHI,2018-02-21,False,,False,False,False,1190.3,169.3
CHI,2018-02-22,False,,False,False,False,954.9,157.6
CHI,2018-02-23,False,,False,False,False,930.6,147.4
CHI,2018-02-24,False,,False,False,False,888.5,168.3
CHI,2018-02-25,False,,False,False,False,966.9,253.5
CHI,2018-02-26,False,,False,True,True,294.6,63.8
CHI,2018-02-27,False,,False,True,True,266.0,201.7
CHI,2018-02-28,False,,False,False,False,1116.3,100.4
CHI,2018-03-01,False,,False,False,False,510.7,255.0
CHI,2018-03-02,False,,True,True,True,61.3,250.6
CHI,2018-03-03,False,,True,True,True,83.9,180.8
CHI,2018-03-04,False,,False,True,True,134.2,271.2
CHI,2018-03-05,False,,False,False,False,669.9,226.5
CHI,2018-03-06,False,,False,False,False,533.6,156.6
CHI,2018-03-07,False,,False,False,False,689.4,224.2
CHI,2018-03-08,False,,False,False,True,380.6,208.3
CHI,2018-03-09,False,,False,True,True,165.9,154.1
CHI,2018-03-10,False,,False,False,True,313.8,154.4
CHI,2018-03-11,False,,False,True,True,135.1,264.3
CHI,2018-03-12,False,,False,True,True,251.1,233.6
CHI,2018-03-13,False,,False,True,True,283.8,224.8
CHI,2018-03-14,False,,True,True,True,57.0,342.1
CHI,2018-03-15,False,,True,True,True,27.4,196.0
CHI,2018-03-16,False,,False,False,True,367.5,153.2
CHI,2018-03-17,False,,False,True,True,193.0,305.3
CHI,2018-03-18,False,,True,True,True,72.6,175.2
CHI,2018-03-19,False,,False,True,True,109.3,287.2
CHI,2018-03-20,False,,False,False,False,913.4,226.9
CHI,2018-03-21,False,,True,True,True,27.2,207.0
CHI,2018-03-22,False,,True,True,True,14.9,263.1
CHI,2018-03-23,False,,True,True,True,34.3,255.1
CHI,2018-03-24,False,,False,False,False,592.4,81.0
CHI,2018-03-25,False,,False,True,True,245.8,336.5
CHI,2018-03-26,False,,False,False,False,540.1,114.2
CHI,2018-03-27,False,,False,False,False,817.7,264.6
CHI,2018-03-28,False,,False,False,False,979.9,240.2
CHI,2018-03-29,False,,False,False,False,811.8,255.1
CHI,2018-03-30,False,,False,False,False,627.1,262.9
CHI,2018-03-31,False,,False,False,False,691.5,167.5
CHI,2018-04-01,False,,False,True,True,277.3,285.0
CHI,2018-04-02,False,,False,False,False,820.0,153.6
CHI,2018-04-03,False,,False,False,False,862.2,134.1
CHI,2018-04-04,False,,False,True,True,287.7,250.5
CHI,2018-04-05,False,,False,False,True,406.4,185.5
CHI,2018-04-06,False,,False,False,False,877.7,165.8
CHI,2018-04-07,False,,True,True,True,2.7,227.0
CHI,2018-04-08,False,,False,False,False,818.1,252.1
CHI,2018-04-09,False,,False,False,False,537.2,169.3
CHI,2018-04-10,False,,False,False,True,340.9,203.7
CHI,2018-04-11,False,,False,True,True,295.6,147.6
CHI,2018-04-12,False,,False,True,True,294.0,146.1
CHI,2018-04-13,False,,False,False,True,314.2,154.1
CHI,2018-04-14,False,,False,False,False,717.6,217.5
CHI,2018-04-15,False,,False,False,True,300.4,200.0
CHI,2018-04-16,False,,False,False,True,492.8,243.7
CHI,2018-04-17,False,,False,True,True,200.5,273.9
CHI,2018-04-18,False,,False,True,True,173.2,168.0
CHI,2018-04-19,False,,False,True,True,217.1,243.0
CHI,2018-04-20,False,,True,True,True,81.5,148.0
CHI,2018-04-21,False,,False,False,False,512.8,210.8
CHI,2018-04-22,False,,False,True,True,198.8,300.7
CHI,2018-04-23,False,,False,True,True,173.9,70.4
CHI,2018-04-24,False,,True,True,True,71.1,292.0
CHI,2018-04-25,False,,True,True,True,45.7,289.9
CHI,2018-04-26,False,,True,True,True,52.7,125.1
CHI,2018-04-27,False,,False,False,True,334.5,273.8
CHI,2018-04-28,False,,False,True,True,150.5,291.1
CHI,2018-04-29,False,,True,True,True,50.0,258.1
CHI,2018-04-30,False,,False,True,True,200.7,76.2
CHI,2018-05-01,False,,True,True,True,14.2,131.1
CHI,2018-05-02,False,,False,False,True,499.6,325.6
CHI,2018-05-03,False,,False,False,False,758.6,131.6
CHI,2018-05-04,False,,False,False,False,762.0,132.5
CHI,2018-05-05,False,,False,True,True,112.8,167.7
CHI,2018-05-06,False,,False,True,True,128.8,74.6
CHI,2018-05-07,False,,False,True,True,123.5,178.9
CHI,2018-05-08,False,,False,True,True,236.2,94.1
CHI,2018-05-09,False,,False,False,False,673.4,180.4
CHI,2018-05-10,False,,False,False,False,694.0,288.7
CHI,2018-05-11,False,,False,False,False,721.4,203.4
CHI,2018-05-12,False,,False,False,False,821.1,254.5
CHI,2018-05-13,False,,False,False,True,476.2,10.2
CHI,2018-05-14,False,,False,False,True,499.0,358.8
CHI,2018-05-15,False,,False,True,True,198.1,331.2
CHI,2018-05-16,False,,False,True,True,138.7,330.4
CHI,2018-05-17,False,,False,False,False,726.6,310.5
CHI,2018-05-18,False,,False,False,True,400.7,319.7
CHI,2018-05-19,False,,False,False,False,744.8,194.4
CHI,2018-05-20,False,,False,False,True,334.1,340.8
CHI,2018-05-21,False,,False,False,False,730.1,249.8
CHI,2018-05-22,False,,False,False,False,621.1,346.0
CHI,2018-05-23,False,,False,True,True,220.9,50.5
CHI,2018-05-24,False,,False,True,True,121.4,286.7
CHI,2018-05-25,False,,False,False,False,616.9,343.6
CHI,2018-05-26,False,,False,False,True,302.6,350.8
CHI,2018-05-27,False,,False,False,False,821.4,324.2
CHI,2018-05-28,False,,False,False,True,438.9,3.3
CHI,2018-05-29,False,,False,False,True,452.6,280.6
CHI,2018-05-30,False,,False,False,False,582.3,197.5
CHI,2018-05-31,False,,False,False,False,594.1,302.5
CHI,2018-06-01,False,,False,False,True,394.8,268.2
CHI,2018-06-02,False,,False,False,False,823.7,235.7
CHI,2018-06-03,False,,False,False,False,679.9,243.0
CHI,2018-06-04,False,,False,False,False,865.2,141.5
CHI,2018-06-05,False,,False,False,True,355.9,352.6
CHI,2018-06-06,False,,False,False,True,419.8,188.3
CHI,2018-06-07,False,,False,False,False,695.0,196.1
CHI,2018-06-08,False,,False,False,True,486.2,204.0
CHI,2018-06-09,False,,False,False,True,473.2,171.0
CHI,2018-06-10,False,,False,False,True,462.1,195.3
CHI,2018-06-11,False,,False,False,True,339.0,244.2
CHI,2018-06-12,False,,False,False,True,312.8,263.0
CHI,2018-06-13,False,,False,False,False,544.8,198.2
CHI,2018-06-14,False,,False,False,True,327.2,267.4
CHI,2018-06-15,True,light,True,True,True,0.0,0.0
CHI,2018-06-16,True,light,True,True,True,0.0,0.0
CHI,2018-06-17,False,,True,True,True,33.5,145.7
CHI,2018-06-18,False,,False,False,True,340.1,195.0
CHI,2018-06-19,False,,False,False,True,395.7,168.1
CHI,2018-06-20,False,,False,True,True,239.1,14.8
CHI,2018-06-21,False,,False,False,True,367.0,34.4
CHI,2018-06-22,False,,False,False,False,618.0,353.8
CHI,2018-06-23,False,,False,False,False,547.2,356.2
CHI,2018-06-24,False,,False,True,True,119.0,21.0
CHI,2018-06-25,False,,False,False,False,501.5,15.2
CHI,2018-06-26,False,,False,False,False,756.3,196.3
CHI,2018-06-27,False,,False,False,True,379.4,175.0
CHI,2018-06-28,False,,False,True,True,187.2,245.9
CHI,2018-06-29,False,,False,False,True,381.9,284.2
CHI,2018-06-30,False,,True,True,True,6.9,112.4
CHI,2018-07-01,True,light,True,True,True,0.0,0.0
CHI,2018-07-02,True,light,True,True,True,0.0,0.0
CHI,2018-07-03,True,light,True,True,True,0.0,0.0
CHI,2018-07-04,False,,False,True,True,231.0,305.1
CHI,2018-07-05,False,,False,True,True,143.8,325.5
CHI,2018-07-06,True,light,True,True,True,0.0,0.0
CHI,2018-07-07,True,medium,True,True,True,0.0,0.0
CHI,2018-07-08,True,light,True,True,True,0.0,0.0
CHI,2018-07-09,True,light,True,True,True,0.0,0.0
CHI,2018-07-10,True,light,True,True,True,0.0,0.0
CHI,2018-07-11,False,,False,False,True,393.2,42.6
CHI,2018-07-12,True,light,True,True,True,0.0,0.0
CHI,2018-07-13,False,,False,True,True,148.4,187.8
CHI,2018-07-14,False,,False,False,False,668.6,28.4
CHI,2018-07-15,False,,False,False,False,855.5,44.8
CHI,2018-07-16,True,light,True,True,True,0.0,0.0
CHI,2018-07-17,False,,False,True,True,212.4,167.9
CHI,2018-07-18,False,,False,False,False,652.5,2.3
CHI,2018-07-19,False,,False,False,False,548.6,21.6
CHI,2018-07-20,False,,False,False,True,465.0,63.9
CHI,2018-07-21,False,,False,True,True,213.8,284.9
CHI,2018-07-22,True,light,True,True,True,0.0,0.0
CHI,2018-07-23,True,heavy,True,True,True,0.0,0.0
CHI,2018-07-24,True,heavy,True,True,True,0.0,0.0
CHI,2018-07-25,True,medium,True,True,True,0.0,0.0
CHI,2018-07-26,True,light,True,True,True,0.0,0.0
CHI,2018-07-27,True,heavy,True,True,True,0.0,0.0
CHI,2018-07-28,True,medium,True,True,True,0.0,0.0
CHI,2018-07-29,False,,False,False,False,535.7,357.0
CHI,2018-07-30,False,,False,False,True,429.9,186.5
CHI,2018-07-31,False,,False,True,True,168.0,329.5
CHI,2018-08-01,False,,True,True,True,48.1,275.9
CHI,2018-08-02,True,light,True,True,True,0.0,0.0
CHI,2018-08-03,True,light,True,True,True,0.0,0.0
CHI,2018-08-04,True,light,True,True,True,0.0,0.0
CHI,2018-08-05,True,medium,True,True,True,0.0,0.0
CHI,2018-08-06,True,light,True,True,True,0.0,0.0
CHI,2018-08-07,False,,False,False,False,530.0,332.5
CHI,2018-08-08,True,light,True,True,True,0.0,0.0
CHI,2018-08-09,True,medium,True,True,True,0.0,0.0
CHI,2018-08-10,False,,True,True,True,35.2,346.9
CHI,2018-08-11,True,light,True,True,True,0.0,0.0
CHI,2018-08-12,True,heavy,True,True,True,0.0,0.0
CHI,2018-08-13,True,heavy,True,True,True,0.0,0.0
CHI,2018-08-14,True,heavy,True,True,True,0.0,0.0
CHI,2018-08-15,True,light,True,True,True,0.0,0.0
CHI,2018-08-16,True,light,True,True,True,0.0,0.0
CHI,2018-08-17,False,,True,True,True,19.2,332.7
CHI,2018-08-18,True,heavy,True,True,True,0.0,0.0
CHI,2018-08-19,True,light,True,True,True,0.0,0.0
CHI,2018-08-20,False,,True,True,True,13.1,355.1
CHI,2018-08-21,True,light,True,True,True,0.0,0.0
CHI,2018-08-22,True,medium,True,True,True,0.0,0.0
CHI,2018-08-23,True,light,True,True,True,0.0,0.0
CHI,2018-08-24,True,light,True,True,True,0.0,0.0
CHI,2018-08-25,True,light,True,True,True,0.0,0.0
CHI,2018-08-26,True,medium,True,True,True,0.0,0.0
CHI,2018-08-27,False,,True,True,True,99.7,94.3
CHI,2018-08-28,False,,False,False,False,560.8,283.9
CHI,2018-08-29,False,,False,True,True,109.3,301.6
CHI,2018-08-30,True,medium,True,True,True,0.0,0.0
CHI,2018-08-31,False,,False,False,False,672.5,302.7
CHI,2018-09-01,False,,False,False,False,703.0,312.9
CHI,2018-09-02,False,,False,False,False,690.7,321.7
CHI,2018-09-03,False,,False,False,True,494.8,351.0
CHI,2018-09-04,False,,False,False,True,431.3,201.5
CHI,2018-09-05,False,,False,False,False,604.4,203.2
CHI,2018-09-06,False,,False,False,False,634.4,33.1
CHI,2018-09-07,False,,False,False,True,353.0,354.0
CHI,2018-09-08,False,,True,True,True,73.5,331.9
CHI,2018-09-09,False,,False,True,True,141.1,319.6
CHI,2018-09-10,False,,False,True,True,114.8,288.3
CHI,2018-09-11,True,light,True,True,True,0.0,0.0
CHI,2018-09-12,True,light,True,True,True,0.0,0.0
CHI,2018-09-13,False,,False,True,True,244.1,217.0
CHI,2018-09-14,False,,False,True,True,242.4,356.9
CHI,2018-09-15,False,,False,False,True,499.0,191.4
CHI,2018-09-16,False,,False,False,True,311.1,65.4
CHI,2018-09-17,True,heavy,True,True,True,0.0,0.0
CHI,2018-09-18,True,light,True,True,True,0.0,0.0
CHI,2018-09-19,True,medium,True,True,True,0.0,0.0
CHI,2018-09-20,True,light,True,True,True,0.0,0.0
CHI,2018-09-21,False,,False,False,True,389.0,157.3
CHI,2018-09-22,False,,False,False,True,412.7,263.4
CHI,2018-09-23,False,,False,True,True,263.1,237.5
CHI,2018-09-24,False,,False,True,True,133.4,342.0
CHI,2018-09-25,False,,False,False,False,953.2,271.2
CHI,2018-09-26,False,,False,False,False,780.9,246.9
CHI,2018-09-27,False,,False,False,False,664.9,233.8
CHI,2018-09-28,False,,False,False,False,1178.0,273.2
CHI,2018-09-29,False,,False,False,False,508.7,199.1
CHI,2018-09-30,False,,False,False,False,1281.5,272.3
CHI,2018-10-01,False,,False,False,False,805.9,250.4
CHI,2018-10-02,False,,False,False,False,536.6,192.5
CHI,2018-10-03,False,,False,False,True,456.0,193.8
CHI,2018-10-04,False,,False,True,True,203.0,355.8
CHI,2018-10-05,False,,False,False,True,438.8,197.7
CHI,2018-10-06,False,,False,False,False,517.4,192.1
CHI,2018-10-07,False,,False,False,False,516.0,195.8
CHI,2018-10-08,False,,False,False,True,357.3,190.8
CHI,2018-10-09,False,,False,False,False,1610.0,313.6
CHI,2018-10-10,False,,False,False,False,1280.2,194.7
CHI,2018-10-11,False,,False,False,False,558.2,194.1
CHI,2018-10-12,False,,False,False,False,789.5,186.6
CHI,2018-10-13,False,,False,False,False,1001.3,145.1
CHI,2018-10-14,False,,False,False,False,953.8,171.0
CHI,2018-10-15,False,,False,False,False,988.7,155.4
CHI,2018-10-16,False,,False,True,True,281.7,50.0
CHI,2018-10-17,False,,False,True,True,293.0,321.5
CHI,2018-10-18,False,,True,True,True,84.0,146.2
CHI,2018-10-19,False,,False,False,False,685.5,298.7
CHI,2018-10-20,False,,False,False,True,367.8,203.4
CHI,2018-10-21,False,,False,True,True,220.9,208.7
CHI,2018-10-22,False,,False,True,True,219.6,179.8
CHI,2018-10-23,False,,False,True,True,191.8,251.5
CHI,2018-10-24,False,,False,False,False,598.7,316.6
CHI,2018-10-25,False,,False,False,False,1202.4,308.1
CHI,2018-10-26,False,,False,False,False,856.8,298.5
CHI,2018-10-27,False,,False,False,False,753.0,250.7
CHI,2018-10-28,False,,False,False,True,428.0,191.0
CHI,2018-10-29,False,,False,False,False,657.9,205.4
CHI,2018-10-30,False,,False,False,False,841.4,307.4
CHI,2018-10-31,False,,False,False,False,740.4,298.9
CHI,2018-11-01,False,,False,False,False,506.8,289.9
CHI,2018-11-02,False,,False,False,False,1371.3,194.5
CHI,2018-11-03,False,,False,False,False,765.6,16.8
CHI,2018-11-04,False,,False,False,False,696.3,43.4
CHI,2018-11-05,False,,False,False,False,1203.1,227.4
CHI,2018-11-06,False,,False,False,False,1164.1,248.8
CHI,2018-11-07,False,,False,False,False,1199.4,279.6
CHI,2018-11-08,False,,False,False,False,1732.0,161.6
CHI,2018-11-09,False,,False,False,False,1072.6,332.6
CHI,2018-11-10,False,,False,False,False,863.0,333.9
CHI,2018-11-11,False,,False,False,False,1120.4,183.9
CHI,2018-11-12,False,,False,False,False,1705.2,162.9
CHI,2018-11-13,False,,True,True,True,39.0,244.2
CHI,2018-11-14,False,,False,True,True,232.5,283.4
CHI,2018-11-15,False,,False,False,True,333.5,324.2
CHI,2018-11-16,False,,False,False,True,396.7,262.8
CHI,2018-11-17,False,,False,False,False,788.7,181.2
CHI,2018-11-18,False,,False,False,True,497.6,248.3
CHI,2018-11-19,False,,False,False,False,997.2,328.2
CHI,2018-11-20,False,,False,False,False,717.4,276.1
CHI,2018-11-21,False,,False,False,False,598.9,199.6
CHI,2018-11-22,False,,False,False,False,545.6,251.9
CHI,2018-11-23,False,,False,False,False,919.6,263.0
CHI,2018-11-24,False,,False,False,False,865.3,237.3
CHI,2018-11-25,False,,False,False,False,1394.1,242.2
CHI,2018-11-26,False,,False,False,False,904.4,215.2
CHI,2018-11-27,False,,False,False,False,570.2,197.0
CHI,2018-11-28,False,,False,False,False,737.6,230.3
CHI,2018-11-29,False,,False,False,False,529.7,213.7
CHI,2018-11-30,False,,False,False,False,995.2,158.0
CHI,2018-12-01,False,,False,False,False,1025.4,208.5
CHI,2018-12-02,False,,False,False,False,1082.9,221.1
CHI,2018-12-03,False,,False,False,False,748.8,247.9
CHI,2018-12-04,False,,False,False,False,890.4,214.3
CHI,2018-12-05,False,,False,False,False,536.0,192.0
CHI,2018-12-06,False,,False,False,False,942.6,181.4
CHI,2018-12-07,False,,False,False,False,1128.3,159.8
CHI,2018-12-08,False,,False,False,False,1705.3,161.5
CHI,2018-12-09,False,,False,False,False,831.0,232.7
CHI,2018-12-10,False,,True,True,True,25.6,276.5
CHI,2018-12-11,False,,False,False,True,477.4,181.6
CHI,2018-12-12,False,,False,False,False,542.6,224.2
CHI,2018-12-13,False,,False,False,False,1224.9,234.9
CHI,2018-12-14,False,,False,False,False,1111.6,304.1
CHI,2018-12-15,False,,False,False,False,1526.6,207.4
CHI,2018-12-16,False,,False,False,False,980.7,235.6
CHI,2018-12-17,False,,False,False,False,1182.6,177.2
CHI,2018-12-18,False,,False,False,True,352.7,274.3
CHI,2018-12-19,False,,True,True,True,79.4,223.3
CHI,2018-12-20,False,,False,False,False,826.0,269.4
CHI,2018-12-21,False,,False,False,False,982.6,233.4
CHI,2018-12-22,False,,False,False,False,994.0,217.6
CHI,2018-12-23,False,,False,False,False,1248.1,208.8
CHI,2018-12-24,False,,False,False,False,996.4,205.6
CHI,2018-12-25,False,,False,False,False,842.8,214.0
CHI,2018-12-26,False,,False,False,False,990.7,138.6
CHI,2018-12-27,False,,False,False,False,1894.6,208.6
CHI,2018-12-28,False,,False,False,False,2148.9,165.5
CHI,2018-12-29,False,,False,False,False,1732.6,160.6
CHI,2018-12-30,False,,False,False,False,1700.8,162.3
CHI,2018-12-31,False,,False,False,False,,
CHI,2019-01-01,False,,False,False,False,1258.0,164.2
CHI,2019-01-02,False,,False,False,False,1655.9,160.0
CHI,2019-01-03,False,,False,False,False,1513.6,162.6
CHI,2019-01-04,False,,False,False,False,1342.1,216.2
CHI,2019-01-05,False,,False,False,False,1494.3,238.4
CHI,2019-01-06,False,,False,False,False,1219.8,179.4
CHI,2019-01-07,False,,False,False,False,993.4,137.4
CHI,2019-01-08,False,,False,False,True,438.5,238.7
CHI,2019-01-09,False,,False,False,False,574.9,180.5
CHI,2019-01-10,False,,False,False,False,915.8,190.1
CHI,2019-01-11,False,,False,False,False,858.8,160.2
CHI,2019-01-12,False,,False,False,False,1697.3,161.4
CHI,2019-01-13,False,,False,False,False,1343.1,194.6
CHI,2019-01-14,False,,False,False,False,1306.4,199.8
CHI,2019-01-15,False,,False,False,False,890.4,211.2
CHI,2019-01-16,False,,False,False,False,911.3,144.0
CHI,2019-01-17,False,,False,False,False,973.2,135.7
CHI,2019-01-18,False,,False,False,False,1394.5,159.9
CHI,2019-01-19,False,,False,False,False,1506.3,158.4
CHI,2019-01-20,False,,False,False,False,1195.7,185.7
CHI,2019-01-21,False,,False,False,False,1044.3,150.8
CHI,2019-01-22,False,,False,False,False,1003.8,136.2
CHI,2019-01-23,False,,False,False,False,1510.3,160.1
CHI,2019-01-24,False,,False,False,False,1344.1,217.8
CHI,2019-01-25,False,,False,False,False,1020.8,137.4
CHI,2019-01-26,False,,False,False,False,980.8,168.3
CHI,2019-01-27,False,,False,False,False,1000.9,223.8
CHI,2019-01-28,False,,False,False,False,971.1,138.1
CHI,2019-01-29,False,,False,False,False,1019.3,214.4
CHI,2019-01-30,False,,False,False,False,697.6,205.1
CHI,2019-01-31,False,,False,False,False,813.0,186.2
CHI,2019-02-01,False,,False,False,False,574.9,224.3
CHI,2019-02-02,False,,False,False,False,646.2,186.0
CHI,2019-02-03,False,,False,False,False,630.8,186.3
CHI,2019-02-04,False,,False,False,False,809.6,217.2
CHI,2019-02-05,False,,False,False,False,883.4,124.8
CHI,2019-02-06,False,,False,False,False,1081.3,151.3
CHI,2019-02-07,False,,False,False,False,937.3,152.7
CHI,2019-02-08,False,,False,False,False,864.6,275.7
CHI,2019-02-09,False,,False,False,False,1073.1,186.6
CHI,2019-02-10,False,,False,False,False,1145.3,122.6
CHI,2019-02-11,False,,False,False,False,1295.1,166.8
CHI,2019-02-12,False,,False,False,False,1113.8,231.5
CHI,2019-02-13,False,,False,False,False,1067.9,169.6
CHI,2019-02-14,False,,False,False,False,977.1,122.9
CHI,2019-02-15,False,,False,False,False,1014.6,142.7
CHI,2019-02-16,False,,False,False,False,1249.9,176.5
CHI,2019-02-17,False,,False,False,False,1128.9,231.2
CHI,2019-02-18,False,,False,False,False,1487.5,160.1
CHI,2019-02-19,False,,False,False,False,1337.3,190.4
CHI,2019-02-20,False,,False,False,False,1148.5,231.4
CHI,2019-02-21,False,,False,False,False,1256.9,160.1
CHI,2019-02-22,False,,False,False,False,1062.2,170.2
CHI,2019-02-23,False,,False,False,False,1001.3,224.9
CHI,2019-02-24,False,,False,False,False,722.0,208.2
CHI,2019-02-25,False,,False,False,False,830.5,219.6
CHI,2019-02-26,False,,False,False,False,529.4,207.9
CHI,2019-02-27,False,,False,False,False,630.2,153.2
CHI,2019-02-28,False,,False,False,False,969.7,67.2
CHI,2019-03-01,False,,False,False,False,1499.5,161.8
CHI,2019-03-02,False,,False,False,False,1108.8,132.0
CHI,2019-03-03,False,,False,False,False,1482.1,162.2
CHI,2019-03-04,False,,False,False,False,711.9,213.5
CHI,2019-03-05,False,,False,False,False,580.4,179.0
CHI,2019-03-06,False,,False,False,False,510.3,174.4
CHI,2019-03-07,False,,False,False,False,848.0,148.3
CHI,2019-03-08,False,,False,False,False,1162.1,165.9
CHI,2019-03-09,False,,False,False,False,886.1,219.7
CHI,2019-03-10,False,,False,False,False,1218.6,173.7
CHI,2019-03-11,False,,False,False,False,916.0,234.9
CHI,2019-03-12,False,,False,False,False,1019.1,138.6
CHI,2019-03-13,False,,False,False,False,957.2,159.8
CHI,2019-03-14,False,,False,False,False,1102.2,100.9
CHI,2019-03-15,False,,False,False,False,598.1,205.4
CHI,2019-03-16,False,,False,False,True,465.1,194.7
CHI,2019-03-17,False,,False,False,True,412.6,168.2
CHI,2019-03-18,False,,False,False,True,356.3,194.5
CHI,2019-03-19,False,,False,False,False,542.7,210.2
CHI,2019-03-20,False,,False,False,False,535.2,130.8
CHI,2019-03-21,False,,False,False,True,492.4,225.0
CHI,2019-03-22,False,,False,False,True,339.0,230.6
CHI,2019-03-23,False,,True,True,True,14.7,236.1
CHI,2019-03-24,False,,False,False,False,847.1,165.5
CHI,2019-03-25,False,,True,True,True,61.4,215.7
CHI,2019-03-26,False,,True,True,True,23.6,219.4
CHI,2019-03-27,False,,False,True,True,286.8,152.7
CHI,2019-03-28,False,,False,True,True,186.8,299.3
CHI,2019-03-29,False,,False,False,False,814.7,186.2
CHI,2019-03-30,False,,False,False,False,934.2,164.9
CHI,2019-03-31,False,,False,False,True,323.7,268.4
CHI,2019-04-01,False,,False,False,False,563.1,252.9
CHI,2019-04-02,True,light,True,True,True,0.0,0.0
CHI,2019-04-03,False,,False,False,True,375.6,168.5
CHI,2019-04-04,False,,False,False,False,746.1,124.3
CHI,2019-04-05,False,,False,False,True,348.9,263.4
CHI,2019-04-06,False,,False,True,True,154.5,300.3
CHI,2019-04-07,False,,False,False,False,858.3,240.6
CHI,2019-04-08,False,,True,True,True,53.9,328.6
CHI,2019-04-09,False,,True,True,True,96.8,170.8
CHI,2019-04-10,False,,False,False,True,362.3,150.7
CHI,2019-04-11,False,,False,False,False,691.4,228.2
CHI,2019-04-12,False,,False,False,False,530.6,214.1
CHI,2019-04-13,False,,False,True,True,150.9,72.8
CHI,2019-04-14,False,,False,False,True,422.2,254.7
CHI,2019-04-15,False,,False,True,True,285.2,248.9
CHI,2019-04-16,False,,False,False,True,373.5,155.8
CHI,2019-04-17,False,,False,False,False,763.5,149.6
CHI,2019-04-18,False,,False,False,False,658.0,122.6
CHI,2019-04-19,False,,False,True,True,207.0,293.6
CHI,2019-04-20,False,,True,True,True,31.1,271.9
CHI,2019-04-21,False,,False,True,True,124.6,326.8
CHI,2019-04-22,False,,False,False,False,743.4,187.8
CHI,2019-04-23,False,,True,True,True,55.5,296.5
CHI,2019-04-24,False,,False,True,True,155.5,317.9
CHI,2019-04-25,False,,False,True,True,258.4,34.6
CHI,2019-04-26,False,,True,True,True,64.9,48.7
CHI,2019-04-27,False,,False,False,True,430.8,232.6
CHI,2019-04-28,False,,False,True,True,200.4,337.8
CHI,2019-04-29,False,,False,False,False,528.9,275.7
CHI,2019-04-30,False,,False,False,False,759.9,135.6
CHI,2019-05-01,False,,False,False,False,886.6,195.0
CHI,2019-05-02,False,,False,False,False,568.4,279.2
CHI,2019-05-03,False,,False,False,True,487.1,282.2
CHI,2019-05-04,False,,False,True,True,265.9,35.1
CHI,2019-05-05,False,,True,True,True,89.8,141.4
CHI,2019-05-06,False,,False,False,False,557.7,321.8
CHI,2019-05-07,False,,False,False,True,480.1,31.9
CHI,2019-05-08,False,,False,False,False,973.8,96.1
CHI,2019-05-09,False,,False,False,False,801.1,169.9
CHI,2019-05-10,False,,False,False,True,448.0,284.4
CHI,2019-05-11,False,,False,False,False,953.3,305.4
CHI,2019-05-12,False,,False,False,False,1235.4,181.2
CHI,2019-05-13,False,,False,False,False,733.7,299.6
CHI,2019-05-14,False,,False,False,False,570.9,197.8
CHI,2019-05-15,False,,False,True,True,172.5,273.0
CHI,2019-05-16,False,,False,False,True,488.9,177.4
CHI,2019-05-17,False,,False,False,False,1030.5,204.5
CHI,2019-05-18,False,,False,True,True,150.3,216.4
CHI,2019-05-19,False,,False,False,False,866.0,146.8
CHI,2019-05-20,False,,False,False,False,523.1,307.2
CHI,2019-05-21,False,,False,False,False,977.5,150.8
CHI,2019-05-22,False,,False,False,False,659.5,67.8
CHI,2019-05-23,False,,False,True,True,293.9,194.8
CHI,2019-05-24,True,light,True,True,True,0.0,0.0
CHI,2019-05-25,True,light,True,True,True,0.0,0.0
CHI,2019-05-26,False,,False,True,True,288.9,178.2
CHI,2019-05-27,False,,False,False,False,818.1,223.3
CHI,2019-05-28,False,,False,False,True,453.4,185.2
CHI,2019-05-29,False,,False,True,True,170.9,2.3
CHI,2019-05-30,True,light,True,True,True,0.0,0.0
CHI,2019-05-31,True,heavy,True,True,True,0.0,0.0
CHI,2019-06-01,True,heavy,True,True,True,0.0,0.0
CHI,2019-06-02,True,medium,True,True,True,0.0,0.0
CHI,2019-06-03,True,heavy,True,True,True,0.0,0.0
CHI,2019-06-04,True,light,True,True,True,0.0,0.0
CHI,2019-06-05,False,,True,True,True,22.4,15.8
CHI,2019-06-06,False,,False,False,False,684.8,302.6
CHI,2019-06-07,False,,False,False,True,395.5,350.9
CHI,2019-06-08,False,,False,True,True,148.0,338.3
CHI,2019-06-09,False,,False,False,False,800.2,37.1
CHI,2019-06-10,True,light,True,True,True,0.0,0.0
CHI,2019-06-11,True,light,True,True,True,0.0,0.0
CHI,2019-06-12,False,,False,False,True,486.7,292.6
CHI,2019-06-13,False,,False,False,False,566.4,193.5
CHI,2019-06-14,False,,False,False,False,532.5,32.3
CHI,2019-06-15,False,,True,True,True,63.5,346.0
CHI,2019-06-16,False,,False,False,False,1167.2,154.5
CHI,2019-06-17,False,,False,False,False,1019.3,138.1
CHI,2019-06-18,False,,False,False,False,548.7,194.7
CHI,2019-06-19,False,,False,False,False,725.4,318.7
CHI,2019-06-20,False,,False,False,False,1139.3,326.8
CHI,2019-06-21,False,,False,True,True,271.0,61.4
CHI,2019-06-22,False,,False,True,True,133.5,33.2
CHI,2019-06-23,False,,False,False,True,479.9,16.3
CHI,2019-06-24,False,,False,True,True,267.0,282.8
CHI,2019-06-25,True,light,True,True,True,0.0,0.0
CHI,2019-06-26,False,,False,False,True,343.4,184.7
CHI,2019-06-27,False,,False,False,False,624.0,290.9
CHI,2019-06-28,False,,False,True,True,272.1,181.8
CHI,2019-06-29,True,light,True,True,True,0.0,0.0
CHI,2019-06-30,True,light,True,True,True,0.0,0.0
CHI,2019-07-01,False,,False,False,False,549.5,199.8
CHI,2019-07-02,False,,False,False,True,413.1,191.0
CHI,2019-07-03,False,,False,False,True,371.4,46.3
CHI,2019-07-04,False,,False,False,False,658.2,27.5
CHI,2019-07-05,False,,False,False,True,382.3,81.0
CHI,2019-07-06,True,light,True,True,True,0.0,0.0
CHI,2019-07-07,True,light,True,True,True,0.0,0.0
CHI,2019-07-08,True,medium,True,True,True,0.0,0.0
CHI,2019-07-09,True,light,True,True,True,0.0,0.0
CHI,2019-07-10,True,light,True,True,True,0.0,0.0
CHI,2019-07-11,False,,False,True,True,115.3,314.6
CHI,2019-07-12,True,heavy,True,True,True,0.0,0.0
CHI,2019-07-13,False,,False,False,True,475.6,202.9
CHI,2019-07-14,False,,False,False,False,520.0,26.6
CHI,2019-07-15,False,,False,True,True,171.5,324.3
CHI,2019-07-16,False,,False,True,True,103.0,339.6
CHI,2019-07-17,False,,False,False,False,588.4,26.8
CHI,2019-07-18,False,,False,False,True,412.4,277.9
CHI,2019-07-19,False,,False,False,True,484.2,294.7
CHI,2019-07-20,True,light,True,True,True,0.0,0.0
CHI,2019-07-21,False,,False,False,True,331.7,359.6
CHI,2019-07-22,True,light,True,True,True,0.0,0.0
CHI,2019-07-23,True,medium,True,True,True,0.0,0.0
CHI,2019-07-24,True,light,True,True,True,0.0,0.0
CHI,2019-07-25,True,medium,True,True,True,0.0,0.0
CHI,2019-07-26,True,light,True,True,True,0.0,0.0
CHI,2019-07-27,True,medium,True,True,True,0.0,0.0
CHI,2019-07-28,True,light,True,True,True,0.0,0.0
CHI,2019-07-29,True,light,True,True,True,0.0,0.0
CHI,2019-07-30,True,light,True,True,True,0.0,0.0
CHI,2019-07-31,False,,True,True,True,88.3,61.6
CHI,2019-08-01,True,light,True,True,True,0.0,0.0
CHI,2019-08-02,True,light,True,True,True,0.0,0.0
CHI,2019-08-03,True,light,True,True,True,0.0,0.0
CHI,2019-08-04,True,medium,True,True,True,0.0,0.0
CHI,2019-08-05,False,,False,False,True,420.7,333.6
CHI,2019-08-06,False,,False,True,True,284.0,349.9
CHI,2019-08-07,False,,True,True,True,70.8,317.2
CHI,2019-08-08,True,light,True,True,True,0.0,0.0
CHI,2019-08-09,False,,True,True,True,9.9,219.2
CHI,2019-08-10,False,,False,False,True,493.0,351.8
CHI,2019-08-11,False,,False,False,False,709.5,1.1
CHI,2019-08-12,False,,False,False,False,698.9,0.5
CHI,2019-08-13,False,,False,False,False,628.3,18.8
CHI,2019-08-14,False,,False,False,False,574.8,199.5
CHI,2019-08-15,False,,False,False,False,567.7,337.4
CHI,2019-08-16,True,light,True,True,True,0.0,0.0
CHI,2019-08-17,False,,False,False,True,321.2,337.7
CHI,2019-08-18,False,,False,False,True,444.4,174.2
CHI,2019-08-19,False,,False,False,False,852.2,237.1
CHI,2019-08-20,False,,False,False,False,805.3,190.8
CHI,2019-08-21,False,,False,True,True,213.4,333.5
CHI,2019-08-22,False,,True,True,True,57.1,286.1
CHI,2019-08-23,False,,False,False,False,858.6,197.3
CHI,2019-08-24,False,,False,False,False,1180.4,331.0
CHI,2019-08-25,False,,False,False,False,1112.0,269.5
CHI,2019-08-26,False,,False,False,False,866.7,225.1
CHI,2019-08-27,False,,False,True,True,222.7,28.2
CHI,2019-08-28,True,light,True,True,True,0.0,0.0
CHI,2019-08-29,True,light,True,True,True,0.0,0.0
CHI,2019-08-30,False,,False,False,True,426.7,19.5
CHI,2019-08-31,False,,False,False,False,557.9,150.4
CHI,2019-09-01,True,light,True,True,True,0.0,0.0
CHI,2019-09-02,False,,False,False,True,394.4,236.0
CHI,2019-09-03,True,medium,True,True,True,0.0,0.0
CHI,2019-09-04,False,,False,True,True,189.7,186.8
CHI,2019-09-05,True,light,True,True,True,0.0,0.0
CHI,2019-09-06,False,,True,True,True,30.9,180.1
CHI,2019-09-07,False,,False,True,True,231.9,217.1
CHI,2019-09-08,False,,False,False,True,315.2,210.7
CHI,2019-09-09,False,,False,True,True,233.5,222.9
CHI,2019-09-10,False,,False,True,True,165.0,159.3
CHI,2019-09-11,False,,False,False,True,369.6,189.4
CHI,2019-09-12,False,,False,False,True,452.6,191.6
CHI,2019-09-13,False,,False,True,True,233.4,133.6
CHI,2019-09-14,False,,False,False,True,494.3,143.4
CHI,2019-09-15,False,,False,True,True,134.4,218.9
CHI,2019-09-16,False,,False,True,True,109.5,171.7
CHI,2019-09-17,False,,False,True,True,202.2,233.2
CHI,2019-09-18,False,,True,True,True,40.4,260.1
CHI,2019-09-19,False,,False,True,True,105.0,204.0
CHI,2019-09-20,True,light,True,True,True,0.0,0.0
CHI,2019-09-21,False,,True,True,True,54.4,64.4
CHI,2019-09-22,False,,False,False,True,486.0,179.2
CHI,2019-09-23,True,light,True,True,True,0.0,0.0
CHI,2019-09-24,False,,False,True,True,238.1,300.3
CHI,2019-09-25,False,,False,False,False,522.9,191.0
CHI,2019-09-26,False,,False,False,True,410.2,110.1
CHI,2019-09-27,False,,False,False,True,387.9,146.8
CHI,2019-09-28,False,,False,False,True,354.3,143.1
CHI,2019-09-29,False,,False,False,True,405.6,177.2
CHI,2019-09-30,False,,False,True,True,280.2,250.6
CHI,2019-10-01,False,,False,False,True,343.6,197.5
CHI,2019-10-02,False,,False,True,True,156.5,165.3
CHI,2019-10-03,False,,False,False,True,355.5,162.7
CHI,2019-10-04,False,,False,False,True,433.8,199.8
CHI,2019-10-05,False,,False,True,True,211.7,144.8
CHI,2019-10-06,False,,False,False,True,347.9,151.9
CHI,2019-10-07,False,,False,True,True,169.0,154.3
CHI,2019-10-08,False,,False,True,True,249.2,183.8
CHI,2019-10-09,False,,False,False,True,315.5,123.7
CHI,2019-10-10,False,,False,False,True,465.7,186.5
CHI,2019-10-11,False,,False,False,False,946.9,121.4
CHI,2019-10-12,False,,False,False,False,912.6,202.6
CHI,2019-10-13,True,light,True,True,True,0.0,0.0
CHI,2019-10-14,False,,False,False,True,451.1,193.7
CHI,2019-10-15,False,,False,False,False,620.4,268.5
CHI,2019-10-16,False,,False,False,False,561.7,199.7
CHI,2019-10-17,False,,False,False,False,588.7,253.6
CHI,2019-10-18,False,,False,False,True,413.9,189.9
CHI,2019-10-19,False,,False,False,True,429.9,155.8
CHI,2019-10-20,False,,False,False,True,385.3,115.5
CHI,2019-10-21,False,,False,False,False,623.9,127.9
CHI,2019-10-22,False,,False,False,True,338.7,183.4
CHI,2019-10-23,False,,False,False,False,514.2,175.4
CHI,2019-10-24,False,,False,False,True,484.5,174.7
CHI,2019-10-25,False,,False,False,True,339.5,322.8
CHI,2019-10-26,False,,False,False,False,843.0,43.1
CHI,2019-10-27,False,,False,False,False,1246.3,225.3
CHI,2019-10-28,False,,False,False,True,317.8,306.0
CHI,2019-10-29,False,,False,False,False,1251.7,200.4
CHI,2019-10-30,False,,False,False,False,1756.9,161.9
CHI,2019-10-31,False,,False,False,False,637.8,309.1
CHI,2019-11-01,False,,False,False,False,629.9,212.0
CHI,2019-11-02,False,,False,False,False,670.5,114.2
CHI,2019-11-03,False,,False,False,False,702.7,203.6
CHI,2019-11-04,False,,False,False,False,596.5,194.7
CHI,2019-11-05,False,,False,False,False,642.8,195.1
CHI,2019-11-06,False,,False,False,False,648.7,163.3
CHI,2019-11-07,False,,False,False,True,408.7,255.5
CHI,2019-11-08,False,,False,False,True,397.8,221.4
CHI,2019-11-09,False,,False,False,False,628.0,233.0
CHI,2019-11-10,False,,False,False,False,621.9,149.9
CHI,2019-11-11,False,,False,False,False,784.8,136.5
CHI,2019-11-12,False,,False,False,False,1526.4,266.8
CHI,2019-11-13,False,,False,False,False,817.2,211.1
CHI,2019-11-14,False,,False,False,False,753.8,229.5
CHI,2019-11-15,False,,False,False,False,633.3,118.0
CHI,2019-11-16,False,,False,False,False,604.1,213.8
CHI,2019-11-17,False,,False,False,False,818.9,231.4
CHI,2019-11-18,False,,False,False,False,926.9,205.8
CHI,2019-11-19,False,,False,False,False,565.4,228.0
CHI,2019-11-20,False,,False,False,False,735.1,165.2
CHI,2019-11-21,False,,False,False,False,947.0,155.1
CHI,2019-11-22,False,,False,False,True,484.3,271.5
CHI,2019-11-23,False,,False,False,False,802.6,252.3
CHI,2019-11-24,False,,False,False,False,1017.0,220.0
CHI,2019-11-25,False,,False,False,False,703.1,161.3
CHI,2019-11-26,False,,False,False,False,971.2,154.2
CHI,2019-11-27,False,,False,False,False,1204.2,203.8
CHI,2019-11-28,False,,False,False,False,1055.7,157.2
CHI,2019-11-29,False,,False,False,False,772.0,116.0
CHI,2019-11-30,False,,False,False,False,1055.4,164.5
CHI,2019-12-01,False,,False,False,False,1376.1,195.1
CHI,2019-12-02,False,,False,False,False,596.9,248.2
CHI,2019-12-03,False,,False,False,False,901.0,116.8
CHI,2019-12-04,False,,False,False,False,808.7,217.6
CHI,2019-12-05,False,,False,False,True,389.2,263.8
CHI,2019-12-06,False,,True,True,True,42.1,263.6
CHI,2019-12-07,False,,False,False,False,536.6,235.5
CHI,2019-12-08,False,,False,False,False,1014.7,160.9
CHI,2019-12-09,False,,False,False,False,1435.3,215.5
CHI,2019-12-10,False,,False,False,False,587.3,230.4
CHI,2019-12-11,False,,False,False,True,489.3,210.1
CHI,2019-12-12,False,,False,False,True,482.1,222.0
CHI,2019-12-13,False,,False,False,True,473.6,240.9
CHI,2019-12-14,False,,False,False,False,1161.4,164.7
CHI,2019-12-15,False,,False,False,False,1208.8,157.1
CHI,2019-12-16,False,,False,False,False,1069.2,155.0
CHI,2019-12-17,False,,False,False,False,1090.0,217.4
CHI,2019-12-18,False,,False,False,False,715.6,207.1
CHI,2019-12-19,False,,False,False,False,804.1,206.9
CHI,2019-12-20,False,,False,False,False,804.5,241.8
CHI,2019-12-21,False,,False,False,False,543.6,220.5
CHI,2019-12-22,False,,False,False,False,997.7,211.3
CHI,2019-12-23,False,,False,False,False,677.7,230.7
CHI,2019-12-24,False,,False,False,False,853.1,205.0
CHI,2019-12-25,False,,False,False,False,508.0,221.6
CHI,2019-12-26,False,,False,False,False,826.2,264.2
CHI,2019-12-27,False,,False,False,False,2707.8,256.9
CHI,2019-12-28,False,,False,False,False,574.6,130.5
CHI,2019-12-29,False,,False,False,False,2585.5,301.5
CHI,2019-12-30,False,,False,False,False,943.4,140.4
CHI,2019-12-31,False,,False,False,False,827.4,205.1
CHI,2020-01-01,False,,False,False,False,1429.0,163.3
CHI,2020-01-02,False,,False,False,False,1252.3,168.0
CHI,2020-01-03,False,,False,False,False,1180.1,228.0
CHI,2020-01-04,False,,False,False,False,671.1,213.7
CHI,2020-01-05,False,,False,False,True,403.4,233.4
CHI,2020-01-06,False,,False,False,False,667.4,203.9
CHI,2020-01-07,False,,False,False,False,540.3,239.7
CHI,2020-01-08,False,,False,False,True,313.3,154.5
CHI,2020-01-09,False,,False,False,False,972.9,179.2
CHI,2020-01-10,False,,False,False,False,1179.7,167.6
CHI,2020-01-11,False,,False,False,False,1465.7,202.2
CHI,2020-01-12,False,,False,False,False,1640.3,209.2
CHI,2020-01-13,False,,False,False,False,1300.3,232.5
CHI,2020-01-14,False,,False,False,False,1006.8,238.6
CHI,2020-01-15,False,,False,False,False,1194.1,155.9
CHI,2020-01-16,False,,False,False,False,1192.1,155.5
CHI,2020-01-17,False,,False,False,False,1014.2,139.4
CHI,2020-01-18,False,,False,False,False,1070.0,237.1
CHI,2020-01-19,False,,False,False,False,986.1,243.1
CHI,2020-01-20,False,,False,False,False,855.0,226.2
CHI,2020-01-21,False,,False,False,False,520.2,132.0
CHI,2020-01-22,False,,False,False,False,926.4,156.9
CHI,2020-01-23,False,,False,False,False,1154.4,257.7
CHI,2020-01-24,False,,False,False,False,1333.2,190.6
CHI,2020-01-25,False,,False,False,False,909.3,152.0
CHI,2020-01-26,False,,False,False,False,927.0,242.1
CHI,2020-01-27,False,,False,False,False,689.1,231.2
CHI,2020-01-28,False,,False,False,False,982.4,151.7
CHI,2020-01-29,False,,False,False,False,816.2,136.5
CHI,2020-01-30,False,,False,False,False,836.4,170.3
CHI,2020-01-31,False,,False,False,False,878.0,250.2
CHI,2020-02-01,False,,False,False,False,720.4,208.9
CHI,2020-02-02,False,,False,False,False,589.6,207.1
CHI,2020-02-03,False,,False,False,False,771.5,180.9
CHI,2020-02-04,False,,False,False,False,1073.8,151.6
CHI,2020-02-05,False,,False,False,False,1201.9,155.0
CHI,2020-02-06,False,,False,False,False,738.3,235.4
CHI,2020-02-07,False,,False,False,False,792.9,244.5
CHI,2020-02-08,False,,False,False,False,668.5,246.6
CHI,2020-02-09,False,,False,False,False,1044.1,111.4
CHI,2020-02-10,False,,False,False,False,630.8,243.8
CHI,2020-02-11,False,,False,False,False,635.0,255.2
CHI,2020-02-12,False,,False,False,False,1114.5,147.4
CHI,2020-02-13,False,,False,False,False,833.7,275.4
CHI,2020-02-14,False,,False,False,False,730.0,206.6
CHI,2020-02-15,False,,False,False,False,773.4,265.3
CHI,2020-02-16,False,,False,False,False,679.1,231.4
CHI,2020-02-17,False,,False,False,False,613.4,256.2
CHI,2020-02-18,False,,False,False,False,723.8,253.6
CHI,2020-02-19,False,,False,False,False,2158.0,165.4
CHI,2020-02-20,False,,False,False,True,406.4,209.2
CHI,2020-02-21,False,,False,False,True,349.3,165.2
CHI,2020-02-22,False,,False,True,True,217.9,202.9
CHI,2020-02-23,False,,False,False,True,309.6,195.2
CHI,2020-02-24,False,,False,False,False,1132.6,102.6
CHI,2020-02-25,False,,False,False,False,1334.6,206.1
CHI,2020-02-26,False,,False,False,False,766.0,119.2
CHI,2020-02-27,False,,False,False,False,728.5,203.3
CHI,2020-02-28,False,,False,False,False,667.9,260.2
CHI,2020-02-29,False,,False,False,True,450.6,193.1
CHI,2020-03-01,False,,False,False,False,713.3,171.7
CHI,2020-03-02,False,,False,False,False,609.6,249.9
CHI,2020-03-03,False,,False,False,True,434.5,243.1
CHI,2020-03-04,False,,True,True,True,20.4,228.5
CHI,2020-03-05,False,,False,False,True,401.7,172.8
CHI,2020-03-06,False,,True,True,True,43.1,251.5
CHI,2020-03-07,False,,True,True,True,41.1,270.0
CHI,2020-03-08,True,light,True,True,True,0.0,0.0
CHI,2020-03-09,False,,False,False,False,794.7,122.1
CHI,2020-03-10,False,,False,False,False,658.2,205.2
CHI,2020-03-11,False,,False,False,True,455.5,260.5
CHI,2020-03-12,False,,False,False,False,962.4,220.1
CHI,2020-03-13,False,,False,False,True,499.4,269.0
CHI,2020-03-14,False,,False,False,False,1046.3,170.2
CHI,2020-03-15,False,,False,True,True,121.8,84.1
CHI,2020-03-16,False,,False,False,False,1008.1,183.3
CHI,2020-03-17,False,,False,True,True,107.8,327.0
CHI,2020-03-18,False,,False,False,False,1013.7,158.1
CHI,2020-03-19,False,,False,False,False,982.3,159.8
CHI,2020-03-20,False,,False,False,False,538.2,242.1
CHI,2020-03-21,False,,False,False,True,417.5,82.2
CHI,2020-03-22,False,,False,False,False,1001.1,254.9
CHI,2020-03-23,False,,False,False,False,835.6,246.4
CHI,2020-03-24,False,,False,False,True,357.3,251.8
CHI,2020-03-25,False,,False,True,True,192.3,96.6
CHI,2020-03-26,False,,False,False,False,682.3,206.3
CHI,2020-03-27,False,,False,False,False,804.6,143.6
CHI,2020-03-28,False,,False,False,False,993.0,138.7
CHI,2020-03-29,False,,False,False,False,527.0,229.4
CHI,2020-03-30,False,,False,True,True,175.6,269.6
CHI,2020-03-31,False,,False,False,True,336.9,250.8
CHI,2020-04-01,False,,False,True,True,166.8,276.8
CHI,2020-04-02,False,,False,True,True,207.9,98.4
CHI,2020-04-03,False,,False,False,False,500.6,126.7
CHI,2020-04-04,False,,False,True,True,105.8,273.7
CHI,2020-04-05,False,,True,True,True,74.0,189.5
CHI,2020-04-06,False,,False,False,False,742.8,254.2
CHI,2020-04-07,False,,True,True,True,65.5,178.1
CHI,2020-04-08,False,,False,True,True,241.8,159.9
CHI,2020-04-09,False,,False,True,True,209.1,178.1
CHI,2020-04-10,False,,False,True,True,258.7,189.4
CHI,2020-04-11,False,,False,False,True,456.3,259.4
CHI,2020-04-12,False,,False,False,False,1188.3,186.3
CHI,2020-04-13,False,,False,False,False,716.5,254.3
CHI,2020-04-14,False,,False,False,False,765.1,244.9
CHI,2020-04-15,False,,False,False,False,739.9,231.2
CHI,2020-04-16,False,,False,False,False,567.0,210.6
CHI,2020-04-17,False,,False,False,False,673.2,161.0
CHI,2020-04-18,False,,False,False,False,719.8,245.4
CHI,2020-04-19,False,,False,True,True,114.2,295.2
CHI,2020-04-20,False,,False,False,False,738.7,245.4
CHI,2020-04-21,False,,True,True,True,88.5,314.8
CHI,2020-04-22,False,,False,False,False,632.9,294.9
CHI,2020-04-23,False,,False,False,False,724.1,231.6
CHI,2020-04-24,False,,False,False,False,790.7,301.3
CHI,2020-04-25,False,,False,False,False,935.6,248.9
CHI,2020-04-26,False,,False,False,False,722.2,207.7
CHI,2020-04-27,False,,False,False,False,755.1,249.1
CHI,2020-04-28,False,,False,False,False,951.6,153.4
CHI,2020-04-29,False,,False,False,False,875.9,308.1
CHI,2020-04-30,False,,False,True,True,193.3,291.7
CHI,2020-05-01,False,,False,False,True,460.4,271.9
CHI,2020-05-02,False,,False,False,False,601.3,308.3
CHI,2020-05-03,True,light,True,True,True,0.0,0.0
CHI,2020-05-04,False,,False,False,False,727.9,328.5
CHI,2020-05-05,False,,False,False,False,1182.4,187.3
CHI,2020-05-06,False,,False,False,False,1012.8,314.8
CHI,2020-05-07,False,,False,False,False,999.0,151.9
CHI,2020-05-08,False,,False,False,False,554.4,293.1
CHI,2020-05-09,False,,False,True,True,252.6,226.4
CHI,2020-05-10,False,,False,False,False,737.8,246.0
CHI,2020-05-11,False,,False,False,True,491.0,274.9
CHI,2020-05-12,False,,False,False,False,808.7,302.6
CHI,2020-05-13,False,,False,False,False,1115.2,152.8
CHI,2020-05-14,False,,False,False,False,705.1,272.6
CHI,2020-05-15,False,,False,False,False,789.0,300.0
CHI,2020-05-16,False,,False,False,False,969.5,116.4
CHI,2020-05-17,False,,False,False,False,607.6,337.0
CHI,2020-05-18,False,,False,False,False,696.5,9.6
CHI,2020-05-19,False,,False,False,False,670.6,4.6
CHI,2020-05-20,False,,False,False,False,951.5,314.5
CHI,2020-05-21,False,,False,True,True,282.3,43.8
CHI,2020-05-22,False,,False,False,False,792.1,71.9
CHI,2020-05-23,False,,False,False,False,897.2,302.4
CHI,2020-05-24,False,,False,False,False,1603.0,306.4
CHI,2020-05-25,False,,False,False,False,1134.4,313.4
CHI,2020-05-26,False,,False,True,True,167.6,169.8
CHI,2020-05-27,False,,False,False,False,774.7,313.0
CHI,2020-05-28,False,,False,False,False,799.1,305.9
CHI,2020-05-29,False,,False,False,False,702.0,294.4
CHI,2020-05-30,False,,False,False,True,315.1,282.1
CHI,2020-05-31,False,,False,True,True,278.8,124.8
CHI,2020-06-01,False,,False,False,False,954.8,305.9
CHI,2020-06-02,False,,False,False,False,578.1,195.4
CHI,2020-06-03,False,,False,False,False,980.4,303.6
CHI,2020-06-04,False,,False,False,False,834.6,312.8
CHI,2020-06-05,False,,False,False,False,998.9,214.7
CHI,2020-06-06,False,,True,True,True,95.8,94.2
CHI,2020-06-07,False,,False,False,False,1170.8,253.2
CHI,2020-06-08,False,,False,False,False,679.4,287.1
CHI,2020-06-09,False,,False,False,False,960.9,223.8
CHI,2020-06-10,False,,False,False,False,926.3,122.1
CHI,2020-06-11,False,,False,False,False,659.2,194.9
CHI,2020-06-12,False,,False,True,True,293.0,205.8
CHI,2020-06-13,False,,False,False,False,579.5,192.8
CHI,2020-06-14,True,light,True,True,True,0.0,0.0
CHI,2020-06-15,True,light,True,True,True,0.0,0.0
CHI,2020-06-16,True,light,True,True,True,0.0,0.0
CHI,2020-06-17,True,light,True,True,True,0.0,0.0
CHI,2020-06-18,True,light,True,True,True,0.0,0.0
CHI,2020-06-19,True,light,True,True,True,0.0,0.0
CHI,2020-06-20,False,,True,True,True,30.4,111.8
CHI,2020-06-21,False,,False,False,False,1133.1,243.1
CHI,2020-06-22,False,,False,False,False,971.6,230.9
CHI,2020-06-23,False,,False,False,False,906.7,309.3
CHI,2020-06-24,False,,False,False,False,560.7,199.3
CHI,2020-06-25,False,,False,False,True,469.0,170.8
CHI,2020-06-26,False,,False,False,True,388.8,268.3
CHI,2020-06-27,False,,False,False,False,1140.4,122.4
CHI,2020-06-28,False,,False,False,False,1582.5,254.8
CHI,2020-06-29,False,,False,False,False,969.2,252.0
CHI,2020-06-30,False,,False,False,True,407.2,34.0
CHI,2020-07-01,False,,False,False,False,934.8,227.2
CHI,2020-07-02,False,,False,False,True,403.6,115.7
CHI,2020-07-03,False,,False,False,False,640.4,43.5
CHI,2020-07-04,False,,False,False,False,723.7,37.3
CHI,2020-07-05,False,,False,False,False,1351.7,341.1
CHI,2020-07-06,False,,True,True,True,86.6,244.2
CHI,2020-07-07,False,,False,False,False,608.3,226.2
CHI,2020-07-08,False,,False,False,False,609.0,180.0
CHI,2020-07-09,False,,False,False,False,986.1,250.7
CHI,2020-07-10,False,,False,False,False,1035.0,209.9
CHI,2020-07-11,False,,False,False,False,1080.9,215.3
CHI,2020-07-12,False,,False,False,False,1248.1,174.5
CHI,2020-07-13,False,,False,False,True,352.0,139.5
CHI,2020-07-14,False,,False,False,False,710.1,271.0
CHI,2020-07-15,False,,False,False,False,949.7,126.1
CHI,2020-07-16,False,,False,True,True,223.4,228.2
CHI,2020-07-17,True,light,True,True,True,0.0,0.0
CHI,2020-07-18,False,,False,False,True,468.0,168.3
CHI,2020-07-19,False,,False,False,False,983.2,237.7
CHI,2020-07-20,False,,False,False,False,808.6,262.1
CHI,2020-07-21,False,,False,False,False,769.2,213.9
CHI,2020-07-22,False,,False,False,False,909.6,244.9
CHI,2020-07-23,False,,False,False,False,903.2,246.1
CHI,2020-07-24,False,,False,False,False,855.8,254.8
CHI,2020-07-25,False,,False,False,False,539.3,262.6
CHI,2020-07-26,False,,False,False,False,827.5,214.2
CHI,2020-07-27,False,,False,False,False,1001.8,300.4
CHI,2020-07-28,False,,False,False,False,828.5,208.9
CHI,2020-07-29,False,,False,False,True,489.6,342.0
CHI,2020-07-30,False,,False,True,True,200.2,18.9
CHI,2020-07-31,False,,False,True,True,260.5,17.2
CHI,2020-08-01,False,,False,False,False,673.6,41.9
CHI,2020-08-02,False,,False,False,True,350.8,282.8
CHI,2020-08-03,False,,False,False,False,822.5,229.2
CHI,2020-08-04,False,,False,False,False,785.2,231.6
CHI,2020-08-05,False,,False,True,True,237.9,26.7
CHI,2020-08-06,False,,False,False,False,568.1,31.5
CHI,2020-08-07,False,,False,False,False,954.9,169.9
CHI,2020-08-08,False,,False,False,False,810.2,302.8
CHI,2020-08-09,False,,True,True,True,41.7,237.3
CHI,2020-08-10,False,,False,False,False,653.9,198.8
CHI,2020-08-11,False,,False,True,True,180.7,7.6
CHI,2020-08-12,False,,True,True,True,48.2,286.2
CHI,2020-08-13,True,light,True,True,True,0.0,0.0
CHI,2020-08-14,True,light,True,True,True,0.0,0.0
CHI,2020-08-15,False,,False,True,True,164.8,200.4
CHI,2020-08-16,False,,False,False,False,775.6,210.0
CHI,2020-08-17,False,,False,False,False,544.2,173.4
CHI,2020-08-18,False,,False,False,False,632.5,177.8
CHI,2020-08-19,False,,False,True,True,153.0,202.6
CHI,2020-08-20,False,,False,True,True,253.9,209.3
CHI,2020-08-21,False,,False,True,True,222.5,339.3
CHI,2020-08-22,True,light,True,True,True,0.0,0.0
CHI,2020-08-23,True,light,True,True,True,0.0,0.0
CHI,2020-08-24,True,medium,True,True,True,0.0,0.0
CHI,2020-08-25,True,medium,True,True,True,0.0,0.0
CHI,2020-08-26,True,medium,True,True,True,0.0,0.0
CHI,2020-08-27,True,medium,True,True,True,0.0,0.0
CHI,2020-08-28,True,light,True,True,True,0.0,0.0
CHI,2020-08-29,True,light,True,True,True,0.0,0.0
CHI,2020-08-30,False,,False,False,True,311.6,258.8
CHI,2020-08-31,True,light,True,True,True,0.0,0.0
CHI,2020-09-01,False,,False,False,True,419.3,282.1
CHI,2020-09-02,False,,False,False,False,1267.7,284.8
CHI,2020-09-03,True,light,True,True,True,0.0,0.0
CHI,2020-09-04,True,light,True,True,True,0.0,0.0
CHI,2020-09-05,True,medium,True,True,True,0.0,0.0
CHI,2020-09-06,False,,True,True,True,32.6,288.4
CHI,2020-09-07,True,medium,True,True,True,0.0,0.0
CHI,2020-09-08,False,,False,True,True,148.3,221.8
CHI,2020-09-09,False,,True,True,True,24.5,134.6
CHI,2020-09-10,False,,False,True,True,192.2,306.8
CHI,2020-09-11,True,light,True,True,True,0.0,0.0
CHI,2020-09-12,True,heavy,True,True,True,0.0,0.0
CHI,2020-09-13,True,medium,True,True,True,0.0,0.0
CHI,2020-09-14,True,heavy,True,True,True,0.0,0.0
CHI,2020-09-15,True,heavy,True,True,True,0.0,0.0
CHI,2020-09-16,True,heavy,True,True,True,0.0,0.0
CHI,2020-09-17,True,heavy,True,True,True,0.0,0.0
CHI,2020-09-18,True,light,True,True,True,0.0,0.0
CHI,2020-09-19,True,light,True,True,True,0.0,0.0
CHI,2020-09-20,True,medium,True,True,True,0.0,0.0
CHI,2020-09-21,True,heavy,True,True,True,0.0,0.0
CHI,2020-09-22,True,heavy,True,True,True,0.0,0.0
CHI,2020-09-23,True,light,True,True,True,0.0,0.0
CHI,2020-09-24,True,light,True,True,True,0.0,0.0
CHI,2020-09-25,True,light,True,True,True,0.0,0.0
CHI,2020-09-26,True,medium,True,True,True,0.0,0.0
CHI,2020-09-27,True,light,True,True,True,0.0,0.0
CHI,2020-09-28,False,,False,True,True,169.0,115.2
CHI,2020-09-29,False,,False,False,False,628.1,230.0
CHI,2020-09-30,False,,False,False,True,441.3,236.8
CHI,2020-10-01,False,,False,False,False,500.9,205.0
CHI,2020-10-02,False,,False,False,False,660.4,238.2
CHI,2020-10-03,False,,False,True,True,284.2,170.3
CHI,2020-10-04,False,,False,True,True,121.5,264.6
CHI,2020-10-05,True,light,True,True,True,0.0,0.0
CHI,2020-10-06,True,medium,True,True,True,0.0,0.0
CHI,2020-10-07,True,light,True,True,True,0.0,0.0
CHI,2020-10-08,False,,True,True,True,43.1,238.0
CHI,2020-10-09,True,light,True,True,True,0.0,0.0
CHI,2020-10-10,True,light,True,True,True,0.0,0.0
CHI,2020-10-11,True,medium,True,True,True,0.0,0.0
CHI,2020-10-12,True,light,True,True,True,0.0,0.0
CHI,2020-10-13,False,,False,False,True,473.5,195.3
CHI,2020-10-14,True,light,True,True,True,0.0,0.0
CHI,2020-10-15,False,,False,False,True,365.8,137.6
CHI,2020-10-16,False,,False,False,True,348.8,161.4
CHI,2020-10-17,False,,True,True,True,58.2,104.1
CHI,2020-10-18,False,,False,False,False,820.1,142.8
CHI,2020-10-19,False,,False,False,False,808.6,183.4
CHI,2020-10-20,False,,False,False,False,679.2,163.2
CHI,2020-10-21,False,,False,False,True,434.6,173.4
CHI,2020-10-22,False,,False,False,False,616.2,198.3
CHI,2020-10-23,False,,False,False,True,324.4,243.9
CHI,2020-10-24,True,light,True,True,True,0.0,0.0
CHI,2020-10-25,False,,False,True,True,103.9,81.1
CHI,2020-10-26,False,,False,False,False,1796.5,161.2
CHI,2020-10-27,False,,False,False,False,1043.2,156.2
CHI,2020-10-28,False,,False,False,False,2457.1,233.4
CHI,2020-10-29,False,,False,False,False,980.6,349.3
CHI,2020-10-30,False,,False,False,False,1081.8,165.3
CHI,2020-10-31,False,,False,False,False,502.4,283.2
CHI,2020-11-01,False,,False,False,True,308.6,317.9
CHI,2020-11-02,False,,False,True,True,188.4,213.7
CHI,2020-11-03,False,,False,False,True,310.1,203.1
CHI,2020-11-04,False,,False,False,True,459.1,310.6
CHI,2020-11-05,False,,True,True,True,22.3,330.9
CHI,2020-11-06,False,,True,True,True,59.5,337.1
CHI,2020-11-07,False,,False,True,True,126.2,281.6
CHI,2020-11-08,False,,False,True,True,250.0,152.8
CHI,2020-11-09,False,,False,False,True,364.6,138.3
CHI,2020-11-10,False,,False,False,False,781.3,99.5
CHI,2020-11-11,False,,False,False,False,562.6,196.6
CHI,2020-11-12,False,,False,True,True,101.6,292.4
CHI,2020-11-13,False,,False,False,False,701.8,196.0
CHI,2020-11-14,False,,False,False,False,796.4,81.7
CHI,2020-11-15,False,,False,False,False,632.0,226.6
CHI,2020-11-16,False,,False,False,False,776.6,245.2
CHI,2020-11-17,False,,False,False,False,728.6,165.9
CHI,2020-11-18,False,,False,False,False,572.5,240.1
CHI,2020-11-19,False,,False,False,True,305.5,167.2
CHI,2020-11-20,False,,False,False,False,575.5,141.7
CHI,2020-11-21,False,,False,False,False,862.0,121.8
CHI,2020-11-22,False,,False,False,False,686.6,246.7
CHI,2020-11-23,False,,False,False,False,849.3,150.2
CHI,2020-11-24,False,,False,False,False,891.5,177.7
CHI,2020-11-25,False,,False,False,False,1162.9,161.2
CHI,2020-11-26,False,,False,False,False,1722.7,161.7
CHI,2020-11-27,False,,False,False,False,1114.8,150.8
CHI,2020-11-28,False,,False,False,False,966.5,304.2
CHI,2020-11-29,False,,False,False,False,1740.4,161.6
CHI,2020-11-30,False,,False,False,False,1118.9,232.1
CHI,2020-12-01,False,,False,False,False,541.5,234.1
CHI,2020-12-02,False,,False,False,False,1092.6,158.1
CHI,2020-12-03,False,,False,False,False,1069.9,307.7
CHI,2020-12-04,False,,False,False,False,807.7,290.0
CHI,2020-12-05,False,,False,False,True,311.7,257.2
CHI,2020-12-06,False,,False,False,False,585.3,239.4
CHI,2020-12-07,False,,False,False,False,682.2,202.8
CHI,2020-12-08,False,,False,False,False,678.1,267.8
CHI,2020-12-09,False,,True,True,True,17.8,265.4
CHI,2020-12-10,True,light,True,True,True,0.0,0.0
CHI,2020-12-11,False,,False,False,False,773.5,126.8
CHI,2020-12-12,False,,False,False,False,1091.6,163.2
CHI,2020-12-13,False,,False,False,False,1731.6,160.3
CHI,2020-12-14,False,,False,False,False,615.5,245.1
CHI,2020-12-15,False,,False,False,False,1284.8,171.1
CHI,2020-12-16,False,,False,False,False,1508.9,214.4
CHI,2020-12-17,False,,False,False,False,1259.5,197.3
CHI,2020-12-18,False,,False,False,False,1232.3,195.9
CHI,2020-12-19,False,,False,False,False,539.1,243.0
CHI,2020-12-20,False,,False,False,False,1666.5,161.6
CHI,2020-12-21,False,,False,False,True,360.9,203.2
CHI,2020-12-22,False,,False,False,True,451.6,220.2
CHI,2020-12-23,False,,False,False,False,1053.9,223.6
CHI,2020-12-24,False,,False,False,False,882.5,233.5
CHI,2020-12-25,False,,False,False,False,1317.6,192.9
CHI,2020-12-26,False,,False,False,False,1240.2,194.7
CHI,2020-12-27,False,,False,False,False,1129.7,156.5
CHI,2020-12-28,False,,False,False,False,552.6,252.2
CHI,2020-12-29,False,,False,False,False,1014.8,155.5
CHI,2020-12-30,False,,False,False,False,1070.7,179.5
CHI,2020-12-31,False,,False,False,False,1708.3,160.8
CHI,2021-01-01,False,,False,False,False,1688.3,161.0
CHI,2021-01-02,False,,False,False,False,1441.3,201.1
CHI,2021-01-03,False,,False,False,False,1296.3,214.8
CHI,2021-01-04,False,,False,False,False,995.1,170.3
CHI,2021-01-05,False,,False,False,False,875.5,179.0
CHI,2021-01-06,False,,False,False,False,1358.3,165.9
CHI,2021-01-07,False,,False,False,False,1590.9,205.0
CHI,2021-01-08,False,,False,False,False,1183.6,222.3
CHI,2021-01-09,False,,False,False,False,1225.8,183.8
CHI,2021-01-10,False,,False,False,False,1728.0,160.9
CHI,2021-01-11,False,,False,False,False,709.1,228.3
CHI,2021-01-12,False,,False,False,True,456.3,213.9
CHI,2021-01-13,False,,False,False,False,1412.9,216.5
CHI,2021-01-14,False,,False,False,False,1058.5,153.0
CHI,2021-01-15,False,,False,False,False,1184.6,184.0
CHI,2021-01-16,False,,False,False,False,807.9,217.0
CHI,2021-01-17,False,,False,False,False,919.8,166.9
CHI,2021-01-18,False,,False,False,False,850.6,183.5
CHI,2021-01-19,False,,False,False,False,797.8,203.4
CHI,2021-01-20,False,,False,False,False,829.3,146.2
CHI,2021-01-21,False,,False,False,False,587.8,244.1
CHI,2021-01-22,False,,False,False,True,340.1,218.2
CHI,2021-01-23,False,,False,False,False,813.3,143.3
CHI,2021-01-24,False,,False,False,False,1752.9,159.9
CHI,2021-01-25,False,,False,False,False,1492.5,160.9
CHI,2021-01-26,False,,False,False,False,1092.1,225.0
CHI,2021-01-27,False,,False,False,False,1124.0,222.7
CHI,2021-01-28,False,,False,False,False,1217.3,177.1
CHI,2021-01-29,False,,False,False,False,848.4,153.2
CHI,2021-01-30,False,,False,False,False,926.0,178.5
CHI,2021-01-31,False,,False,False,False,1234.8,225.0
CHI,2021-02-01,False,,False,False,False,1102.0,222.6
CHI,2021-02-02,False,,False,False,False,720.7,229.5
CHI,2021-02-03,False,,False,False,False,839.7,178.0
CHI,2021-02-04,False,,False,False,False,1194.8,175.6
CHI,2021-02-05,False,,False,False,False,815.6,204.6
CHI,2021-02-06,False,,False,False,False,1275.8,236.3
CHI,2021-02-07,False,,False,False,False,1248.4,208.4
CHI,2021-02-08,False,,False,False,False,967.8,178.6
CHI,2021-02-09,False,,False,False,False,1266.7,182.2
CHI,2021-02-10,False,,False,False,False,958.8,157.7
CHI,2021-02-11,False,,False,False,False,1643.9,163.8
CHI,2021-02-12,False,,False,False,False,1654.7,161.5
CHI,2021-02-13,False,,False,False,False,2639.3,200.4
CHI,2021-02-14,False,,False,False,False,1791.8,176.2
CHI,2021-02-15,False,,False,False,False,1712.3,161.0
CHI,2021-02-16,False,,False,False,False,1416.9,162.7
CHI,2021-02-17,False,,False,False,False,2242.7,192.6
CHI,2021-02-18,False,,False,False,False,1671.0,159.5
CHI,2021-02-19,False,,False,False,False,1189.7,187.6
CHI,2021-02-20,False,,False,False,False,981.3,178.2
CHI,2021-02-21,False,,False,False,False,826.3,169.2
CHI,2021-02-22,False,,False,False,False,791.4,240.5
CHI,2021-02-23,False,,False,False,False,834.3,176.5
CHI,2021-02-24,False,,False,False,False,738.8,177.6
CHI,2021-02-25,False,,False,False,False,554.2,213.3
CHI,2021-02-26,False,,False,False,False,891.7,246.6
CHI,2021-02-27,False,,False,False,False,1010.2,253.0
CHI,2021-02-28,False,,False,False,False,1653.1,164.6
CHI,2021-03-01,False,,False,False,False,651.6,227.2
CHI,2021-03-02,False,,False,False,True,489.9,221.9
CHI,2021-03-03,False,,False,True,True,251.9,218.6
CHI,2021-03-04,False,,False,True,True,176.2,219.2
CHI,2021-03-05,False,,True,True,True,92.4,169.6
CHI,2021-03-06,False,,False,True,True,123.3,225.4
CHI,2021-03-07,True,light,True,True,True,0.0,0.0
CHI,2021-03-08,False,,False,True,True,238.0,179.3
CHI,2021-03-09,False,,False,True,True,223.4,96.1
CHI,2021-03-10,False,,False,False,True,335.9,145.0
CHI,2021-03-11,False,,False,False,True,308.1,243.1
CHI,2021-03-12,False,,False,False,False,809.3,272.3
CHI,2021-03-13,False,,False,False,False,971.9,162.2
CHI,2021-03-14,False,,False,False,False,774.1,172.8
CHI,2021-03-15,False,,False,False,False,1135.4,146.3
CHI,2021-03-16,False,,False,False,False,811.1,241.9
CHI,2021-03-17,False,,False,False,False,970.4,317.6
CHI,2021-03-18,False,,False,False,False,1237.1,223.8
CHI,2021-03-19,False,,False,False,True,320.3,323.1
CHI,2021-03-20,False,,False,True,True,108.7,166.6
CHI,2021-03-21,False,,False,True,True,254.4,147.7
CHI,2021-03-22,False,,False,True,True,296.5,203.7
CHI,2021-03-23,False,,False,False,False,597.1,154.0
CHI,2021-03-24,False,,False,False,False,673.6,210.9
CHI,2021-03-25,False,,False,False,False,1011.0,152.9
CHI,2021-03-26,False,,False,False,False,736.5,173.7
CHI,2021-03-27,False,,False,False,False,551.6,196.3
CHI,2021-03-28,False,,False,False,True,494.1,272.8
CHI,2021-03-29,False,,True,True,True,47.5,272.9
CHI,2021-03-30,False,,False,True,True,299.1,153.0
CHI,2021-03-31,False,,False,False,False,572.8,214.5
CHI,2021-04-01,False,,True,True,True,30.5,298.9
CHI,2021-04-02,False,,True,True,True,26.1,82.1
CHI,2021-04-03,True,light,True,True,True,0.0,0.0
CHI,2021-04-04,True,light,True,True,True,0.0,0.0
CHI,2021-04-05,True,light,True,True,True,0.0,0.0
CHI,2021-04-06,False,,False,False,True,432.9,122.8
CHI,2021-04-07,True,light,True,True,True,0.0,0.0
CHI,2021-04-08,False,,False,True,True,159.7,63.5
CHI,2021-04-09,False,,False,False,False,766.2,90.6
CHI,2021-04-10,False,,False,False,False,715.0,288.3
CHI,2021-04-11,False,,False,False,True,349.4,264.5
CHI,2021-04-12,False,,False,True,True,265.1,180.5
CHI,2021-04-13,False,,False,False,True,353.4,232.4
CHI,2021-04-14,False,,False,False,True,361.8,227.0
CHI,2021-04-15,False,,False,False,True,376.6,247.4
CHI,2021-04-16,False,,True,True,True,72.8,247.8
CHI,2021-04-17,False,,False,True,True,194.5,299.9
CHI,2021-04-18,False,,False,False,True,356.7,278.2
CHI,2021-04-19,False,,True,True,True,65.8,159.6
CHI,2021-04-20,False,,False,False,True,349.1,184.5
CHI,2021-04-21,False,,False,True,True,201.1,47.1
CHI,2021-04-22,False,,False,True,True,261.5,36.4
CHI,2021-04-23,False,,False,False,False,1018.3,137.5
CHI,2021-04-24,False,,False,False,False,533.8,257.4
CHI,2021-04-25,False,,False,False,False,542.9,258.3
CHI,2021-04-26,False,,False,False,False,742.6,94.8
CHI,2021-04-27,True,light,True,True,True,0.0,0.0
CHI,2021-04-28,False,,True,True,True,3.1,335.3
CHI,2021-04-29,False,,False,False,False,587.9,278.7
CHI,2021-04-30,False,,True,True,True,84.6,286.6
CHI,2021-05-01,True,light,True,True,True,0.0,0.0
CHI,2021-05-02,False,,False,False,False,804.1,121.8
CHI,2021-05-03,False,,False,False,False,1035.9,297.4
CHI,2021-05-04,False,,False,False,True,422.6,271.8
CHI,2021-05-05,False,,False,False,False,796.0,243.2
CHI,2021-05-06,False,,False,False,False,781.0,246.6
CHI,2021-05-07,False,,False,False,True,444.1,274.1
CHI,2021-05-08,False,,False,False,False,596.4,243.5
CHI,2021-05-09,False,,False,False,False,993.6,302.6
CHI,2021-05-10,False,,False,True,True,141.4,273.6
CHI,2021-05-11,False,,True,True,True,54.9,207.5
CHI,2021-05-12,False,,False,False,True,367.0,282.3
CHI,2021-05-13,False,,False,False,True,419.0,43.0
CHI,2021-05-14,False,,False,False,False,501.1,211.0
CHI,2021-05-15,False,,False,False,True,420.7,45.4
CHI,2021-05-16,False,,False,False,False,603.4,46.4
CHI,2021-05-17,False,,False,True,True,161.2,346.7
CHI,2021-05-18,False,,False,True,True,290.1,32.3
CHI,2021-05-19,False,,False,False,False,931.5,107.8
CHI,2021-05-20,False,,False,False,False,694.7,93.0
CHI,2021-05-21,False,,False,False,False,659.7,124.0
CHI,2021-05-22,False,,False,False,False,1187.1,33.0
CHI,2021-05-23,False,,False,True,True,285.6,178.3
CHI,2021-05-24,False,,False,False,False,941.3,303.4
CHI,2021-05-25,False,,False,True,True,145.9,159.4
CHI,2021-05-26,False,,False,False,False,582.7,337.4
CHI,2021-05-27,False,,False,False,False,1123.9,131.3
CHI,2021-05-28,False,,False,False,False,869.9,308.3
CHI,2021-05-29,False,,False,False,True,403.0,290.9
CHI,2021-05-30,False,,False,False,False,1092.7,41.7
CHI,2021-05-31,False,,False,False,False,839.0,308.9
CHI,2021-06-01,True,light,True,True,True,0.0,0.0
CHI,2021-06-02,True,light,True,True,True,0.0,0.0
CHI,2021-06-03,False,,False,False,False,664.4,293.7
CHI,2021-06-04,False,,True,True,True,18.9,207.7
CHI,2021-06-05,False,,False,False,False,1445.5,326.5
CHI,2021-06-06,False,,False,False,False,1297.3,328.5
CHI,2021-06-07,False,,False,True,True,293.7,280.6
CHI,2021-06-08,False,,False,False,True,319.7,274.9
CHI,2021-06-09,True,light,True,True,True,0.0,0.0
CHI,2021-06-10,False,,True,True,True,14.2,340.0
CHI,2021-06-11,True,light,True,True,True,0.0,0.0
CHI,2021-06-12,True,light,True,True,True,0.0,0.0
CHI,2021-06-13,True,light,True,True,True,0.0,0.0
CHI,2021-06-14,True,light,True,True,True,0.0,0.0
CHI,2021-06-15,False,,False,False,True,475.9,223.0
CHI,2021-06-16,False,,False,True,True,212.5,217.3
CHI,2021-06-17,True,light,True,True,True,0.0,0.0
CHI,2021-06-18,True,light,True,True,True,0.0,0.0
CHI,2021-06-19,True,light,True,True,True,0.0,0.0
CHI,2021-06-20,True,light,True,True,True,0.0,0.0
CHI,2021-06-21,False,,False,False,False,579.1,113.0
CHI,2021-06-22,True,light,True,True,True,0.0,0.0
CHI,2021-06-23,True,light,True,True,True,0.0,0.0
CHI,2021-06-24,False,,False,False,True,466.9,235.1
CHI,2021-06-25,False,,False,True,True,106.5,156.6
CHI,2021-06-26,False,,False,True,True,100.1,139.4
CHI,2021-06-27,False,,False,False,False,684.5,311.0
CHI,2021-06-28,False,,False,False,False,640.6,321.1
CHI,2021-06-29,False,,False,False,False,717.6,314.9
CHI,2021-06-30,False,,False,True,True,135.4,0.0
CHI,2021-07-01,True,light,True,True,True,0.0,0.0
CHI,2021-07-02,True,heavy,True,True,True,0.0,0.0
CHI,2021-07-03,True,heavy,True,True,True,0.0,0.0
CHI,2021-07-04,True,medium,True,True,True,0.0,0.0
CHI,2021-07-05,True,light,True,True,True,0.0,0.0
CHI,2021-07-06,True,medium,True,True,True,0.0,0.0
CHI,2021-07-07,True,light,True,True,True,0.0,0.0
CHI,2021-07-08,True,light,True,True,True,0.0,0.0
CHI,2021-07-09,True,light,True,True,True,0.0,0.0
CHI,2021-07-10,False,,False,True,True,288.7,279.3
CHI,2021-07-11,False,,False,True,True,146.8,181.7
CHI,2021-07-12,False,,False,True,True,161.5,342.1
CHI,2021-07-13,True,heavy,True,True,True,0.0,0.0
CHI,2021-07-14,True,medium,True,True,True,0.0,0.0
CHI,2021-07-15,True,light,True,True,True,0.0,0.0
CHI,2021-07-16,True,medium,True,True,True,0.0,0.0
CHI,2021-07-17,True,medium,True,True,True,0.0,0.0
CHI,2021-07-18,True,medium,True,True,True,0.0,0.0
CHI,2021-07-19,True,heavy,True,True,True,0.0,0.0
CHI,2021-07-20,True,medium,True,True,True,0.0,0.0
CHI,2021-07-21,True,heavy,True,True,True,0.0,0.0
CHI,2021-07-22,True,heavy,True,True,True,0.0,0.0
CHI,2021-07-23,True,medium,True,True,True,0.0,0.0
CHI,2021-07-24,True,medium,True,True,True,0.0,0.0
CHI,2021-07-25,True,light,True,True,True,0.0,0.0
CHI,2021-07-26,True,medium,True,True,True,0.0,0.0
CHI,2021-07-27,True,medium,True,True,True,0.0,0.0
CHI,2021-07-28,True,heavy,True,True,True,0.0,0.0
CHI,2021-07-29,True,medium,True,True,True,0.0,0.0
CHI,2021-07-30,True,medium,True,True,True,0.0,0.0
CHI,2021-07-31,True,medium,True,True,True,0.0,0.0
CHI,2021-08-01,True,heavy,True,True,True,0.0,0.0
CHI,2021-08-02,True,light,True,True,True,0.0,0.0
CHI,2021-08-03,True,light,True,True,True,0.0,0.0
CHI,2021-08-04,True,heavy,True,True,True,0.0,0.0
CHI,2021-08-05,True,medium,True,True,True,0.0,0.0
CHI,2021-08-06,True,medium,True,True,True,0.0,0.0
CHI,2021-08-07,True,light,True,True,True,0.0,0.0
CHI,2021-08-08,True,medium,True,True,True,0.0,0.0
CHI,2021-08-09,True,heavy,True,True,True,0.0,0.0
CHI,2021-08-10,True,heavy,True,True,True,0.0,0.0
CHI,2021-08-11,True,medium,True,True,True,0.0,0.0
CHI,2021-08-12,True,medium,True,True,True,0.0,0.0
CHI,2021-08-13,True,light,True,True,True,0.0,0.0
CHI,2021-08-14,True,light,True,True,True,0.0,0.0
CHI,2021-08-15,False,,True,True,True,18.4,184.2
CHI,2021-08-16,False,,True,True,True,57.8,145.7
CHI,2021-08-17,True,medium,True,True,True,0.0,0.0
CHI,2021-08-18,True,medium,True,True,True,0.0,0.0
CHI,2021-08-19,True,light,True,True,True,0.0,0.0
CHI,2021-08-20,True,light,True,True,True,0.0,0.0
CHI,2021-08-21,True,light,True,True,True,0.0,0.0
CHI,2021-08-22,True,light,True,True,True,0.0,0.0
CHI,2021-08-23,True,light,True,True,True,0.0,0.0
CHI,2021-08-24,True,light,True,True,True,0.0,0.0
CHI,2021-08-25,True,light,True,True,True,0.0,0.0
CHI,2021-08-26,True,light,True,True,True,0.0,0.0
CHI,2021-08-27,True,medium,True,True,True,0.0,0.0
CHI,2021-08-28,True,light,True,True,True,0.0,0.0
CHI,2021-08-29,False,,False,True,True,148.9,336.0
CHI,2021-08-30,True,medium,True,True,True,0.0,0.0
CHI,2021-08-31,True,light,True,True,True,0.0,0.0
CHI,2021-09-01,False,,False,True,True,166.4,270.0
CHI,2021-09-02,False,,False,False,True,345.8,284.4
CHI,2021-09-03,False,,False,True,True,145.0,56.7
CHI,2021-09-04,False,,True,True,True,15.5,303.7
CHI,2021-09-05,True,light,True,True,True,0.0,0.0
CHI,2021-09-06,True,light,True,True,True,0.0,0.0
CHI,2021-09-07,True,medium,True,True,True,0.0,0.0
CHI,2021-09-08,False,,False,True,True,220.8,138.1
CHI,2021-09-09,True,medium,True,True,True,0.0,0.0
CHI,2021-09-10,True,heavy,True,True,True,0.0,0.0
CHI,2021-09-11,True,heavy,True,True,True,0.0,0.0
CHI,2021-09-12,True,heavy,True,True,True,0.0,0.0
CHI,2021-09-13,True,heavy,True,True,True,0.0,0.0
CHI,2021-09-14,True,medium,True,True,True,0.0,0.0
CHI,2021-09-15,False,,False,True,True,280.3,220.9
CHI,2021-09-16,True,light,True,True,True,0.0,0.0
CHI,2021-09-17,True,light,True,True,True,0.0,0.0
CHI,2021-09-18,True,light,True,True,True,0.0,0.0
CHI,2021-09-19,True,medium,True,True,True,0.0,0.0
CHI,2021-09-20,False,,False,True,True,125.0,52.2
CHI,2021-09-21,False,,False,False,False,846.5,239.3
CHI,2021-09-22,False,,False,False,False,1248.0,204.1
CHI,2021-09-23,False,,False,False,False,607.5,261.1
CHI,2021-09-24,False,,True,True,True,15.4,143.4
CHI,2021-09-25,False,,False,False,True,436.4,152.2
CHI,2021-09-26,False,,False,False,True,433.8,190.3
CHI,2021-09-27,True,light,True,True,True,0.0,0.0
CHI,2021-09-28,True,light,True,True,True,0.0,0.0
CHI,2021-09-29,True,light,True,True,True,0.0,0.0
CHI,2021-09-30,True,light,True,True,True,0.0,0.0
CHI,2021-10-01,True,medium,True,True,True,0.0,0.0
CHI,2021-10-02,False,,False,True,True,222.4,279.1
CHI,2021-10-03,False,,False,True,True,182.7,250.3
CHI,2021-10-04,False,,True,True,True,67.3,203.1
CHI,2021-10-05,False,,False,True,True,247.6,155.0
CHI,2021-10-06,False,,False,False,True,322.4,18.6
CHI,2021-10-07,False,,False,False,False,810.5,31.7
CHI,2021-10-08,False,,False,True,True,200.1,134.6
CHI,2021-10-09,False,,True,True,True,23.5,215.8
CHI,2021-10-10,True,light,True,True,True,0.0,0.0
CHI,2021-10-11,False,,False,True,True,227.9,70.9
CHI,2021-10-12,False,,False,False,True,436.2,184.9
CHI,2021-10-13,False,,False,False,False,603.7,199.1
CHI,2021-10-14,False,,False,False,False,2603.3,235.5
CHI,2021-10-15,False,,False,False,False,523.7,119.4
CHI,2021-10-16,True,light,True,True,True,0.0,0.0
CHI,2021-10-17,False,,False,True,True,259.1,84.4
CHI,2021-10-18,False,,False,False,True,319.6,318.0
CHI,2021-10-19,False,,False,False,True,483.4,194.4
CHI,2021-10-20,False,,False,False,True,499.6,196.9
CHI,2021-10-21,False,,False,False,False,562.5,197.7
CHI,2021-10-22,False,,False,False,False,539.3,189.9
CHI,2021-10-23,False,,False,True,True,298.0,199.7
CHI,2021-10-24,False,,False,False,True,385.5,160.2
CHI,2021-10-25,False,,False,False,False,623.7,104.8
CHI,2021-10-26,False,,False,False,False,500.2,277.5
CHI,2021-10-27,False,,False,False,False,780.5,168.7
CHI,2021-10-28,False,,False,False,False,1330.7,179.7
CHI,2021-10-29,False,,False,False,False,1080.4,303.2
CHI,2021-10-30,False,,False,False,False,981.4,210.3
CHI,2021-10-31,False,,False,False,False,626.9,203.0
CHI,2021-11-01,False,,False,False,False,852.3,184.3
CHI,2021-11-02,False,,False,False,False,813.7,183.4
CHI,2021-11-03,False,,False,False,False,936.0,300.7
CHI,2021-11-04,False,,False,False,False,582.0,180.4
CHI,2021-11-05,False,,False,False,False,660.5,196.8
CHI,2021-11-06,True,light,True,True,True,0.0,0.0
CHI,2021-11-07,False,,False,False,False,612.8,196.7
CHI,2021-11-08,False,,True,True,True,88.1,334.3
CHI,2021-11-09,False,,False,True,True,133.5,225.4
CHI,2021-11-10,False,,False,True,True,178.3,148.0
CHI,2021-11-11,False,,False,False,False,1064.0,105.7
CHI,2021-11-12,False,,False,False,False,526.2,117.1
CHI,2021-11-13,False,,False,False,False,1046.4,207.0
CHI,2021-11-14,False,,False,False,False,820.3,333.7
CHI,2021-11-15,False,,False,False,False,772.6,186.9
CHI,2021-11-16,False,,False,False,False,845.3,133.1
CHI,2021-11-17,False,,False,False,False,811.9,134.3
CHI,2021-11-18,False,,False,False,False,897.8,215.7
CHI,2021-11-19,False,,False,False,False,936.8,171.9
CHI,2021-11-20,False,,False,False,False,853.2,176.2
CHI,2021-11-21,False,,False,False,True,441.4,301.3
CHI,2021-11-22,False,,False,False,True,313.2,275.5
CHI,2021-11-23,False,,False,False,True,404.1,218.8
CHI,2021-11-24,False,,False,False,False,1010.8,164.5
CHI,2021-11-25,False,,False,False,False,678.3,350.7
CHI,2021-11-26,False,,False,False,False,955.5,207.6
CHI,2021-11-27,False,,False,False,False,546.9,243.1
CHI,2021-11-28,False,,False,False,False,600.9,222.6
CHI,2021-11-29,False,,False,False,False,651.7,226.8
CHI,2021-11-30,False,,True,True,True,51.0,0.7
CHI,2021-12-01,False,,False,False,False,620.2,230.8
CHI,2021-12-02,False,,False,False,True,443.0,216.3
CHI,2021-12-03,False,,False,False,True,458.9,170.9
CHI,2021-12-04,False,,False,False,False,564.0,202.8
CHI,2021-12-05,False,,False,False,False,642.1,136.4
CHI,2021-12-06,False,,False,False,False,813.3,227.4
CHI,2021-12-07,False,,False,False,False,536.1,273.7
CHI,2021-12-08,False,,True,True,True,30.1,225.6
CHI,2021-12-09,False,,False,False,False,500.3,239.0
CHI,2021-12-10,False,,False,False,False,1045.3,233.1
CHI,2021-12-11,False,,False,False,True,487.8,245.6
CHI,2021-12-12,False,,False,False,False,800.2,228.4
CHI,2021-12-13,False,,False,False,True,447.3,207.0
CHI,2021-12-14,False,,False,False,False,822.2,138.4
CHI,2021-12-15,False,,False,False,False,767.1,250.3
CHI,2021-12-16,False,,False,False,False,576.4,235.0
CHI,2021-12-17,False,,False,False,False,1471.9,159.9
CHI,2021-12-18,False,,False,False,False,2270.5,183.6
CHI,2021-12-19,False,,False,False,True,486.2,217.5
CHI,2021-12-20,False,,False,False,False,900.2,235.0
CHI,2021-12-21,False,,False,False,False,1042.8,227.7
CHI,2021-12-22,False,,False,False,False,673.6,231.3
CHI,2021-12-23,False,,False,False,False,1056.3,137.7
CHI,2021-12-24,False,,False,False,False,1719.9,161.2
CHI,2021-12-25,False,,False,False,False,1662.2,203.4
CHI,2021-12-26,False,,False,False,False,1743.7,160.4
CHI,2021-12-27,False,,False,False,False,558.7,222.4
CHI,2021-12-28,False,,False,False,False,980.3,136.4
CHI,2021-12-29,False,,False,False,False,1312.4,195.4
CHI,2021-12-30,False,,False,False,False,1134.1,185.1
CHI,2021-12-31,False,,False,False,False,1238.2,171.2
CHI,2022-01-01,False,,False,False,False,1174.7,151.6
CHI,2022-01-02,False,,False,False,False,1216.4,179.6
CHI,2022-01-03,False,,False,False,False,1234.0,211.5
CHI,2022-01-04,False,,False,False,False,1037.7,147.6
CHI,2022-01-05,False,,False,False,True,456.3,214.2
CHI,2022-01-06,False,,False,False,False,866.4,163.2
CHI,2022-01-07,False,,False,False,False,1018.4,138.2
CHI,2022-01-08,False,,False,False,False,995.4,186.2
CHI,2022-01-09,False,,False,False,False,1169.0,154.3
CHI,2022-01-10,False,,False,False,False,845.8,229.4
CHI,2022-01-11,False,,False,False,False,1016.3,136.5
CHI,2022-01-12,False,,False,False,False,554.1,224.5
CHI,2022-01-13,False,,False,False,True,476.8,221.2
CHI,2022-01-14,False,,False,False,False,912.0,168.4
CHI,2022-01-15,False,,False,False,False,842.4,274.9
CHI,2022-01-16,False,,False,False,False,1268.9,199.2
CHI,2022-01-17,False,,False,False,False,964.5,221.3
CHI,2022-01-18,False,,False,False,False,1021.0,201.9
CHI,2022-01-19,False,,False,False,False,1019.3,136.8
CHI,2022-01-20,False,,False,False,False,670.9,227.0
CHI,2022-01-21,False,,False,False,False,821.5,206.6
CHI,2022-01-22,False,,False,False,False,705.8,228.7
CHI,2022-01-23,False,,False,False,False,760.3,191.5
CHI,2022-01-24,False,,False,False,False,824.3,234.4
CHI,2022-01-25,False,,False,False,False,698.7,206.4
CHI,2022-01-26,False,,False,False,True,493.3,212.4
CHI,2022-01-27,False,,False,False,False,858.9,167.3
CHI,2022-01-28,False,,False,False,False,632.6,201.5
CHI,2022-01-29,False,,False,False,False,504.4,232.2
CHI,2022-01-30,False,,False,False,True,495.2,204.4
CHI,2022-01-31,False,,False,False,True,452.0,215.9
CHI,2022-02-01,False,,False,False,True,398.2,170.2
CHI,2022-02-02,False,,False,False,False,1105.6,145.4
CHI,2022-02-03,False,,False,False,False,1183.5,124.0
CHI,2022-02-04,False,,False,False,False,1443.9,158.1
CHI,2022-02-05,False,,False,False,False,1181.1,210.1
CHI,2022-02-06,False,,False,False,False,1006.2,139.2
CHI,2022-02-07,False,,False,False,False,668.3,270.9
CHI,2022-02-08,False,,False,False,False,726.6,181.2
CHI,2022-02-09,False,,False,False,True,476.9,166.2
CHI,2022-02-10,False,,False,False,False,833.7,172.9
CHI,2022-02-11,False,,False,False,False,502.5,159.4
CHI,2022-02-12,False,,False,False,False,616.5,202.6
CHI,2022-02-13,False,,False,False,False,724.5,208.3
CHI,2022-02-14,False,,False,False,False,508.3,217.9
CHI,2022-02-15,False,,True,True,True,37.3,228.8
CHI,2022-02-16,False,,False,False,False,878.8,134.0
CHI,2022-02-17,False,,False,False,False,821.5,255.7
CHI,2022-02-18,False,,False,False,False,1051.2,222.4
CHI,2022-02-19,False,,False,False,False,620.9,217.2
CHI,2022-02-20,False,,False,False,False,528.2,207.5
CHI,2022-02-21,False,,False,False,False,811.6,162.1
CHI,2022-02-22,False,,False,False,False,1054.3,150.7
CHI,2022-02-23,False,,False,False,False,960.8,160.5
CHI,2022-02-24,False,,False,False,False,895.2,156.0
CHI,2022-02-25,False,,False,False,False,1005.9,132.2
CHI,2022-02-26,False,,False,False,False,692.0,270.8
CHI,2022-02-27,False,,False,False,False,520.7,246.5
CHI,2022-02-28,False,,True,True,True,49.7,9.2
CHI,2022-03-01,False,,False,False,True,374.6,213.6
CHI,2022-03-02,False,,False,False,True,365.4,201.4
CHI,2022-03-03,False,,False,True,True,239.0,204.7
CHI,2022-03-04,False,,False,False,True,358.7,193.0
CHI,2022-03-05,True,light,True,True,True,0.0,0.0
CHI,2022-03-06,False,,False,False,False,680.6,151.2
CHI,2022-03-07,False,,False,False,True,480.2,278.8
CHI,2022-03-08,False,,False,False,False,1007.2,122.7
CHI,2022-03-09,False,,False,False,False,682.8,211.3
CHI,2022-03-10,False,,False,False,False,639.1,205.7
CHI,2022-03-11,False,,False,False,False,1319.3,180.0
CHI,2022-03-12,False,,False,False,False,572.6,212.7
CHI,2022-03-13,False,,False,False,True,394.7,210.7
CHI,2022-03-14,True,light,True,True,True,0.0,0.0
CHI,2022-03-15,True,light,True,True,True,0.0,0.0
CHI,2022-03-16,True,light,True,True,True,0.0,0.0
CHI,2022-03-17,True,light,True,True,True,0.0,0.0
CHI,2022-03-18,False,,False,False,False,608.9,189.0
CHI,2022-03-19,False,,False,False,True,304.0,262.5
CHI,2022-03-20,True,light,True,True,True,0.0,0.0
CHI,2022-03-21,True,light,True,True,True,0.0,0.0
CHI,2022-03-22,False,,False,False,False,918.9,152.9
CHI,2022-03-23,False,,False,False,False,1143.2,189.3
CHI,2022-03-24,False,,False,False,False,764.9,148.8
CHI,2022-03-25,False,,False,False,False,580.7,255.0
CHI,2022-03-26,False,,False,True,True,276.9,254.1
CHI,2022-03-27,False,,True,True,True,61.9,205.0
CHI,2022-03-28,False,,False,True,True,245.1,252.1
CHI,2022-03-29,False,,False,True,True,267.8,243.6
CHI,2022-03-30,False,,False,False,True,484.6,145.3
CHI,2022-03-31,False,,False,False,False,668.6,246.4
CHI,2022-04-01,False,,False,False,False,628.6,223.6
CHI,2022-04-02,False,,True,True,True,89.9,263.4
CHI,2022-04-03,False,,False,False,True,497.4,205.6
CHI,2022-04-04,False,,False,False,True,447.5,257.4
CHI,2022-04-05,False,,False,False,False,681.7,239.9
CHI,2022-04-06,False,,False,False,False,859.0,229.9
CHI,2022-04-07,False,,False,True,True,223.9,114.4
CHI,2022-04-08,False,,False,False,False,749.9,248.2
CHI,2022-04-09,False,,False,True,True,126.0,290.6
CHI,2022-04-10,True,light,True,True,True,0.0,0.0
CHI,2022-04-11,False,,False,True,True,158.3,265.0
CHI,2022-04-12,False,,False,True,True,263.1,265.9
CHI,2022-04-13,False,,False,False,True,435.2,130.9
CHI,2022-04-14,False,,True,True,True,20.5,240.0
CHI,2022-04-15,True,light,True,True,True,0.0,0.0
CHI,2022-04-16,False,,False,True,True,232.2,159.2
CHI,2022-04-17,True,light,True,True,True,0.0,0.0
CHI,2022-04-18,False,,False,True,True,186.6,210.9
CHI,2022-04-19,False,,False,False,False,580.2,244.3
CHI,2022-04-20,False,,False,False,False,535.0,280.5
CHI,2022-04-21,True,light,True,True,True,0.0,0.0
CHI,2022-04-22,False,,False,True,True,182.3,206.4
CHI,2022-04-23,False,,False,True,True,147.4,135.2
CHI,2022-04-24,False,,True,True,True,34.7,326.8
CHI,2022-04-25,False,,False,False,False,731.0,155.8
CHI,2022-04-26,False,,True,True,True,4.2,233.2
CHI,2022-04-27,True,light,True,True,True,0.0,0.0
CHI,2022-04-28,True,light,True,True,True,0.0,0.0
CHI,2022-04-29,True,light,True,True,True,0.0,0.0
CHI,2022-04-30,False,,False,True,True,135.5,160.8
CHI,2022-05-01,False,,False,True,True,281.0,175.8
CHI,2022-05-02,False,,False,False,True,450.9,165.4
CHI,2022-05-03,False,,False,False,False,523.0,187.9
CHI,2022-05-04,False,,True,True,True,84.3,324.8
CHI,2022-05-05,False,,False,False,False,647.3,313.8
CHI,2022-05-06,False,,False,False,True,410.9,318.9
CHI,2022-05-07,False,,False,False,True,323.6,283.3
CHI,2022-05-08,False,,True,True,True,59.4,228.5
CHI,2022-05-09,True,light,True,True,True,0.0,0.0
CHI,2022-05-10,True,medium,True,True,True,0.0,0.0
CHI,2022-05-11,True,medium,True,True,True,0.0,0.0
CHI,2022-05-12,True,medium,True,True,True,0.0,0.0
CHI,2022-05-13,True,medium,True,True,True,0.0,0.0
CHI,2022-05-14,True,light,True,True,True,0.0,0.0
CHI,2022-05-15,True,light,True,True,True,0.0,0.0
CHI,2022-05-16,True,light,True,True,True,0.0,0.0
CHI,2022-05-17,True,light,True,True,True,0.0,0.0
CHI,2022-05-18,True,light,True,True,True,0.0,0.0
CHI,2022-05-19,False,,False,True,True,186.7,209.1
CHI,2022-05-20,True,light,True,True,True,0.0,0.0
CHI,2022-05-21,True,light,True,True,True,0.0,0.0
CHI,2022-05-22,False,,False,False,True,445.1,124.8
CHI,2022-05-23,False,,True,True,True,32.2,140.6
CHI,2022-05-24,False,,False,False,False,1626.3,209.7
CHI,2022-05-25,False,,False,False,False,1254.6,216.6
CHI,2022-05-26,False,,False,False,False,700.2,268.1
CHI,2022-05-27,False,,False,False,True,458.8,272.1
CHI,2022-05-28,False,,False,True,True,288.7,280.2
CHI,2022-05-29,True,light,True,True,True,0.0,0.0
CHI,2022-05-30,True,light,True,True,True,0.0,0.0
CHI,2022-05-31,False,,True,True,True,18.0,119.9
CHI,2022-06-01,True,light,True,True,True,0.0,0.0
CHI,2022-06-02,False,,False,True,True,192.7,52.0
CHI,2022-06-03,False,,False,False,False,884.2,145.5
CHI,2022-06-04,False,,False,False,False,566.6,331.6
CHI,2022-06-05,False,,False,True,True,256.1,146.8
CHI,2022-06-06,True,light,True,True,True,0.0,0.0
CHI,2022-06-07,False,,False,False,False,536.4,168.8
CHI,2022-06-08,False,,False,False,True,412.4,292.2
CHI,2022-06-09,False,,False,False,True,450.9,194.1
CHI,2022-06-10,False,,False,False,False,611.3,253.9
CHI,2022-06-11,False,,False,False,True,377.3,201.9
CHI,2022-06-12,True,light,True,True,True,0.0,0.0
CHI,2022-06-13,True,light,True,True,True,0.0,0.0
CHI,2022-06-14,True,medium,True,True,True,0.0,0.0
CHI,2022-06-15,True,light,True,True,True,0.0,0.0
CHI,2022-06-16,True,light,True,True,True,0.0,0.0
CHI,2022-06-17,True,medium,True,True,True,0.0,0.0
CHI,2022-06-18,False,,True,True,True,89.8,242.5
CHI,2022-06-19,True,light,True,True,True,0.0,0.0
CHI,2022-06-20,True,light,True,True,True,0.0,0.0
CHI,2022-06-21,True,light,True,True,True,0.0,0.0
CHI,2022-06-22,True,light,True,True,True,0.0,0.0
CHI,2022-06-23,True,light,True,True,True,0.0,0.0
CHI,2022-06-24,True,light,True,True,True,0.0,0.0
CHI,2022-06-25,True,light,True,True,True,0.0,0.0
CHI,2022-06-26,True,light,True,True,True,0.0,0.0
CHI,2022-06-27,True,light,True,True,True,0.0,0.0
CHI,2022-06-28,True,light,True,True,True,0.0,0.0
CHI,2022-06-29,True,light,True,True,True,0.0,0.0
CHI,2022-06-30,True,light,True,True,True,0.0,0.0
CHI,2022-07-01,False,,False,True,True,104.3,161.2
CHI,2022-07-02,True,medium,True,True,True,0.0,0.0
CHI,2022-07-03,True,light,True,True,True,0.0,0.0
CHI,2022-07-04,True,light,True,True,True,0.0,0.0
CHI,2022-07-05,True,light,True,True,True,0.0,0.0
CHI,2022-07-06,True,light,True,True,True,0.0,0.0
CHI,2022-07-07,False,,False,True,True,222.2,331.8
CHI,2022-07-08,True,light,True,True,True,0.0,0.0
CHI,2022-07-09,True,light,True,True,True,0.0,0.0
CHI,2022-07-10,True,light,True,True,True,0.0,0.0
CHI,2022-07-11,True,light,True,True,True,0.0,0.0
CHI,2022-07-12,True,light,True,True,True,0.0,0.0
CHI,2022-07-13,True,light,True,True,True,0.0,0.0
CHI,2022-07-14,True,light,True,True,True,0.0,0.0
CHI,2022-07-15,True,light,True,True,True,0.0,0.0
CHI,2022-07-16,True,light,True,True,True,0.0,0.0
CHI,2022-07-17,True,light,True,True,True,0.0,0.0
CHI,2022-07-18,True,light,True,True,True,0.0,0.0
CHI,2022-07-19,True,light,True,True,True,0.0,0.0
CHI,2022-07-20,True,light,True,True,True,0.0,0.0
CHI,2022-07-21,True,light,True,True,True,0.0,0.0
CHI,2022-07-22,True,light,True,True,True,0.0,0.0
CHI,2022-07-23,True,light,True,True,True,0.0,0.0
CHI,2022-07-24,True,light,True,True,True,0.0,0.0
CHI,2022-07-25,False,,False,False,True,444.0,354.3
CHI,2022-07-26,False,,False,True,True,173.7,274.1
CHI,2022-07-27,True,light,True,True,True,0.0,0.0
CHI,2022-07-28,False,,False,False,False,1182.4,290.5
CHI,2022-07-29,False,,False,False,True,329.3,306.5
CHI,2022-07-30,True,medium,True,True,True,0.0,0.0
CHI,2022-07-31,True,light,True,True,True,0.0,0.0
CHI,2022-08-01,True,light,True,True,True,0.0,0.0
CHI,2022-08-02,True,light,True,True,True,0.0,0.0
CHI,2022-08-03,True,light,True,True,True,0.0,0.0
CHI,2022-08-04,True,light,True,True,True,0.0,0.0
CHI,2022-08-05,True,light,True,True,True,0.0,0.0
CHI,2022-08-06,True,light,True,True,True,0.0,0.0
CHI,2022-08-07,False,,False,True,True,126.9,155.2
CHI,2022-08-08,False,,False,True,True,203.8,161.3
CHI,2022-08-09,True,light,True,True,True,0.0,0.0
CHI,2022-08-10,True,medium,True,True,True,0.0,0.0
CHI,2022-08-11,True,light,True,True,True,0.0,0.0
CHI,2022-08-12,False,,False,True,True,183.8,259.7
CHI,2022-08-13,True,light,True,True,True,0.0,0.0
CHI,2022-08-14,False,,False,True,True,217.9,194.4
CHI,2022-08-15,False,,False,False,True,480.7,219.3
CHI,2022-08-16,True,light,True,True,True,0.0,0.0
CHI,2022-08-17,True,light,True,True,True,0.0,0.0
CHI,2022-08-18,True,light,True,True,True,0.0,0.0
CHI,2022-08-19,True,light,True,True,True,0.0,0.0
CHI,2022-08-20,True,light,True,True,True,0.0,0.0
CHI,2022-08-21,True,light,True,True,True,0.0,0.0
CHI,2022-08-22,True,light,True,True,True,0.0,0.0
CHI,2022-08-23,True,light,True,True,True,0.0,0.0
CHI,2022-08-24,True,light,True,True,True,0.0,0.0
CHI,2022-08-25,True,light,True,True,True,0.0,0.0
CHI,2022-08-26,True,light,True,True,True,0.0,0.0
CHI,2022-08-27,True,light,True,True,True,0.0,0.0
CHI,2022-08-28,True,light,True,True,True,0.0,0.0
CHI,2022-08-29,True,light,True,True,True,0.0,0.0
CHI,2022-08-30,True,light,True,True,True,0.0,0.0
CHI,2022-08-31,False,,False,False,False,573.7,239.5
CHI,2022-09-01,False,,False,False,True,348.0,316.2
CHI,2022-09-02,True,light,True,True,True,0.0,0.0
CHI,2022-09-03,True,light,True,True,True,0.0,0.0
CHI,2022-09-04,False,,False,False,True,468.6,330.2
CHI,2022-09-05,False,,True,True,True,57.1,322.8
CHI,2022-09-06,False,,True,True,True,66.8,298.0
CHI,2022-09-07,True,light,True,True,True,0.0,0.0
CHI,2022-09-08,True,medium,True,True,True,0.0,0.0
CHI,2022-09-09,True,light,True,True,True,0.0,0.0
CHI,2022-09-10,True,light,True,True,True,0.0,0.0
CHI,2022-09-11,False,,False,True,True,237.8,268.3
CHI,2022-09-12,True,light,True,True,True,0.0,0.0
CHI,2022-09-13,True,medium,True,True,True,0.0,0.0
CHI,2022-09-14,True,medium,True,True,True,0.0,0.0
CHI,2022-09-15,True,medium,True,True,True,0.0,0.0
CHI,2022-09-16,True,medium,True,True,True,0.0,0.0
CHI,2022-09-17,True,light,True,True,True,0.0,0.0
CHI,2022-09-18,True,light,True,True,True,0.0,0.0
CHI,2022-09-19,True,light,True,True,True,0.0,0.0
CHI,2022-09-20,True,light,True,True,True,0.0,0.0
CHI,2022-09-21,True,light,True,True,True,0.0,0.0
CHI,2022-09-22,False,,False,False,False,646.1,175.3
CHI,2022-09-23,False,,False,False,True,426.5,183.3
CHI,2022-09-24,False,,False,False,True,320.7,150.8
CHI,2022-09-25,False,,False,True,True,266.6,181.3
CHI,2022-09-26,False,,False,False,False,537.2,194.0
CHI,2022-09-27,False,,False,True,True,180.5,214.4
CHI,2022-09-28,False,,False,False,True,479.6,210.8
CHI,2022-09-29,False,,False,False,True,495.1,194.7
CHI,2022-09-30,False,,True,True,True,5.9,69.0
CHI,2022-10-01,True,light,True,True,True,0.0,0.0
CHI,2022-10-02,True,light,True,True,True,0.0,0.0
CHI,2022-10-03,False,,True,True,True,96.7,288.8
CHI,2022-10-04,True,light,True,True,True,0.0,0.0
CHI,2022-10-05,False,,True,True,True,38.3,145.0
CHI,2022-10-06,True,light,True,True,True,0.0,0.0
CHI,2022-10-07,False,,False,False,True,395.3,165.8
CHI,2022-10-08,False,,False,False,True,352.5,1.2
CHI,2022-10-09,False,,False,True,True,256.1,304.5
CHI,2022-10-10,True,light,True,True,True,0.0,0.0
CHI,2022-10-11,True,light,True,True,True,0.0,0.0
CHI,2022-10-12,False,,False,True,True,244.9,305.7
CHI,2022-10-13,True,medium,True,True,True,0.0,0.0
CHI,2022-10-14,True,light,True,True,True,0.0,0.0
CHI,2022-10-15,True,light,True,True,True,0.0,0.0
CHI,2022-10-16,True,light,True,True,True,0.0,0.0
CHI,2022-10-17,False,,False,False,True,423.7,216.0
CHI,2022-10-18,False,,False,False,True,410.4,199.7
CHI,2022-10-19,False,,False,False,False,532.3,189.3
CHI,2022-10-20,False,,False,False,True,324.5,167.1
CHI,2022-10-21,True,light,True,True,True,0.0,0.0
CHI,2022-10-22,True,light,True,True,True,0.0,0.0
CHI,2022-10-23,True,light,True,True,True,0.0,0.0
CHI,2022-10-24,False,,False,False,False,507.0,115.8
CHI,2022-10-25,False,,False,False,False,1143.3,159.6
CHI,2022-10-26,False,,False,False,False,564.1,196.5
CHI,2022-10-27,False,,False,False,False,567.2,197.7
CHI,2022-10-28,False,,False,True,True,260.1,117.4
CHI,2022-10-29,False,,False,False,False,603.3,147.8
CHI,2022-10-30,False,,False,False,False,557.1,338.6
CHI,2022-10-31,False,,False,True,True,103.0,332.3
CHI,2022-11-01,False,,False,False,True,310.1,241.7
CHI,2022-11-02,True,light,True,True,True,0.0,0.0
CHI,2022-11-03,False,,False,False,True,489.0,184.6
CHI,2022-11-04,False,,False,True,True,137.3,157.1
CHI,2022-11-05,False,,False,False,False,853.2,299.1
CHI,2022-11-06,False,,False,False,False,689.8,296.6
CHI,2022-11-07,False,,False,False,False,929.6,118.7
CHI,2022-11-08,False,,False,False,True,439.9,174.3
CHI,2022-11-09,False,,False,True,True,242.8,199.8
CHI,2022-11-10,True,light,True,True,True,0.0,0.0
CHI,2022-11-11,False,,False,False,True,418.7,188.4
CHI,2022-11-12,False,,False,False,False,1130.8,169.5
CHI,2022-11-13,False,,False,False,False,813.8,185.8
CHI,2022-11-14,False,,False,False,False,831.7,182.5
CHI,2022-11-15,False,,False,False,False,1688.6,175.8
CHI,2022-11-16,False,,False,False,False,1198.8,208.0
CHI,2022-11-17,False,,False,False,False,571.3,177.6
CHI,2022-11-18,False,,False,False,False,847.8,169.7
CHI,2022-11-19,False,,False,False,False,1718.6,161.5
CHI,2022-11-20,False,,False,False,False,596.7,203.2
CHI,2022-11-21,False,,False,False,False,569.9,144.9
CHI,2022-11-22,False,,False,True,True,261.4,212.4
CHI,2022-11-23,True,light,True,True,True,0.0,0.0
CHI,2022-11-24,False,,False,False,False,623.2,258.2
CHI,2022-11-25,False,,False,False,True,321.7,231.2
CHI,2022-11-26,False,,False,False,False,1005.0,131.4
CHI,2022-11-27,False,,False,False,False,692.6,287.6
CHI,2022-11-28,False,,False,False,False,1004.7,131.4
CHI,2022-11-29,False,,False,False,False,766.4,149.6
CHI,2022-11-30,False,,False,False,False,919.4,173.9
CHI,2022-12-01,False,,False,False,False,661.5,253.4
CHI,2022-12-02,False,,False,False,False,883.4,256.1
CHI,2022-12-03,False,,False,False,False,553.0,214.7
CHI,2022-12-04,False,,False,False,False,1251.1,174.7
CHI,2022-12-05,False,,False,False,False,1740.4,160.4
CHI,2022-12-06,False,,False,False,False,1706.4,161.6
CHI,2022-12-07,False,,False,False,False,1199.6,156.0
CHI,2022-12-08,False,,False,False,False,881.4,176.4
CHI,2022-12-09,False,,False,False,False,970.6,174.2
CHI,2022-12-10,False,,False,False,False,845.3,276.1
CHI,2022-12-11,False,,False,False,False,1288.7,175.6
CHI,2022-12-12,False,,False,False,False,1605.0,234.0
CHI,2022-12-13,False,,False,False,False,1062.3,137.7
CHI,2022-12-14,False,,False,False,False,1238.8,196.1
CHI,2022-12-15,False,,False,False,False,1366.2,170.3
CHI,2022-12-16,False,,False,False,False,1091.4,156.5
CHI,2022-12-17,False,,False,False,False,1428.1,161.1
CHI,2022-12-18,False,,False,False,False,858.9,151.0
CHI,2022-12-19,False,,False,False,False,1032.3,155.3
CHI,2022-12-20,False,,False,False,False,1790.3,161.7
CHI,2022-12-21,False,,False,False,False,1999.2,231.7
CHI,2022-12-22,False,,False,False,False,1850.8,187.1
CHI,2022-12-23,False,,False,False,False,1283.5,194.3
CHI,2022-12-24,False,,False,False,False,1267.8,195.6
CHI,2022-12-25,False,,False,False,False,912.9,143.7
CHI,2022-12-26,False,,False,False,False,1031.0,156.6
CHI,2022-12-27,False,,False,False,False,924.4,157.1
CHI,2022-12-28,False,,False,False,False,606.3,192.1
CHI,2022-12-29,False,,False,False,False,731.1,128.7
CHI,2022-12-30,False,,False,False,False,767.1,131.9
CHI,2022-12-31,False,,False,False,False,1701.6,160.5
CHI,2023-01-01,False,,False,False,False,1413.1,198.4
CHI,2023-01-02,False,,False,False,False,1126.0,144.1
CHI,2023-01-03,False,,False,False,True,371.6,178.7
CHI,2023-01-04,False,,False,False,False,906.6,230.6
CHI,2023-01-05,False,,False,False,False,1086.2,198.6
CHI,2023-01-06,False,,False,False,False,1023.0,136.5
CHI,2023-01-07,False,,False,False,False,777.7,244.5
CHI,2023-01-08,False,,False,False,False,1052.3,228.6
CHI,2023-01-09,False,,False,False,False,962.4,215.4
CHI,2023-01-10,False,,False,False,False,903.1,170.5
CHI,2023-01-11,False,,False,False,False,1000.2,158.7
CHI,2023-01-12,False,,False,False,False,585.1,187.4
CHI,2023-01-13,False,,False,False,False,999.5,203.9
CHI,2023-01-14,False,,False,False,False,1006.2,209.7
CHI,2023-01-15,False,,False,False,False,787.5,180.5
CHI,2023-01-16,False,,False,False,False,1118.3,159.5
CHI,2023-01-17,False,,False,False,False,1161.0,146.3
CHI,2023-01-18,False,,False,False,False,1273.1,185.2
CHI,2023-01-19,False,,False,False,False,1068.5,215.0
CHI,2023-01-20,False,,False,False,False,904.8,214.6
CHI,2023-01-21,False,,False,False,False,1694.4,200.3
CHI,2023-01-22,False,,False,False,False,1783.2,202.8
CHI,2023-01-23,False,,False,False,False,972.9,225.2
CHI,2023-01-24,False,,False,False,True,464.3,191.5
CHI,2023-01-25,False,,False,False,False,1067.4,173.1
CHI,2023-01-26,False,,False,False,False,1222.2,177.1
CHI,2023-01-27,False,,False,False,False,987.5,238.6
CHI,2023-01-28,False,,False,False,False,923.1,164.9
CHI,2023-01-29,False,,False,False,False,1261.2,188.0
CHI,2023-01-30,False,,False,False,False,1298.4,175.1
CHI,2023-01-31,False,,False,False,False,1228.5,168.5
CHI,2023-02-01,False,,False,False,False,1178.1,164.3
CHI,2023-02-02,False,,False,False,True,437.0,228.4
CHI,2023-02-03,False,,False,False,True,403.1,222.7
CHI,2023-02-04,False,,False,False,False,963.4,148.4
CHI,2023-02-05,False,,False,False,True,331.7,201.6
CHI,2023-02-06,False,,False,False,False,705.4,200.0
CHI,2023-02-07,False,,False,False,False,637.4,251.2
CHI,2023-02-08,False,,False,False,False,970.8,123.6
CHI,2023-02-09,False,,False,False,False,1018.1,165.2
CHI,2023-02-10,False,,False,False,False,554.9,194.3
CHI,2023-02-11,False,,False,False,True,336.0,96.1
CHI,2023-02-12,False,,False,True,True,254.6,177.5
CHI,2023-02-13,False,,False,True,True,105.1,155.3
CHI,2023-02-14,False,,False,False,False,815.8,100.6
CHI,2023-02-15,False,,False,False,False,889.6,138.4
CHI,2023-02-16,False,,False,False,False,963.3,177.0
CHI,2023-02-17,False,,False,False,False,546.7,230.6
CHI,2023-02-18,False,,False,False,False,565.7,152.6
CHI,2023-02-19,False,,False,False,False,738.2,220.6
CHI,2023-02-20,False,,False,False,False,559.4,203.1
CHI,2023-02-21,False,,False,False,False,1007.9,202.9
CHI,2023-02-22,False,,False,False,True,338.6,167.4
CHI,2023-02-23,False,,False,False,False,579.3,150.9
CHI,2023-02-24,False,,False,False,False,759.9,152.9
CHI,2023-02-25,False,,False,False,True,302.1,252.1
CHI,2023-02-26,False,,False,False,False,818.9,179.0
CHI,2023-02-27,False,,False,False,False,685.1,190.3
CHI,2023-02-28,False,,False,False,True,359.8,195.1
CHI,2023-03-01,False,,False,False,False,649.8,249.0
CHI,2023-03-02,False,,False,False,False,1113.4,170.6
CHI,2023-03-03,False,,False,False,True,427.9,167.5
CHI,2023-03-04,False,,False,False,False,899.8,179.2
CHI,2023-03-05,False,,False,False,False,601.2,156.5
CHI,2023-03-06,False,,False,True,True,292.2,141.3
CHI,2023-03-07,False,,False,False,True,408.1,207.6
CHI,2023-03-08,False,,True,True,True,77.4,186.5
CHI,2023-03-09,False,,False,False,False,912.0,193.7
CHI,2023-03-10,False,,False,False,False,1194.2,180.1
CHI,2023-03-11,False,,False,False,False,917.2,185.7
CHI,2023-03-12,False,,False,False,False,1123.3,208.3
CHI,2023-03-13,False,,False,False,False,607.7,206.6
CHI,2023-03-14,False,,True,True,True,65.6,211.0
CHI,2023-03-15,False,,True,True,True,70.4,254.8
CHI,2023-03-16,False,,False,False,False,576.4,164.0
CHI,2023-03-17,False,,False,False,False,1141.3,140.5
CHI,2023-03-18,False,,False,False,False,873.5,219.0
CHI,2023-03-19,True,light,True,True,True,0.0,0.0
CHI,2023-03-20,False,,True,True,True,49.1,175.3
CHI,2023-03-21,True,light,True,True,True,0.0,0.0
CHI,2023-03-22,False,,False,False,False,975.3,165.0
CHI,2023-03-23,False,,False,False,False,810.8,182.4
CHI,2023-03-24,False,,False,False,False,597.9,165.2
CHI,2023-03-25,False,,False,True,True,109.2,199.9
CHI,2023-03-26,True,light,True,True,True,0.0,0.0
CHI,2023-03-27,False,,True,True,True,90.3,165.9
CHI,2023-03-28,True,light,True,True,True,0.0,0.0
CHI,2023-03-29,False,,True,True,True,33.4,289.3
CHI,2023-03-30,False,,True,True,True,5.5,196.4
CHI,2023-03-31,False,,False,False,False,618.9,225.1
CHI,2023-04-01,False,,False,True,True,198.1,127.8
CHI,2023-04-02,False,,False,True,True,240.8,256.5
CHI,2023-04-03,True,light,True,True,True,0.0,0.0
CHI,2023-04-04,False,,False,False,True,312.1,215.7
CHI,2023-04-05,False,,False,False,True,464.0,132.8
CHI,2023-04-06,False,,False,True,True,129.6,270.8
CHI,2023-04-07,True,medium,True,True,True,0.0,0.0
CHI,2023-04-08,True,medium,True,True,True,0.0,0.0
CHI,2023-04-09,True,light,True,True,True,0.0,0.0
CHI,2023-04-10,True,light,True,True,True,0.0,0.0
CHI,2023-04-11,True,light,True,True,True,0.0,0.0
CHI,2023-04-12,True,light,True,True,True,0.0,0.0
CHI,2023-04-13,True,light,True,True,True,0.0,0.0
CHI,2023-04-14,True,light,True,True,True,0.0,0.0
CHI,2023-04-15,True,light,True,True,True,0.0,0.0
CHI,2023-04-16,False,,False,True,True,128.2,85.9
CHI,2023-04-17,False,,False,False,True,454.1,252.2
CHI,2023-04-18,True,light,True,True,True,0.0,0.0
CHI,2023-04-19,False,,False,False,True,402.9,171.3
CHI,2023-04-20,False,,False,True,True,260.0,146.3
CHI,2023-04-21,False,,False,False,True,390.1,229.4
CHI,2023-04-22,False,,False,False,False,1025.6,161.0
CHI,2023-04-23,False,,False,False,True,424.1,236.6
CHI,2023-04-24,False,,False,True,True,200.8,249.9
CHI,2023-04-25,False,,False,True,True,119.1,283.7
CHI,2023-04-26,False,,False,True,True,106.0,161.1
CHI,2023-04-27,False,,False,True,True,125.2,323.9
CHI,2023-04-28,False,,False,False,False,1071.4,144.9
CHI,2023-04-29,False,,False,False,False,1363.9,187.2
CHI,2023-04-30,False,,False,False,False,1136.3,223.9
CHI,2023-05-01,False,,False,False,False,559.9,298.3
CHI,2023-05-02,False,,False,False,True,358.7,263.8
CHI,2023-05-03,True,light,True,True,True,0.0,0.0
CHI,2023-05-04,True,light,True,True,True,0.0,0.0
CHI,2023-05-05,True,light,True,True,True,0.0,0.0
CHI,2023-05-06,True,medium,True,True,True,0.0,0.0
CHI,2023-05-07,True,light,True,True,True,0.0,0.0
CHI,2023-05-08,False,,True,True,True,13.9,288.0
CHI,2023-05-09,True,light,True,True,True,0.0,0.0
CHI,2023-05-10,True,light,True,True,True,0.0,0.0
CHI,2023-05-11,True,light,True,True,True,0.0,0.0
CHI,2023-05-12,True,light,True,True,True,0.0,0.0
CHI,2023-05-13,True,light,True,True,True,0.0,0.0
CHI,2023-05-14,False,,True,True,True,83.9,190.8
CHI,2023-05-15,True,light,True,True,True,0.0,0.0
CHI,2023-05-16,True,medium,True,True,True,0.0,0.0
CHI,2023-05-17,True,heavy,True,True,True,0.0,0.0
CHI,2023-05-18,True,heavy,True,True,True,0.0,0.0
CHI,2023-05-19,True,light,True,True,True,0.0,0.0
CHI,2023-05-20,True,medium,True,True,True,0.0,0.0
CHI,2023-05-21,True,medium,True,True,True,0.0,0.0
CHI,2023-05-22,True,medium,True,True,True,0.0,0.0
CHI,2023-05-23,True,medium,True,True,True,0.0,0.0
CHI,2023-05-24,True,medium,True,True,True,0.0,0.0
CHI,2023-05-25,True,light,True,True,True,0.0,0.0
CHI,2023-05-26,True,medium,True,True,True,0.0,0.0
CHI,2023-05-27,False,,True,True,True,6.7,293.2
CHI,2023-05-28,True,light,True,True,True,0.0,0.0
CHI,2023-05-29,False,,False,True,True,116.6,25.0
CHI,2023-05-30,True,light,True,True,True,0.0,0.0
CHI,2023-05-31,True,medium,True,True,True,0.0,0.0
CHI,2023-06-01,True,medium,True,True,True,0.0,0.0
CHI,2023-06-02,True,medium,True,True,True,0.0,0.0
CHI,2023-06-03,True,medium,True,True,True,0.0,0.0
CHI,2023-06-04,True,heavy,True,True,True,0.0,0.0
CHI,2023-06-05,True,medium,True,True,True,0.0,0.0
CHI,2023-06-06,True,medium,True,True,True,0.0,0.0
CHI,2023-06-07,True,heavy,True,True,True,0.0,0.0
CHI,2023-06-08,True,medium,True,True,True,0.0,0.0
CHI,2023-06-09,True,light,True,True,True,0.0,0.0
CHI,2023-06-10,True,light,True,True,True,0.0,0.0
CHI,2023-06-11,True,light,True,True,True,0.0,0.0
CHI,2023-06-12,True,light,True,True,True,0.0,0.0
CHI,2023-06-13,True,light,True,True,True,0.0,0.0
CHI,2023-06-14,True,heavy,True,True,True,0.0,0.0
CHI,2023-06-15,True,heavy,True,True,True,0.0,0.0
CHI,2023-06-16,True,medium,True,True,True,0.0,0.0
CHI,2023-06-17,True,medium,True,True,True,0.0,0.0
CHI,2023-06-18,True,medium,True,True,True,0.0,0.0
CHI,2023-06-19,True,medium,True,True,True,0.0,0.0
CHI,2023-06-20,True,medium,True,True,True,0.0,0.0
CHI,2023-06-21,True,medium,True,True,True,0.0,0.0
CHI,2023-06-22,True,heavy,True,True,True,0.0,0.0
CHI,2023-06-23,True,heavy,True,True,True,0.0,0.0
CHI,2023-06-24,True,medium,True,True,True,0.0,0.0
CHI,2023-06-25,True,light,True,True,True,0.0,0.0
CHI,2023-06-26,True,light,True,True,True,0.0,0.0
CHI,2023-06-27,True,heavy,True,True,True,0.0,0.0
CHI,2023-06-28,True,medium,True,True,True,0.0,0.0
CHI,2023-06-29,True,medium,True,True,True,0.0,0.0
CHI,2023-06-30,True,medium,True,True,True,0.0,0.0
CHI,2023-07-01,True,light,True,True,True,0.0,0.0
CHI,2023-07-02,True,light,True,True,True,0.0,0.0
CHI,2023-07-03,True,light,True,True,True,0.0,0.0
CHI,2023-07-04,True,light,True,True,True,0.0,0.0
CHI,2023-07-05,True,light,True,True,True,0.0,0.0
CHI,2023-07-06,True,light,True,True,True,0.0,0.0
CHI,2023-07-07,True,light,True,True,True,0.0,0.0
CHI,2023-07-08,True,light,True,True,True,0.0,0.0
CHI,2023-07-09,True,light,True,True,True,0.0,0.0
CHI,2023-07-10,True,medium,True,True,True,0.0,0.0
CHI,2023-07-11,True,medium,True,True,True,0.0,0.0
CHI,2023-07-12,True,light,True,True,True,0.0,0.0
CHI,2023-07-13,True,light,True,True,True,0.0,0.0
CHI,2023-07-14,True,medium,True,True,True,0.0,0.0
CHI,2023-07-15,True,heavy,True,True,True,0.0,0.0
CHI,2023-07-16,True,heavy,True,True,True,0.0,0.0
CHI,2023-07-17,True,heavy,True,True,True,0.0,0.0
CHI,2023-07-18,True,medium,True,True,True,0.0,0.0
CHI,2023-07-19,True,light,True,True,True,0.0,0.0
CHI,2023-07-20,True,light,True,True,True,0.0,0.0
CHI,2023-07-21,True,medium,True,True,True,0.0,0.0
CHI,2023-07-22,True,medium,True,True,True,0.0,0.0
CHI,2023-07-23,True,medium,True,True,True,0.0,0.0
CHI,2023-07-24,True,heavy,True,True,True,0.0,0.0
CHI,2023-07-25,True,heavy,True,True,True,0.0,0.0
CHI,2023-07-26,True,medium,True,True,True,0.0,0.0
CHI,2023-07-27,True,medium,True,True,True,0.0,0.0
CHI,2023-07-28,True,light,True,True,True,0.0,0.0
CHI,2023-07-29,True,light,True,True,True,0.0,0.0
CHI,2023-07-30,True,medium,True,True,True,0.0,0.0
CHI,2023-07-31,True,light,True,True,True,0.0,0.0
CHI,2023-08-01,True,medium,True,True,True,0.0,0.0
CHI,2023-08-02,True,light,True,True,True,0.0,0.0
CHI,2023-08-03,True,light,True,True,True,0.0,0.0
CHI,2023-08-04,True,medium,True,True,True,0.0,0.0
CHI,2023-08-05,True,light,True,True,True,0.0,0.0
CHI,2023-08-06,True,light,True,True,True,0.0,0.0
CHI,2023-08-07,True,medium,True,True,True,0.0,0.0
CHI,2023-08-08,True,light,True,True,True,0.0,0.0
CHI,2023-08-09,True,medium,True,True,True,0.0,0.0
CHI,2023-08-10,True,medium,True,True,True,0.0,0.0
CHI,2023-08-11,True,light,True,True,True,0.0,0.0
CHI,2023-08-12,True,light,True,True,True,0.0,0.0
CHI,2023-08-13,True,light,True,True,True,0.0,0.0
CHI,2023-08-14,True,light,True,True,True,0.0,0.0
CHI,2023-08-15,True,medium,True,True,True,0.0,0.0
CHI,2023-08-16,True,light,True,True,True,0.0,0.0
CHI,2023-08-17,True,light,True,True,True,0.0,0.0
CHI,2023-08-18,True,heavy,True,True,True,0.0,0.0
CHI,2023-08-19,True,heavy,True,True,True,0.0,0.0
CHI,2023-08-20,True,medium,True,True,True,0.0,0.0
CHI,2023-08-21,True,light,True,True,True,0.0,0.0
CHI,2023-08-22,True,light,True,True,True,0.0,0.0
CHI,2023-08-23,True,light,True,True,True,0.0,0.0
CHI,2023-08-24,True,medium,True,True,True,0.0,0.0
CHI,2023-08-25,True,light,True,True,True,0.0,0.0
CHI,2023-08-26,True,medium,True,True,True,0.0,0.0
CHI,2023-08-27,True,medium,True,True,True,0.0,0.0
CHI,2023-08-28,True,light,True,True,True,0.0,0.0
CHI,2023-08-29,True,medium,True,True,True,0.0,0.0
CHI,2023-08-30,True,light,True,True,True,0.0,0.0
CHI,2023-08-31,True,light,True,True,True,0.0,0.0
CHI,2023-09-01,False,,False,True,True,181.2,331.4
CHI,2023-09-02,True,light,True,True,True,0.0,0.0
CHI,2023-09-03,True,light,True,True,True,0.0,0.0
CHI,2023-09-04,True,medium,True,True,True,0.0,0.0
CHI,2023-09-05,True,light,True,True,True,0.0,0.0
CHI,2023-09-06,True,light,True,True,True,0.0,0.0
CHI,2023-09-07,True,light,True,True,True,0.0,0.0
CHI,2023-09-08,True,light,True,True,True,0.0,0.0
CHI,2023-09-09,True,medium,True,True,True,0.0,0.0
CHI,2023-09-10,True,light,True,True,True,0.0,0.0
CHI,2023-09-11,True,light,True,True,True,0.0,0.0
CHI,2023-09-12,True,light,True,True,True,0.0,0.0
CHI,2023-09-13,True,light,True,True,True,0.0,0.0
CHI,2023-09-14,True,light,True,True,True,0.0,0.0
CHI,2023-09-15,True,light,True,True,True,0.0,0.0
CHI,2023-09-16,True,light,True,True,True,0.0,0.0
CHI,2023-09-17,True,light,True,True,True,0.0,0.0
CHI,2023-09-18,True,light,True,True,True,0.0,0.0
CHI,2023-09-19,True,light,True,True,True,0.0,0.0
CHI,2023-09-20,True,light,True,True,True,0.0,0.0
CHI,2023-09-21,True,medium,True,True,True,0.0,0.0
CHI,2023-09-22,True,light,True,True,True,0.0,0.0
CHI,2023-09-23,True,light,True,True,True,0.0,0.0
CHI,2023-09-24,True,light,True,True,True,0.0,0.0
CHI,2023-09-25,True,light,True,True,True,0.0,0.0
CHI,2023-09-26,True,light,True,True,True,0.0,0.0
CHI,2023-09-27,False,,True,True,True,94.3,17.5
CHI,2023-09-28,True,light,True,True,True,0.0,0.0
CHI,2023-09-29,True,light,True,True,True,0.0,0.0
CHI,2023-09-30,True,light,True,True,True,0.0,0.0
CHI,2023-10-01,True,light,True,True,True,0.0,0.0
CHI,2023-10-02,True,light,True,True,True,0.0,0.0
CHI,2023-10-03,True,light,True,True,True,0.0,0.0
CHI,2023-10-04,False,,False,False,True,465.5,154.3
CHI,2023-10-05,True,light,True,True,True,0.0,0.0
CHI,2023-10-06,True,light,True,True,True,0.0,0.0
CHI,2023-10-07,True,light,True,True,True,0.0,0.0
CHI,2023-10-08,False,,False,False,True,321.5,49.4
CHI,2023-10-09,True,light,True,True,True,0.0,0.0
CHI,2023-10-10,False,,True,True,True,74.8,202.3
CHI,2023-10-11,False,,True,True,True,29.2,224.4
CHI,2023-10-12,True,light,True,True,True,0.0,0.0
CHI,2023-10-13,False,,False,True,True,179.5,137.0
CHI,2023-10-14,False,,False,False,False,664.1,196.9
CHI,2023-10-15,False,,False,False,False,985.6,303.8
CHI,2023-10-16,False,,False,False,False,513.3,194.8
CHI,2023-10-17,False,,False,False,False,532.9,194.7
CHI,2023-10-18,False,,False,True,True,122.2,110.5
CHI,2023-10-19,False,,True,True,True,46.5,258.2
CHI,2023-10-20,False,,False,True,True,102.2,254.3
CHI,2023-10-21,False,,False,False,True,308.2,250.8
CHI,2023-10-22,False,,False,False,True,481.5,202.3
CHI,2023-10-23,True,light,True,True,True,0.0,0.0
CHI,2023-10-24,True,light,True,True,True,0.0,0.0
CHI,2023-10-25,False,,False,False,True,312.6,155.5
CHI,2023-10-26,False,,False,False,True,390.6,166.4
CHI,2023-10-27,False,,False,False,True,334.7,90.1
CHI,2023-10-28,False,,False,False,False,809.1,105.9
CHI,2023-10-29,False,,False,False,False,932.2,136.8
CHI,2023-10-30,False,,False,False,False,972.4,137.0
CHI,2023-10-31,False,,False,False,False,1042.1,142.1
CHI,2023-11-01,False,,False,False,False,774.2,131.5
CHI,2023-11-02,False,,False,False,False,571.0,153.4
CHI,2023-11-03,False,,False,True,True,280.7,111.1
CHI,2023-11-04,True,light,True,True,True,0.0,0.0
CHI,2023-11-05,True,light,True,True,True,0.0,0.0
CHI,2023-11-06,True,light,True,True,True,0.0,0.0
CHI,2023-11-07,False,,False,True,True,144.3,172.1
CHI,2023-11-08,True,light,True,True,True,0.0,0.0
CHI,2023-11-09,True,light,True,True,True,0.0,0.0
CHI,2023-11-10,False,,False,False,True,387.8,165.2
CHI,2023-11-11,False,,False,False,True,430.9,122.1
CHI,2023-11-12,False,,False,False,True,332.6,262.1
CHI,2023-11-13,False,,True,True,True,39.4,262.9
CHI,2023-11-14,False,,True,True,True,7.8,108.2
CHI,2023-11-15,True,light,True,True,True,0.0,0.0
CHI,2023-11-16,False,,True,True,True,61.9,153.0
CHI,2023-11-17,False,,True,True,True,23.4,313.6
CHI,2023-11-18,False,,False,False,True,306.1,266.7
CHI,2023-11-19,False,,False,False,False,509.7,133.5
CHI,2023-11-20,False,,False,False,False,1076.9,168.9
CHI,2023-11-21,False,,False,False,False,1665.3,161.6
CHI,2023-11-22,False,,False,False,False,889.6,215.1
CHI,2023-11-23,False,,False,False,False,1758.3,160.1
CHI,2023-11-24,False,,False,False,False,1060.5,158.1
CHI,2023-11-25,False,,False,False,False,531.1,134.1
CHI,2023-11-26,False,,False,False,False,1269.4,194.0
CHI,2023-11-27,False,,False,False,False,1152.3,198.2
CHI,2023-11-28,False,,False,False,True,454.0,215.6
CHI,2023-11-29,False,,False,False,False,701.4,180.3
CHI,2023-11-30,False,,False,False,False,551.7,144.1
CHI,2023-12-01,False,,False,False,False,964.4,304.8
CHI,2023-12-02,False,,False,False,False,1012.9,307.7
CHI,2023-12-03,False,,False,False,False,1189.9,305.2
CHI,2023-12-04,False,,False,False,False,998.4,138.1
CHI,2023-12-05,False,,False,False,False,825.5,161.5
CHI,2023-12-06,False,,False,False,False,643.8,231.2
CHI,2023-12-07,False,,False,False,False,768.2,179.5
CHI,2023-12-08,False,,False,False,True,409.3,319.5
CHI,2023-12-09,False,,False,False,False,853.7,222.5
CHI,2023-12-10,False,,False,False,False,857.0,223.9
CHI,2023-12-11,False,,False,True,True,263.9,211.9
CHI,2023-12-12,False,,False,False,True,341.7,182.9
CHI,2023-12-13,False,,False,False,True,315.5,272.7
CHI,2023-12-14,False,,True,True,True,34.5,345.7
CHI,2023-12-15,False,,False,False,False,893.4,168.7
CHI,2023-12-16,False,,False,False,False,2778.0,272.9
CHI,2023-12-17,False,,False,False,False,1958.5,322.1
CHI,2023-12-18,False,,False,False,False,663.3,235.2
CHI,2023-12-19,False,,False,False,False,809.8,163.9
CHI,2023-12-20,False,,False,False,False,1099.5,203.0
CHI,2023-12-21,False,,False,False,False,1322.9,164.0
CHI,2023-12-22,False,,False,False,False,954.0,187.6
CHI,2023-12-23,False,,False,False,False,789.0,168.6
CHI,2023-12-24,False,,False,False,False,1899.3,206.2
CHI,2023-12-25,False,,False,False,False,2844.9,184.6
CHI,2023-12-26,False,,False,False,False,918.4,192.3
CHI,2023-12-27,False,,False,False,False,939.1,202.2
CHI,2023-12-28,False,,False,False,False,1144.8,183.3
CHI,2023-12-29,False,,False,False,False,839.0,133.8
CHI,2023-12-30,False,,False,False,False,927.3,184.5
CHI,2023-12-31,False,,False,False,False,1195.2,155.4
CHI,2024-01-01,False,,False,False,False,1059.7,164.1
CHI,2024-01-02,False,,False,False,False,964.0,169.8
CHI,2024-01-03,False,,False,False,False,729.8,225.8
CHI,2024-01-04,False,,False,False,False,878.1,184.1
CHI,2024-01-05,False,,False,False,False,1041.4,151.7
CHI,2024-01-06,False,,False,False,False,1301.8,280.9
CHI,2024-01-07,False,,False,False,False,1077.4,210.8
CHI,2024-01-08,False,,False,False,False,965.0,137.4
CHI,2024-01-09,False,,False,False,False,1549.2,203.8
CHI,2024-01-10,False,,False,False,False,1963.9,234.6
CHI,2024-01-11,False,,False,False,False,1012.2,135.3
CHI,2024-01-12,False,,False,False,False,778.4,125.4
CHI,2024-01-13,False,,False,False,False,1131.4,187.3
CHI,2024-01-14,False,,False,False,False,1112.2,167.7
CHI,2024-01-15,False,,False,False,False,2141.0,167.9
CHI,2024-01-16,False,,False,False,False,2342.3,238.0
CHI,2024-01-17,False,,False,False,False,1033.2,145.8
CHI,2024-01-18,False,,False,False,False,1039.7,156.4
CHI,2024-01-19,False,,False,False,False,1114.9,158.2
CHI,2024-01-20,False,,False,False,False,1001.6,150.6
CHI,2024-01-21,False,,False,False,False,945.3,158.0
CHI,2024-01-22,False,,False,False,False,2741.6,300.9
CHI,2024-01-23,False,,False,False,False,1768.6,161.8
CHI,2024-01-24,False,,False,False,False,1764.8,161.3
CHI,2024-01-25,False,,False,False,False,1379.5,156.7
CHI,2024-01-26,False,,False,False,False,1789.5,164.1
CHI,2024-01-27,False,,False,False,False,1349.0,155.1
CHI,2024-01-28,False,,False,False,False,2860.4,196.0
CHI,2024-01-29,False,,False,False,False,1015.1,142.4
CHI,2024-01-30,False,,False,False,False,784.6,173.0
CHI,2024-01-31,False,,False,False,False,985.9,167.3
CHI,2024-02-01,False,,False,False,False,987.9,223.5
CHI,2024-02-02,False,,False,False,False,511.2,208.9
CHI,2024-02-03,False,,False,False,False,684.4,190.6
CHI,2024-02-04,False,,False,False,False,1965.9,203.9
CHI,2024-02-05,False,,False,False,False,943.8,138.6
CHI,2024-02-06,False,,False,False,False,577.8,180.4
CHI,2024-02-07,False,,False,False,False,706.9,165.2
CHI,2024-02-08,False,,False,False,False,756.5,224.2
CHI,2024-02-09,False,,False,True,True,174.7,197.7
CHI,2024-02-10,False,,False,False,False,1476.0,187.9
CHI,2024-02-11,False,,False,False,False,1850.6,188.1
CHI,2024-02-12,False,,False,False,False,1548.5,203.8
CHI,2024-02-13,False,,False,False,True,319.5,196.5
CHI,2024-02-14,False,,False,True,True,118.3,182.7
CHI,2024-02-15,False,,False,False,True,396.8,211.4
CHI,2024-02-16,False,,False,False,False,1524.7,234.8
CHI,2024-02-17,False,,False,False,False,567.6,252.5
CHI,2024-02-18,False,,True,True,True,61.0,254.3
CHI,2024-02-19,False,,False,False,True,474.5,198.5
CHI,2024-02-20,True,light,True,True,True,0.0,0.0
CHI,2024-02-21,True,light,True,True,True,0.0,0.0
CHI,2024-02-22,True,light,True,True,True,0.0,0.0
CHI,2024-02-23,True,light,True,True,True,0.0,0.0
CHI,2024-02-24,False,,False,False,True,422.6,234.8
CHI,2024-02-25,False,,False,True,True,209.0,240.7
CHI,2024-02-26,True,light,True,True,True,0.0,0.0
CHI,2024-02-27,True,light,True,True,True,0.0,0.0
CHI,2024-02-28,False,,False,False,False,576.9,211.9
CHI,2024-02-29,False,,True,True,True,39.4,105.2
CHI,2024-03-01,True,light,True,True,True,0.0,0.0
CHI,2024-03-02,True,light,True,True,True,0.0,0.0
CHI,2024-03-03,False,,False,False,True,381.7,186.3
CHI,2024-03-04,True,light,True,True,True,0.0,0.0
CHI,2024-03-05,False,,False,False,False,723.9,223.1
CHI,2024-03-06,False,,False,False,True,454.1,216.3
CHI,2024-03-07,False,,False,True,True,135.8,331.8
CHI,2024-03-08,False,,False,False,False,1467.3,178.7
CHI,2024-03-09,False,,False,False,False,636.5,310.4
CHI,2024-03-10,False,,True,True,True,7.2,234.3
CHI,2024-03-11,True,light,True,True,True,0.0,0.0
CHI,2024-03-12,True,light,True,True,True,0.0,0.0
CHI,2024-03-13,True,light,True,True,True,0.0,0.0
CHI,2024-03-14,True,light,True,True,True,0.0,0.0
CHI,2024-03-15,False,,False,True,True,169.2,161.8
CHI,2024-03-16,False,,False,False,False,709.7,273.5
CHI,2024-03-17,False,,False,False,True,475.2,193.5
CHI,2024-03-18,False,,False,True,True,200.7,228.3
CHI,2024-03-19,False,,True,True,True,49.4,199.4
CHI,2024-03-20,True,light,True,True,True,0.0,0.0
CHI,2024-03-21,True,light,True,True,True,0.0,0.0
CHI,2024-03-22,True,light,True,True,True,0.0,0.0
CHI,2024-03-23,True,light,True,True,True,0.0,0.0
CHI,2024-03-24,False,,False,False,True,354.6,156.4
CHI,2024-03-25,False,,False,False,True,462.1,163.7
CHI,2024-03-26,False,,False,False,True,460.4,105.5
CHI,2024-03-27,False,,False,False,False,516.9,212.2
CHI,2024-03-28,True,light,True,True,True,0.0,0.0
CHI,2024-03-29,True,light,True,True,True,0.0,0.0
CHI,2024-03-30,True,light,True,True,True,0.0,0.0
CHI,2024-03-31,False,,False,False,False,945.2,133.0
CHI,2024-04-01,False,,False,False,False,1271.7,176.8
CHI,2024-04-02,False,,False,False,False,828.9,137.3
CHI,2024-04-03,False,,False,False,False,831.3,235.7
CHI,2024-04-04,False,,False,False,True,491.2,257.4
CHI,2024-04-05,False,,False,True,True,299.6,274.9
CHI,2024-04-06,False,,False,True,True,119.6,256.5
CHI,2024-04-07,False,,False,True,True,178.1,218.8
CHI,2024-04-08,False,,False,False,True,333.3,260.1
CHI,2024-04-09,False,,False,True,True,216.4,238.4
CHI,2024-04-10,False,,False,False,False,1195.5,190.0
CHI,2024-04-11,False,,False,False,True,306.2,253.4
CHI,2024-04-12,False,,False,False,True,414.9,255.9
CHI,2024-04-13,True,light,True,True,True,0.0,0.0
CHI,2024-04-14,True,light,True,True,True,0.0,0.0
CHI,2024-04-15,True,light,True,True,True,0.0,0.0
CHI,2024-04-16,False,,False,False,False,652.0,234.5
CHI,2024-04-17,False,,False,False,False,503.5,271.6
CHI,2024-04-18,False,,False,False,False,753.2,120.9
CHI,2024-04-19,False,,False,False,False,833.3,157.2
CHI,2024-04-20,False,,False,False,False,542.0,331.7
CHI,2024-04-21,True,light,True,True,True,0.0,0.0
CHI,2024-04-22,False,,False,False,False,714.5,184.4
CHI,2024-04-23,False,,False,False,False,752.3,131.7
CHI,2024-04-24,True,light,True,True,True,0.0,0.0
CHI,2024-04-25,True,light,True,True,True,0.0,0.0
CHI,2024-04-26,False,,False,False,True,462.8,234.6
CHI,2024-04-27,False,,False,False,False,1259.5,203.8
CHI,2024-04-28,False,,False,False,False,676.8,142.0
CHI,2024-04-29,False,,False,False,True,421.5,124.4
CHI,2024-04-30,False,,False,False,False,694.9,226.6
CHI,2024-05-01,False,,False,False,False,541.0,236.7
CHI,2024-05-02,False,,False,False,False,721.9,144.1
CHI,2024-05-03,False,,False,False,False,1017.1,146.1
CHI,2024-05-04,False,,False,False,False,1126.8,182.0
CHI,2024-05-05,False,,False,False,False,789.0,292.7
CHI,2024-05-06,False,,False,False,False,549.0,230.3
CHI,2024-05-07,False,,False,False,False,754.5,183.5
CHI,2024-05-08,False,,False,False,False,817.3,172.4
CHI,2024-05-09,False,,False,False,False,540.9,311.2
CHI,2024-05-10,False,,False,False,False,943.7,139.2
CHI,2024-05-11,True,light,True,True,True,0.0,0.0
CHI,2024-05-12,True,medium,True,True,True,0.0,0.0
CHI,2024-05-13,True,light,True,True,True,0.0,0.0
CHI,2024-05-14,True,light,True,True,True,0.0,0.0
CHI,2024-05-15,True,light,True,True,True,0.0,0.0
CHI,2024-05-16,True,light,True,True,True,0.0,0.0
CHI,2024-05-17,False,,False,False,False,1022.0,177.1
CHI,2024-05-18,True,light,True,True,True,0.0,0.0
CHI,2024-05-19,True,light,True,True,True,0.0,0.0
CHI,2024-05-20,True,light,True,True,True,0.0,0.0
CHI,2024-05-21,True,light,True,True,True,0.0,0.0
CHI,2024-05-22,True,light,True,True,True,0.0,0.0
CHI,2024-05-23,True,light,True,True,True,0.0,0.0
CHI,2024-05-24,True,light,True,True,True,0.0,0.0
CHI,2024-05-25,True,light,True,True,True,0.0,0.0
CHI,2024-05-26,True,light,True,True,True,0.0,0.0
CHI,2024-05-27,False,,False,True,True,254.2,106.7
CHI,2024-05-28,True,light,True,True,True,0.0,0.0
CHI,2024-05-29,False,,False,True,True,203.1,267.9
CHI,2024-05-30,False,,True,True,True,51.7,324.8
CHI,2024-05-31,False,,False,False,False,870.9,314.1
CHI,2024-06-01,False,,False,False,False,509.1,208.0
CHI,2024-06-02,False,,False,False,True,477.0,2.5
CHI,2024-06-03,True,light,True,True,True,0.0,0.0
CHI,2024-06-04,False,,False,False,True,468.9,354.3
CHI,2024-06-05,False,,False,False,True,346.0,157.4
CHI,2024-06-06,False,,False,False,False,1507.4,215.7
CHI,2024-06-07,False,,False,False,False,852.7,229.5
CHI,2024-06-08,False,,False,True,True,297.3,209.7
CHI,2024-06-09,False,,False,False,True,392.6,180.0
CHI,2024-06-10,True,light,True,True,True,0.0,0.0
CHI,2024-06-11,False,,False,True,True,204.9,109.6
CHI,2024-06-12,True,light,True,True,True,0.0,0.0
CHI,2024-06-13,True,light,True,True,True,0.0,0.0
CHI,2024-06-14,True,light,True,True,True,0.0,0.0
CHI,2024-06-15,False,,True,True,True,53.1,199.7
CHI,2024-06-16,True,light,True,True,True,0.0,0.0
CHI,2024-06-17,True,light,True,True,True,0.0,0.0
CHI,2024-06-18,True,light,True,True,True,0.0,0.0
CHI,2024-06-19,True,light,True,True,True,0.0,0.0
CHI,2024-06-20,True,light,True,True,True,0.0,0.0
CHI,2024-06-21,True,light,True,True,True,0.0,0.0
CHI,2024-06-22,True,light,True,True,True,0.0,0.0
CHI,2024-06-23,False,,False,True,True,168.6,269.0
CHI,2024-06-24,True,light,True,True,True,0.0,0.0
CHI,2024-06-25,False,,False,True,True,110.5,345.1
CHI,2024-06-26,True,light,True,True,True,0.0,0.0
CHI,2024-06-27,False,,True,True,True,62.2,161.4
CHI,2024-06-28,False,,False,False,False,645.7,163.2
CHI,2024-06-29,False,,True,True,True,19.6,177.5
CHI,2024-06-30,False,,True,True,True,12.6,340.3
CHI,2024-07-01,False,,False,False,True,351.5,84.6
CHI,2024-07-02,False,,False,True,True,276.0,202.7
CHI,2024-07-03,False,,False,False,True,320.0,160.1
CHI,2024-07-04,True,light,True,True,True,0.0,0.0
CHI,2024-07-05,True,medium,True,True,True,0.0,0.0
CHI,2024-07-06,True,light,True,True,True,0.0,0.0
CHI,2024-07-07,True,light,True,True,True,0.0,0.0
CHI,2024-07-08,True,light,True,True,True,0.0,0.0
CHI,2024-07-09,True,light,True,True,True,0.0,0.0
CHI,2024-07-10,True,medium,True,True,True,0.0,0.0
CHI,2024-07-11,True,medium,True,True,True,0.0,0.0
CHI,2024-07-12,True,medium,True,True,True,0.0,0.0
CHI,2024-07-13,True,light,True,True,True,0.0,0.0
CHI,2024-07-14,True,light,True,True,True,0.0,0.0
CHI,2024-07-15,True,medium,True,True,True,0.0,0.0
CHI,2024-07-16,True,light,True,True,True,0.0,0.0
CHI,2024-07-17,True,medium,True,True,True,0.0,0.0
CHI,2024-07-18,True,light,True,True,True,0.0,0.0
CHI,2024-07-19,True,medium,True,True,True,0.0,0.0
CHI,2024-07-20,True,light,True,True,True,0.0,0.0
CHI,2024-07-21,True,medium,True,True,True,0.0,0.0
CHI,2024-07-22,True,medium,True,True,True,0.0,0.0
CHI,2024-07-23,True,medium,True,True,True,0.0,0.0
CHI,2024-07-24,True,heavy,True,True,True,0.0,0.0
CHI,2024-07-25,True,medium,True,True,True,0.0,0.0
CHI,2024-07-26,True,medium,True,True,True,0.0,0.0
CHI,2024-07-27,True,light,True,True,True,0.0,0.0
CHI,2024-07-28,True,light,True,True,True,0.0,0.0
CHI,2024-07-29,True,medium,True,True,True,0.0,0.0
CHI,2024-07-30,True,medium,True,True,True,0.0,0.0
CHI,2024-07-31,True,medium,True,True,True,0.0,0.0
CHI,2024-08-01,True,light,True,True,True,0.0,0.0
CHI,2024-08-02,True,light,True,True,True,0.0,0.0
CHI,2024-08-03,True,medium,True,True,True,0.0,0.0
CHI,2024-08-04,True,medium,True,True,True,0.0,0.0
CHI,2024-08-05,True,medium,True,True,True,0.0,0.0
CHI,2024-08-06,True,light,True,True,True,0.0,0.0
CHI,2024-08-07,True,light,True,True,True,0.0,0.0
CHI,2024-08-08,True,light,True,True,True,0.0,0.0
CHI,2024-08-09,True,light,True,True,True,0.0,0.0
CHI,2024-08-10,True,light,True,True,True,0.0,0.0
CHI,2024-08-11,True,light,True,True,True,0.0,0.0
CHI,2024-08-12,True,light,True,True,True,0.0,0.0
CHI,2024-08-13,True,light,True,True,True,0.0,0.0
CHI,2024-08-14,True,light,True,True,True,0.0,0.0
CHI,2024-08-15,True,medium,True,True,True,0.0,0.0
CHI,2024-08-16,True,light,True,True,True,0.0,0.0
CHI,2024-08-17,True,medium,True,True,True,0.0,0.0
CHI,2024-08-18,True,light,True,True,True,0.0,0.0
CHI,2024-08-19,True,light,True,True,True,0.0,0.0
CHI,2024-08-20,True,light,True,True,True,0.0,0.0
CHI,2024-08-21,True,medium,True,True,True,0.0,0.0
CHI,2024-08-22,True,medium,True,True,True,0.0,0.0
CHI,2024-08-23,True,medium,True,True,True,0.0,0.0
CHI,2024-08-24,True,light,True,True,True,0.0,0.0
CHI,2024-08-25,True,light,True,True,True,0.0,0.0
CHI,2024-08-26,True,light,True,True,True,0.0,0.0
CHI,2024-08-27,True,light,True,True,True,0.0,0.0
CHI,2024-08-28,True,light,True,True,True,0.0,0.0
CHI,2024-08-29,True,light,True,True,True,0.0,0.0
CHI,2024-08-30,False,,True,True,True,58.5,167.5
CHI,2024-08-31,True,light,True,True,True,0.0,0.0
CHI,2024-09-01,True,light,True,True,True,0.0,0.0
CHI,2024-09-02,True,light,True,True,True,0.0,0.0
CHI,2024-09-03,True,light,True,True,True,0.0,0.0
CHI,2024-09-04,True,light,True,True,True,0.0,0.0
CHI,2024-09-05,True,light,True,True,True,0.0,0.0
CHI,2024-09-06,True,light,True,True,True,0.0,0.0
CHI,2024-09-07,False,,False,True,True,169.0,274.6
CHI,2024-09-08,True,heavy,True,True,True,0.0,0.0
CHI,2024-09-09,True,medium,True,True,True,0.0,0.0
CHI,2024-09-10,True,heavy,True,True,True,0.0,0.0
CHI,2024-09-11,True,medium,True,True,True,0.0,0.0
CHI,2024-09-12,True,medium,True,True,True,0.0,0.0
CHI,2024-09-13,True,light,True,True,True,0.0,0.0
CHI,2024-09-14,True,light,True,True,True,0.0,0.0
CHI,2024-09-15,True,light,True,True,True,0.0,0.0
CHI,2024-09-16,True,medium,True,True,True,0.0,0.0
CHI,2024-09-17,True,light,True,True,True,0.0,0.0
CHI,2024-09-18,True,light,True,True,True,0.0,0.0
CHI,2024-09-19,True,light,True,True,True,0.0,0.0
CHI,2024-09-20,True,light,True,True,True,0.0,0.0
CHI,2024-09-21,True,light,True,True,True,0.0,0.0
CHI,2024-09-22,True,light,True,True,True,0.0,0.0
CHI,2024-09-23,False,,False,False,False,616.3,151.3
CHI,2024-09-24,False,,False,False,True,452.3,141.7
CHI,2024-09-25,False,,False,True,True,173.5,127.7
CHI,2024-09-26,False,,False,False,False,969.3,287.4
CHI,2024-09-27,False,,False,False,False,569.6,309.7
CHI,2024-09-28,False,,False,False,True,322.3,353.7
CHI,2024-09-29,False,,False,False,False,510.4,318.8
CHI,2024-09-30,True,light,True,True,True,0.0,0.0
CHI,2024-10-01,True,light,True,True,True,0.0,0.0
CHI,2024-10-02,True,light,True,True,True,0.0,0.0
CHI,2024-10-03,True,light,True,True,True,0.0,0.0
CHI,2024-10-04,True,light,True,True,True,0.0,0.0
CHI,2024-10-05,False,,False,False,True,302.0,293.2
CHI,2024-10-06,True,light,True,True,True,0.0,0.0
CHI,2024-10-07,False,,False,True,True,178.1,255.0
CHI,2024-10-08,False,,False,True,True,189.0,249.2
CHI,2024-10-09,True,light,True,True,True,0.0,0.0
CHI,2024-10-10,True,light,True,True,True,0.0,0.0
CHI,2024-10-11,True,medium,True,True,True,0.0,0.0
CHI,2024-10-12,True,light,True,True,True,0.0,0.0
CHI,2024-10-13,False,,False,True,True,121.8,213.1
CHI,2024-10-14,False,,False,False,False,561.0,213.7
CHI,2024-10-15,False,,False,False,False,615.1,174.7
CHI,2024-10-16,False,,False,False,False,532.7,196.5
CHI,2024-10-17,True,light,True,True,True,0.0,0.0
CHI,2024-10-18,True,light,True,True,True,0.0,0.0
CHI,2024-10-19,True,light,True,True,True,0.0,0.0
CHI,2024-10-20,True,light,True,True,True,0.0,0.0
CHI,2024-10-21,True,light,True,True,True,0.0,0.0
CHI,2024-10-22,True,light,True,True,True,0.0,0.0
CHI,2024-10-23,False,,False,True,True,167.0,321.2
CHI,2024-10-24,False,,False,False,True,327.7,216.6
CHI,2024-10-25,False,,False,False,True,389.6,183.0
CHI,2024-10-26,False,,False,False,True,312.2,154.5
CHI,2024-10-27,False,,False,False,True,340.1,203.4
CHI,2024-10-28,False,,False,True,True,142.4,269.1
CHI,2024-10-29,True,light,True,True,True,0.0,0.0
CHI,2024-10-30,True,light,True,True,True,0.0,0.0
CHI,2024-10-31,False,,False,False,False,788.1,331.3
CHI,2024-11-01,False,,True,True,True,26.9,189.3
CHI,2024-11-02,False,,False,False,False,599.7,137.4
CHI,2024-11-03,False,,False,False,False,628.7,127.6
CHI,2024-11-04,False,,False,False,False,897.6,203.1
CHI,2024-11-05,False,,False,True,True,188.3,143.4
CHI,2024-11-06,False,,False,False,False,688.6,217.2
CHI,2024-11-07,False,,False,False,False,1263.6,281.5
CHI,2024-11-08,False,,False,False,False,633.3,134.4
CHI,2024-11-09,False,,False,False,False,580.2,139.6
CHI,2024-11-10,False,,False,False,False,1755.8,205.1
CHI,2024-11-11,False,,False,True,True,248.1,191.1
CHI,2024-11-12,False,,False,False,False,597.2,136.0
CHI,2024-11-13,False,,False,False,False,600.6,221.4
CHI,2024-11-14,False,,False,False,False,1081.8,180.4
CHI,2024-11-15,False,,False,False,False,858.0,255.5
CHI,2024-11-16,False,,False,False,False,928.8,305.6
CHI,2024-11-17,False,,False,False,False,925.8,172.3
CHI,2024-11-18,False,,False,False,False,939.2,164.0
CHI,2024-11-19,False,,False,False,False,1189.8,88.6
CHI,2024-11-20,False,,False,False,False,1372.9,194.7
CHI,2024-11-21,False,,False,False,False,1166.1,164.0
CHI,2024-11-22,False,,False,False,False,886.5,183.0
CHI,2024-11-23,False,,False,False,False,929.7,172.0
CHI,2024-11-24,False,,False,False,False,1073.4,170.6
CHI,2024-11-25,False,,False,False,False,516.6,278.5
CHI,2024-11-26,False,,False,False,False,774.3,176.2
CHI,2024-11-27,False,,False,False,False,1032.0,208.3
CHI,2024-11-28,False,,False,False,False,1151.8,163.1
CHI,2024-11-29,False,,False,False,True,387.0,180.8
CHI,2024-11-30,False,,False,False,False,917.5,211.4
CHI,2024-12-01,False,,False,False,False,836.4,210.5
CHI,2024-12-02,False,,False,False,False,854.3,187.4
CHI,2024-12-03,False,,False,False,False,655.0,188.3
CHI,2024-12-04,False,,False,False,False,956.3,147.5
CHI,2024-12-05,False,,False,False,False,534.6,219.3
CHI,2024-12-06,False,,False,False,True,457.4,209.2
CHI,2024-12-07,False,,False,False,True,467.4,185.7
CHI,2024-12-08,False,,False,False,False,829.8,121.3
CHI,2024-12-09,False,,False,False,False,1410.3,214.3
CHI,2024-12-10,False,,False,False,False,1606.2,196.3
CHI,2024-12-11,False,,False,False,False,722.0,228.0
CHI,2024-12-12,False,,False,False,False,1136.7,202.9
CHI,2024-12-13,False,,False,False,False,2533.9,204.0
CHI,2024-12-14,False,,False,False,False,1112.5,116.8
CHI,2024-12-15,False,,False,False,False,1372.3,195.9
CHI,2024-12-16,False,,False,False,False,1085.4,159.0
CHI,2024-12-17,False,,False,False,False,1107.7,170.9
CHI,2024-12-18,False,,False,False,False,572.0,257.5
CHI,2024-12-19,False,,False,False,True,336.2,204.2
CHI,2024-12-20,False,,False,False,False,1055.2,157.5
CHI,2024-12-21,False,,False,False,False,1003.6,171.3
CHI,2024-12-22,False,,False,False,False,991.0,166.9
CHI,2024-12-23,False,,False,False,False,828.0,176.4
CHI,2024-12-24,False,,False,False,False,800.7,181.5
CHI,2024-12-25,False,,False,False,False,1458.8,206.8
CHI,2024-12-26,False,,False,False,False,1384.9,210.7
CHI,2024-12-27,False,,False,False,False,1274.7,198.1
CHI,2024-12-28,False,,False,False,False,1479.9,203.3
CHI,2024-12-29,False,,False,False,False,1562.9,207.2
CHI,2024-12-30,False,,False,False,False,1177.8,169.9
CHI,2024-12-31,False,,False,False,False,1182.8,228.4
CHI,2025-01-01,False,,False,False,False,1095.4,184.5
CHI,2025-01-02,False,,False,False,False,838.0,178.9
CHI,2025-01-03,False,,False,False,False,860.7,160.4
CHI,2025-01-04,False,,False,False,False,981.7,171.8
CHI,2025-01-05,False,,False,False,False,2205.7,199.6
CHI,2025-01-06,False,,False,False,False,2027.4,244.9
CHI,2025-01-07,False,,False,False,False,1111.4,156.9
CHI,2025-01-08,False,,False,False,False,861.5,230.8
CHI,2025-01-09,False,,False,False,False,961.5,154.8
CHI,2025-01-10,False,,False,False,False,1639.5,161.2
CHI,2025-01-11,False,,False,False,False,948.7,187.3
CHI,2025-01-12,False,,False,False,False,1661.8,160.5
CHI,2025-01-13,False,,False,False,False,1689.3,160.1
CHI,2025-01-14,False,,False,False,False,1034.7,137.1
CHI,2025-01-15,False,,False,False,False,934.5,185.1
CHI,2025-01-16,False,,False,False,False,927.1,172.7
CHI,2025-01-17,False,,False,False,False,761.8,152.0
CHI,2025-01-18,False,,False,False,False,501.1,159.8
CHI,2025-01-19,False,,False,False,False,1183.0,199.9
CHI,2025-01-20,False,,False,False,False,906.1,152.9
CHI,2025-01-21,False,,False,False,False,1085.0,209.6
CHI,2025-01-22,False,,False,False,False,751.0,207.8
CHI,2025-01-23,False,,False,False,False,860.4,178.4
CHI,2025-01-24,False,,False,False,False,637.0,204.1
CHI,2025-01-25,False,,False,False,False,794.1,182.0
CHI,2025-01-26,False,,False,True,True,187.0,196.4
CHI,2025-01-27,False,,False,False,False,558.4,173.5
CHI,2025-01-28,False,,False,False,False,540.0,172.0
CHI,2025-01-29,False,,False,False,False,947.9,138.8
CHI,2025-01-30,False,,False,False,False,1246.2,223.2
CHI,2025-01-31,False,,False,False,False,1417.0,236.3
CHI,2025-02-01,False,,False,False,False,1317.8,190.3
CHI,2025-02-02,False,,False,False,False,741.8,157.8
CHI,2025-02-03,False,,False,False,False,745.1,150.0
CHI,2025-02-04,False,,False,False,False,894.5,139.9
CHI,2025-02-05,False,,False,False,False,1213.4,154.7
CHI,2025-02-06,False,,False,False,False,1140.0,157.0
CHI,2025-02-07,False,,False,False,False,860.4,172.5
CHI,2025-02-08,False,,False,False,False,1162.2,152.2
CHI,2025-02-09,False,,False,False,False,1000.8,153.6
CHI,2025-02-10,False,,False,False,False,1064.2,166.8
CHI,2025-02-11,False,,False,False,False,1455.2,198.3
CHI,2025-02-12,False,,False,False,False,1167.2,190.5
CHI,2025-02-13,False,,False,False,False,1586.0,184.7
CHI,2025-02-14,False,,False,False,False,1504.6,195.5
CHI,2025-02-15,False,,False,False,False,1440.8,194.3
CHI,2025-02-16,False,,False,False,False,1441.5,215.5
CHI,2025-02-17,False,,False,False,False,962.1,173.6
CHI,2025-02-18,False,,False,False,False,1783.8,195.5
CHI,2025-02-19,False,,False,False,False,2054.1,166.0
CHI,2025-02-20,False,,False,False,False,940.7,171.3
CHI,2025-02-21,False,,False,False,False,807.6,174.4
CHI,2025-02-22,False,,False,False,False,971.1,216.7
CHI,2025-02-23,False,,False,False,False,910.1,213.7
CHI,2025-02-24,False,,False,False,False,679.7,159.4
CHI,2025-02-25,False,,False,False,False,573.4,180.1
CHI,2025-02-26,False,,False,False,False,626.4,221.1
CHI,2025-02-27,False,,False,False,True,394.6,210.4
CHI,2025-02-28,False,,False,False,True,468.5,202.4
CHI,2025-03-01,False,,False,False,True,492.3,208.3
CHI,2025-03-02,False,,False,True,True,209.8,221.9
CHI,2025-03-03,False,,True,True,True,9.3,247.4
CHI,2025-03-04,False,,False,False,False,1128.6,198.7
CHI,2025-03-05,False,,False,False,False,1394.5,199.5
CHI,2025-03-06,False,,False,False,False,897.6,225.6
CHI,2025-03-07,False,,False,False,True,340.0,149.9
CHI,2025-03-08,False,,False,False,False,852.5,249.8
CHI,2025-03-09,False,,False,True,True,286.8,186.7
CHI,2025-03-10,False,,False,True,True,184.2,189.8
CHI,2025-03-11,True,light,True,True,True,0.0,0.0
CHI,2025-03-12,False,,False,True,True,190.3,196.3
CHI,2025-03-13,True,light,True,True,True,0.0,0.0
CHI,2025-03-14,False,,False,True,True,196.7,263.7
CHI,2025-03-15,False,,False,False,False,1119.8,213.4
CHI,2025-03-16,False,,False,False,False,560.1,245.7
CHI,2025-03-17,False,,False,False,False,525.5,216.3
CHI,2025-03-18,False,,False,False,False,798.9,152.3
CHI,2025-03-19,False,,True,True,True,43.0,211.5
CHI,2025-03-20,False,,True,True,True,66.5,305.9
CHI,2025-03-21,False,,False,False,False,554.2,194.6
CHI,2025-03-22,False,,False,True,True,168.5,231.5
CHI,2025-03-23,False,,False,False,False,626.4,150.0
CHI,2025-03-24,False,,False,False,False,819.2,217.2
CHI,2025-03-25,False,,False,False,False,684.5,230.3
CHI,2025-03-26,True,light,True,True,True,0.0,0.0
CHI,2025-03-27,False,,False,True,True,164.4,207.8
CHI,2025-03-28,False,,False,False,False,809.0,144.7
CHI,2025-03-29,False,,False,True,True,240.6,268.8
CHI,2025-03-30,False,,True,True,True,82.4,190.5
CHI,2025-03-31,False,,False,True,True,236.1,275.1
CHI,2025-04-01,False,,False,False,False,1001.1,197.0
CHI,2025-04-02,False,,False,True,True,194.9,146.2
CHI,2025-04-03,False,,False,False,False,856.6,193.8
CHI,2025-04-04,False,,False,False,False,956.2,155.0
CHI,2025-04-05,False,,False,False,False,1193.0,165.2
CHI,2025-04-06,False,,True,True,True,62.7,292.0
CHI,2025-04-07,False,,True,True,True,5.5,211.6
CHI,2025-04-08,True,light,True,True,True,0.0,0.0
CHI,2025-04-09,False,,False,True,True,219.7,253.8
CHI,2025-04-10,False,,False,True,True,169.0,148.4
CHI,2025-04-11,False,,True,True,True,28.9,276.7
CHI,2025-04-12,False,,False,True,True,106.5,285.2
CHI,2025-04-13,True,light,True,True,True,0.0,0.0
CHI,2025-04-14,True,light,True,True,True,0.0,0.0
CHI,2025-04-15,False,,False,False,True,411.0,277.8
CHI,2025-04-16,False,,False,True,True,242.7,51.5
CHI,2025-04-17,False,,False,True,True,278.9,227.5
CHI,2025-04-18,False,,False,False,False,571.6,136.4
CHI,2025-04-19,False,,False,False,False,583.7,283.0
CHI,2025-04-20,False,,True,True,True,26.2,21.9
CHI,2025-04-21,False,,False,True,True,150.2,292.2
CHI,2025-04-22,False,,False,True,True,118.1,319.1
CHI,2025-04-23,False,,False,False,True,353.9,264.0
CHI,2025-04-24,False,,False,False,True,332.6,166.9
CHI,2025-04-25,False,,False,False,False,906.5,306.8
CHI,2025-04-26,False,,False,True,True,115.8,304.6
CHI,2025-04-27,False,,False,True,True,169.9,308.1
CHI,2025-04-28,True,light,True,True,True,0.0,0.0
CHI,2025-04-29,False,,False,False,True,309.2,128.7
CHI,2025-04-30,False,,False,False,False,717.5,137.8
CHI,2025-05-01,False,,False,False,True,378.8,210.8
CHI,2025-05-02,False,,False,False,False,1111.1,274.0
CHI,2025-05-03,False,,True,True,True,85.7,341.6
CHI,2025-05-04,False,,False,True,True,111.2,311.2
CHI,2025-05-05,False,,False,False,True,438.3,301.6
CHI,2025-05-06,True,light,True,True,True,0.0,0.0
CHI,2025-05-07,False,,True,True,True,92.5,347.7
CHI,2025-05-08,True,light,True,True,True,0.0,0.0
CHI,2025-05-09,False,,False,True,True,299.7,315.0
CHI,2025-05-10,True,light,True,True,True,0.0,0.0
CHI,2025-05-11,True,light,True,True,True,0.0,0.0
CHI,2025-05-12,False,,True,True,True,26.5,339.0
CHI,2025-05-13,False,,False,True,True,275.2,300.7
CHI,2025-05-14,False,,True,True,True,50.2,252.5
CHI,2025-05-15,False,,False,False,False,674.2,329.6
CHI,2025-05-16,True,light,True,True,True,0.0,0.0
CHI,2025-05-17,False,,False,False,False,623.7,242.2
CHI,2025-05-18,False,,False,False,False,1356.6,202.9
CHI,2025-05-19,False,,False,False,False,630.9,252.1
CHI,2025-05-20,False,,False,False,False,637.3,162.1
CHI,2025-05-21,False,,False,False,False,1057.5,242.9
CHI,2025-05-22,False,,False,False,False,994.5,215.4
CHI,2025-05-23,False,,False,False,False,511.4,291.3
CHI,2025-05-24,False,,False,False,False,543.7,294.8
CHI,2025-05-25,False,,False,True,True,294.5,310.3
CHI,2025-05-26,False,,False,False,True,399.4,321.7
CHI,2025-05-27,False,,False,False,False,650.4,345.1
CHI,2025-05-28,False,,False,False,False,681.3,333.9
CHI,2025-05-29,False,,False,True,True,213.0,273.2
CHI,2025-05-30,True,heavy,True,True,True,0.0,0.0
CHI,2025-05-31,True,medium,True,True,True,0.0,0.0
CHI,2025-06-01,True,medium,True,True,True,0.0,0.0
CHI,2025-06-02,True,heavy,True,True,True,0.0,0.0
CHI,2025-06-03,True,medium,True,True,True,0.0,0.0
CHI,2025-06-04,False,,True,True,True,43.2,333.8
CHI,2025-06-05,True,light,True,True,True,0.0,0.0
CHI,2025-06-06,True,medium,True,True,True,0.0,0.0
CHI,2025-06-07,True,light,True,True,True,0.0,0.0
CHI,2025-06-08,True,light,True,True,True,0.0,0.0
CHI,2025-06-09,True,light,True,True,True,0.0,0.0
CHI,2025-06-10,True,medium,True,True,True,0.0,0.0
CHI,2025-06-11,True,light,True,True,True,0.0,0.0
CHI,2025-06-12,True,light,True,True,True,0.0,0.0
CHI,2025-06-13,False,,True,True,True,58.1,351.5
CHI,2025-06-14,True,medium,True,True,True,0.0,0.0
CHI,2025-06-15,True,light,True,True,True,0.0,0.0
CHI,2025-06-16,False,,True,True,True,70.5,0.0
CHI,2025-06-17,True,light,True,True,True,0.0,0.0
CHI,2025-06-18,False,,False,False,False,507.5,3.9
CHI,2025-06-19,True,light,True,True,True,0.0,0.0
CHI,2025-06-20,True,light,True,True,True,0.0,0.0
CHI,2025-06-21,True,light,True,True,True,0.0,0.0
CHI,2025-06-22,True,light,True,True,True,0.0,0.0
CHI,2025-06-23,True,light,True,True,True,0.0,0.0
CHI,2025-06-24,True,light,True,True,True,0.0,0.0
CHI,2025-06-25,False,,True,True,True,62.5,161.3
CHI,2025-06-26,True,light,True,True,True,0.0,0.0
CHI,2025-06-27,False,,False,True,True,153.6,117.4
CHI,2025-06-28,False,,False,False,False,501.1,5.4
CHI,2025-06-29,False,,False,False,True,446.4,277.0
CHI,2025-06-30,False,,False,True,True,189.1,354.8
CHI,2025-07-01,True,light,True,True,True,0.0,0.0
CHI,2025-07-02,True,light,True,True,True,0.0,0.0
CHI,2025-07-03,True,light,True,True,True,0.0,0.0
CHI,2025-07-04,True,light,True,True,True,0.0,0.0
CHI,2025-07-05,True,light,True,True,True,0.0,0.0
CHI,2025-07-06,True,light,True,True,True,0.0,0.0
CHI,2025-07-07,True,light,True,True,True,0.0,0.0
CHI,2025-07-08,True,light,True,True,True,0.0,0.0
CHI,2025-07-09,True,light,True,True,True,0.0,0.0
CHI,2025-07-10,False,,True,True,True,7.9,90.0
CHI,2025-07-11,True,light,True,True,True,0.0,0.0
CHI,2025-07-12,True,heavy,True,True,True,0.0,0.0
CHI,2025-07-13,True,medium,True,True,True,0.0,0.0
CHI,2025-07-14,True,light,True,True,True,0.0,0.0
CHI,2025-07-15,True,medium,True,True,True,0.0,0.0
CHI,2025-07-16,True,light,True,True,True,0.0,0.0
CHI,2025-07-17,True,light,True,True,True,0.0,0.0
CHI,2025-07-18,True,light,True,True,True,0.0,0.0
CHI,2025-07-19,True,light,True,True,True,0.0,0.0
CHI,2025-07-20,False,,False,True,True,130.5,13.6
CHI,2025-07-21,True,light,True,True,True,0.0,0.0
CHI,2025-07-22,True,light,True,True,True,0.0,0.0
CHI,2025-07-23,False,,False,True,True,271.6,1.4
CHI,2025-07-24,False,,False,True,True,153.2,146.6
CHI,2025-07-25,False,,False,True,True,111.8,354.0
CHI,2025-07-26,False,,False,False,True,380.5,10.5
CHI,2025-07-27,True,light,True,True,True,0.0,0.0
CHI,2025-07-28,True,light,True,True,True,0.0,0.0
CHI,2025-07-29,True,medium,True,True,True,0.0,0.0
CHI,2025-07-30,True,medium,True,True,True,0.0,0.0
CHI,2025-07-31,True,medium,True,True,True,0.0,0.0
CHI,2025-08-01,True,medium,True,True,True,0.0,0.0
CHI,2025-08-02,True,medium,True,True,True,0.0,0.0
CHI,2025-08-03,True,light,True,True,True,0.0,0.0
CHI,2025-08-04,True,light,True,True,True,0.0,0.0
CHI,2025-08-05,True,medium,True,True,True,0.0,0.0
CHI,2025-08-06,True,medium,True,True,True,0.0,0.0
CHI,2025-08-07,False,,True,True,True,67.2,220.1
CHI,2025-08-08,True,light,True,True,True,0.0,0.0
CHI,2025-08-09,True,light,True,True,True,0.0,0.0
CHI,2025-08-10,True,light,True,True,True,0.0,0.0
CHI,2025-08-11,True,medium,True,True,True,0.0,0.0
CHI,2025-08-12,True,light,True,True,True,0.0,0.0
CHI,2025-08-13,True,medium,True,True,True,0.0,0.0
CHI,2025-08-14,False,,False,True,True,179.7,359.1
CHI,2025-08-15,False,,False,False,True,327.5,44.6
CHI,2025-08-16,True,light,True,True,True,0.0,0.0
CHI,2025-08-17,True,light,True,True,True,0.0,0.0
CHI,2025-08-18,True,light,True,True,True,0.0,0.0
CHI,2025-08-19,True,light,True,True,True,0.0,0.0
CHI,2025-08-20,True,light,True,True,True,0.0,0.0
CHI,2025-08-21,False,,False,False,True,489.5,323.6
CHI,2025-08-22,False,,False,False,False,526.8,246.8
CHI,2025-08-23,True,light,True,True,True,0.0,0.0
CHI,2025-08-24,False,,False,True,True,267.6,168.4
CHI,2025-08-25,False,,False,False,True,347.0,252.3
CHI,2025-08-26,False,,False,False,False,531.4,197.4
CHI,2025-08-27,False,,False,True,True,142.2,230.0
CHI,2025-08-28,True,light,True,True,True,0.0,0.0
CHI,2025-08-29,True,light,True,True,True,0.0,0.0
CHI,2025-08-30,True,light,True,True,True,0.0,0.0
CHI,2025-08-31,True,light,True,True,True,0.0,0.0
CHI,2025-09-01,True,light,True,True,True,0.0,0.0
CHI,2025-09-02,True,light,True,True,True,0.0,0.0
CHI,2025-09-03,False,,False,True,True,277.4,326.5
CHI,2025-09-04,False,,False,True,True,105.6,170.5
CHI,2025-09-05,True,light,True,True,True,0.0,0.0
CHI,2025-09-06,True,light,True,True,True,0.0,0.0
CHI,2025-09-07,False,,True,True,True,9.3,195.1
CHI,2025-09-08,True,light,True,True,True,0.0,0.0
CHI,2025-09-09,True,light,True,True,True,0.0,0.0
CHI,2025-09-10,True,light,True,True,True,0.0,0.0
CHI,2025-09-11,True,light,True,True,True,0.0,0.0
CHI,2025-09-12,True,light,True,True,True,0.0,0.0
CHI,2025-09-13,True,light,True,True,True,0.0,0.0
CHI,2025-09-14,False,,False,True,True,189.1,244.3
CHI,2025-09-15,True,light,True,True,True,0.0,0.0
CHI,2025-09-16,True,light,True,True,True,0.0,0.0
CHI,2025-09-17,True,light,True,True,True,0.0,0.0
CHI,2025-09-18,True,light,True,True,True,0.0,0.0
CHI,2025-09-19,True,light,True,True,True,0.0,0.0
CHI,2025-09-20,True,light,True,True,True,0.0,0.0
CHI,2025-09-21,True,light,True,True,True,0.0,0.0
CHI,2025-09-22,True,light,True,True,True,0.0,0.0
CHI,2025-09-23,True,light,True,True,True,0.0,0.0
CHI,2025-09-24,True,light,True,True,True,0.0,0.0
CHI,2025-09-25,False,,False,False,True,456.4,327.3
CHI,2025-09-26,True,light,True,True,True,0.0,0.0
CHI,2025-09-27,True,light,True,True,True,0.0,0.0
CHI,2025-09-28,True,light,True,True,True,0.0,0.0
CHI,2025-09-29,True,light,True,True,True,0.0,0.0
CHI,2025-09-30,True,light,True,True,True,0.0,0.0
CHI,2025-10-01,False,,False,True,True,141.3,244.7
CHI,2025-10-02,True,light,True,True,True,0.0,0.0
CHI,2025-10-03,True,light,True,True,True,0.0,0.0
CHI,2025-10-04,True,light,True,True,True,0.0,0.0
CHI,2025-10-05,True,light,True,True,True,0.0,0.0
CHI,2025-10-06,True,light,True,True,True,0.0,0.0
CHI,2025-10-07,False,,False,False,True,487.1,226.6
CHI,2025-10-08,False,,False,False,False,565.5,193.7
CHI,2025-10-09,False,,False,False,False,521.3,196.4
CHI,2025-10-10,False,,False,False,True,487.7,155.7
CHI,2025-10-11,False,,True,True,True,54.9,185.4
CHI,2025-10-12,False,,False,True,True,292.1,253.0
CHI,2025-10-13,False,,True,True,True,20.6,297.7
CHI,2025-10-14,False,,True,True,True,74.0,230.3
CHI,2025-10-15,False,,False,False,True,433.5,202.3
CHI,2025-10-16,False,,True,True,True,78.2,214.6
CHI,2025-10-17,False,,True,True,True,84.6,243.7
CHI,2025-10-18,False,,False,True,True,121.8,2.4
CHI,2025-10-19,False,,False,False,False,566.8,353.7
CHI,2025-10-20,False,,False,False,False,768.9,201.8
CHI,2025-10-21,False,,False,False,False,554.5,180.7
CHI,2025-10-22,False,,False,False,False,568.8,199.9
CHI,2025-10-23,False,,False,False,False,558.6,197.9
CHI,2025-10-24,False,,False,False,False,778.1,176.2
CHI,2025-10-25,False,,False,False,False,1046.1,158.9
CHI,2025-10-26,False,,False,False,False,1302.9,219.6
CHI,2025-10-27,False,,False,False,True,314.0,282.2
CHI,2025-10-28,False,,False,False,False,1231.3,196.3
CHI,2025-10-29,False,,False,False,False,976.6,333.4
CHI,2025-10-30,False,,False,False,False,1200.6,204.0
CHI,2025-10-31,False,,False,False,False,1051.0,181.1
CHI,2025-11-01,False,,False,False,False,971.4,174.8
CHI,2025-11-02,False,,False,False,False,858.4,235.0
CHI,2025-11-03,False,,False,False,False,617.8,245.7
CHI,2025-11-04,False,,False,False,False,786.9,103.5
CHI,2025-11-05,False,,False,False,True,405.4,311.1
CHI,2025-11-06,False,,False,False,True,453.4,219.2
CHI,2025-11-07,False,,False,False,False,680.9,229.3
CHI,2025-11-08,False,,False,False,False,1151.1,200.1
CHI,2025-11-09,False,,False,False,False,974.8,237.7
CHI,2025-11-10,False,,False,False,False,1100.3,207.2
CHI,2025-11-11,False,,False,False,True,497.3,195.4
CHI,2025-11-12,False,,True,True,True,51.7,19.1
CHI,2025-11-13,False,,False,False,True,481.8,258.9
CHI,2025-11-14,False,,False,False,False,554.2,197.8
CHI,2025-11-15,False,,False,False,True,436.3,272.9
CHI,2025-11-16,False,,True,True,True,34.3,327.9
CHI,2025-11-17,False,,False,False,False,528.2,123.0
CHI,2025-11-18,False,,False,False,False,597.0,310.6
CHI,2025-11-19,False,,False,False,False,901.7,145.6
CHI,2025-11-20,False,,False,False,False,672.4,155.6
CHI,2025-11-21,False,,False,False,False,1002.8,156.6
CHI,2025-11-22,False,,False,False,False,821.9,291.7
CHI,2025-11-23,False,,True,True,True,17.9,204.0
CHI,2025-11-24,False,,False,False,False,710.7,331.6
CHI,2025-11-25,False,,False,False,False,1019.2,173.8
CHI,2025-11-26,False,,False,False,False,527.6,231.8
CHI,2025-11-27,False,,False,False,False,1077.5,171.2
CHI,2025-11-28,False,,False,False,False,1034.4,137.8
CHI,2025-11-29,False,,False,False,False,989.8,167.7
CHI,2025-11-30,False,,False,False,False,1162.9,152.0
CHI,2025-12-01,False,,False,False,False,1954.4,183.6
CHI,2025-12-02,False,,False,False,False,1126.1,217.5
CHI,2025-12-03,False,,False,False,False,1064.2,181.1
CHI,2025-12-04,False,,False,False,False,731.3,226.8
CHI,2025-12-05,False,,False,False,False,1013.5,232.6
CHI,2025-12-06,False,,False,False,False,623.8,214.0
CHI,2025-12-07,False,,False,False,False,1295.3,175.3
CHI,2025-12-08,False,,False,False,False,1224.1,207.3
CHI,2025-12-09,False,,False,False,True,494.3,177.9
CHI,2025-12-10,False,,False,False,False,1217.1,178.5
CHI,2025-12-11,False,,False,False,False,889.2,222.5
CHI,2025-12-12,False,,False,False,False,758.5,212.2
CHI,2025-12-13,False,,False,False,False,798.8,182.4
CHI,2025-12-14,False,,False,False,False,554.3,255.7
CHI,2025-12-15,False,,False,False,False,515.5,176.0
CHI,2025-12-16,False,,False,False,False,862.0,179.8
CHI,2025-12-17,False,,False,False,True,468.3,187.0
CHI,2025-12-18,False,,False,False,False,518.5,122.3
CHI,2025-12-19,False,,False,False,False,1156.8,206.8
CHI,2025-12-20,False,,False,False,False,822.5,170.3
CHI,2025-12-21,False,,False,False,False,901.5,221.9
CHI,2025-12-22,False,,False,False,False,941.0,159.4
CHI,2025-12-23,False,,False,False,False,724.1,255.2
CHI,2025-12-24,False,,False,False,False,908.5,186.1
CHI,2025-12-25,False,,False,False,False,1143.1,177.2
CHI,2025-12-26,False,,False,False,False,1057.2,223.2
CHI,2025-12-27,False,,False,False,False,961.9,157.0
CHI,2025-12-28,False,,False,False,False,1438.8,200.7
CHI,2025-12-29,False,,False,False,False,831.9,212.3
CHI,2025-12-30,False,,False,False,False,810.5,213.1
CHI,2025-12-31,False,,False,False,False,549.5,209.1
CHI,2026-01-01,False,,False,False,False,846.5,153.6
CHI,2026-01-02,False,,False,False,False,810.4,232.0
CHI,2026-01-03,False,,False,False,True,400.0,224.0
CHI,2026-01-04,False,,False,False,False,634.3,237.2
CHI,2026-01-05,False,,False,False,True,442.2,216.9
CHI,2026-01-06,False,,False,False,True,427.4,212.9
CHI,2026-01-07,False,,False,False,False,853.4,153.5
CHI,2026-01-08,False,,False,False,False,913.7,165.9
CHI,2026-01-09,False,,False,False,False,1142.2,227.3
CHI,2026-01-10,False,,False,False,False,1525.2,158.6
CHI,2026-01-11,False,,False,False,False,523.4,211.3
CHI,2026-01-12,False,,False,False,True,381.0,196.9
CHI,2026-01-13,False,,False,False,False,667.3,207.9
CHI,2026-01-14,False,,False,False,False,813.2,212.9
CHI,2026-01-15,False,,False,False,False,597.7,199.3
CHI,2026-01-16,False,,False,False,False,772.8,163.7
CHI,2026-01-17,False,,False,False,False,975.8,186.4
CHI,2026-01-18,False,,False,False,False,558.7,203.5
CHI,2026-01-19,False,,False,False,True,371.4,196.6
CHI,2026-01-20,False,,False,False,True,457.6,192.9
CHI,2026-01-21,False,,False,True,True,298.8,187.2
CHI,2026-01-22,False,,False,False,True,459.1,191.8
CHI,2026-01-23,False,,False,False,False,1101.8,158.5
CHI,2026-01-24,False,,False,False,False,1717.8,161.9
CHI,2026-01-25,False,,False,False,False,1394.1,184.0
CHI,2026-01-26,False,,False,False,False,884.2,174.5
CHI,2026-01-27,False,,False,False,False,1048.6,116.5
CHI,2026-01-28,False,,False,False,False,553.4,206.9
CHI,2026-01-29,False,,False,False,False,1044.4,154.4
CHI,2026-01-30,False,,False,False,False,926.4,181.1
CHI,2026-01-31,False,,False,False,False,731.3,183.2
CHI,2026-02-01,False,,False,False,False,837.2,178.4
CHI,2026-02-02,False,,False,False,False,818.0,174.5
CHI,2026-02-03,False,,False,True,True,184.3,259.2
CHI,2026-02-04,False,,False,False,False,1372.8,159.0
CHI,2026-02-05,False,,False,False,False,668.8,114.5
CHI,2026-02-06,False,,False,False,False,904.6,169.0
CHI,2026-02-07,False,,False,False,False,822.0,175.4
CHI,2026-02-08,False,,False,False,False,787.4,187.6
CHI,2026-02-09,False,,False,False,True,478.5,210.0
CHI,2026-02-10,False,,False,False,False,967.0,146.7
CHI,2026-02-11,False,,False,False,False,695.7,206.2
CHI,2026-02-12,False,,False,False,True,478.6,214.1
CHI,2026-02-13,False,,False,False,True,382.1,230.6
CHI,2026-02-14,False,,False,False,False,831.2,147.7
CHI,2026-02-15,False,,False,True,True,291.5,262.0
CHI,2026-02-16,False,,False,True,True,129.4,269.9
CHI,2026-02-17,False,,False,False,False,528.4,254.1
CHI,2026-02-18,False,,False,False,False,560.0,213.4
CHI,2026-02-19,False,,False,False,False,949.6,198.2
CHI,2026-02-20,False,,False,False,True,476.9,205.4
CHI,2026-02-21,False,,False,False,True,498.7,239.8
CHI,2026-02-22,False,,False,False,False,531.8,194.8
CHI,2026-02-23,False,,False,False,True,415.8,200.5
CHI,2026-02-24,False,,False,False,False,842.1,214.0
CHI,2026-02-25,False,,False,True,True,150.7,253.6
CHI,2026-02-26,False,,False,False,True,306.4,247.8
CHI,2026-02-27,False,,False,True,True,138.3,227.5
CHI,2026-02-28,False,,True,True,True,68.7,180.0
CHI,2026-03-01,False,,False,False,True,496.5,157.3
CHI,2026-03-02,False,,False,False,False,814.6,185.5
CHI,2026-03-03,False,,False,False,False,823.1,169.6
CHI,2026-03-04,False,,False,False,False,699.2,170.3
CHI,2026-03-05,False,,False,False,False,539.0,165.0
CHI,2026-03-06,False,,False,True,True,216.4,182.3
CHI,2026-03-07,False,,False,False,False,746.5,258.7
CHI,2026-03-08,False,,False,False,False,649.8,270.6
CHI,2026-03-09,False,,True,True,True,41.0,106.3
CHI,2026-03-10,False,,False,False,False,774.1,124.5
CHI,2026-03-11,False,,False,False,False,743.9,142.7
CHI,2026-03-12,False,,False,False,False,569.2,179.1
CHI,2026-03-13,False,,False,True,True,299.5,201.1
CHI,2026-03-14,False,,False,True,True,228.7,206.8
CHI,2026-03-15,False,,False,False,False,834.7,219.4
CHI,2026-03-16,False,,False,False,False,991.3,238.2
CHI,2026-03-17,False,,False,False,False,680.9,205.6
CHI,2026-03-18,False,,False,False,True,419.4,184.0
CHI,2026-03-19,False,,False,True,True,281.2,190.7
CHI,2026-03-20,False,,True,True,True,0.6,209.8
CHI,2026-03-21,False,,False,True,True,237.1,220.9
CHI,2026-03-22,False,,False,True,True,127.7,180.0
CHI,2026-03-23,False,,True,True,True,42.3,295.5
CHI,2026-03-24,False,,False,False,False,562.1,221.5
CHI,2026-03-25,False,,False,False,True,452.6,206.1
CHI,2026-03-26,False,,True,True,True,33.5,181.2
CHI,2026-03-27,False,,False,True,True,217.6,237.7
CHI,2026-03-28,False,,False,True,True,102.9,205.9
CHI,2026-03-29,False,,False,True,True,295.5,344.8
CHI,2026-03-30,False,,True,True,True,55.3,109.5
CHI,2026-03-31,False,,False,False,False,526.9,119.7
CHI,2026-04-01,False,,False,False,False,714.0,147.0
CHI,2026-04-02,False,,False,False,False,663.5,245.5
CHI,2026-04-03,False,,False,False,False,768.4,122.5
CHI,2026-04-04,False,,False,False,False,637.9,148.2
CHI,2026-04-05,False,,True,True,True,87.9,318.1
CHI,2026-04-06,False,,False,False,True,448.7,223.1
CHI,2026-04-07,False,,True,True,True,50.4,192.5
CHI,2026-04-08,False,,True,True,True,68.2,167.9
CHI,2026-04-09,False,,False,False,True,308.8,156.1
CHI,2026-04-10,False,,False,True,True,190.4,302.9
CHI,2026-04-11,False,,False,True,True,282.7,186.8
CHI,2026-04-12,True,light,True,True,True,0.0,0.0
CHI,2026-04-13,False,,False,False,False,675.4,250.2
CHI,2026-04-14,False,,False,False,True,339.2,173.5
CHI,2026-04-15,False,,False,True,True,237.8,266.7
CHI,2026-04-16,False,,False,True,True,253.8,271.0
CHI,2026-04-17,False,,False,False,False,615.7,139.3
CHI,2026-04-18,False,,False,False,False,677.9,236.5
CHI,2026-04-19,False,,False,True,True,179.0,181.5
CHI,2026-04-20,False,,False,False,True,360.7,176.0
CHI,2026-04-21,True,light,True,True,True,0.0,0.0
CHI,2026-04-22,True,light,True,True,True,0.0,0.0
CHI,2026-04-23,False,,True,True,True,37.5,160.2
CHI,2026-04-24,False,,False,False,True,456.6,288.8
CHI,2026-04-25,False,,False,True,True,133.3,154.2
CHI,2026-04-26,False,,False,True,True,271.1,25.6
CHI,2026-04-27,False,,False,False,False,539.4,208.2
CHI,2026-04-28,False,,False,False,False,522.9,199.6
CHI,2026-04-29,False,,False,False,False,549.1,292.9
CHI,2026-04-30,False,,False,False,False,1078.3,272.0
CHI,2026-05-01,False,,False,False,False,503.2,257.5
CHI,2026-05-02,False,,False,True,True,151.3,64.8
CHI,2026-05-03,False,,False,False,True,308.4,280.4
CHI,2026-05-04,False,,False,False,False,629.6,268.8
CHI,2026-05-05,False,,False,False,True,397.7,281.2
CHI,2026-05-06,False,,False,False,False,1088.8,160.8
CHI,2026-05-07,False,,False,False,True,367.6,280.4
CHI,2026-05-08,False,,False,False,False,584.4,183.0
CHI,2026-05-09,False,,False,False,False,669.7,207.4
CHI,2026-05-10,False,,False,False,True,494.3,280.7
CHI,2026-05-11,False,,False,True,True,258.9,30.8
CHI,2026-05-12,False,,False,False,False,765.3,280.6
CHI,2026-05-13,False,,False,False,True,489.7,266.3
CHI,2026-05-14,False,,False,False,True,498.5,283.7
CHI,2026-05-15,False,,False,True,True,122.9,205.1
CHI,2026-05-16,False,,False,True,True,296.3,255.5
CHI,2026-05-17,False,,False,False,False,621.9,268.4
CHI,2026-05-18,False,,False,False,False,,
