city,date,smoke_overhead,smoke_density,within_100km,within_300km,within_500km,nearest_km,nearest_bearing
NYC,2018-01-01,False,,False,False,False,1769.4,259.5
NYC,2018-01-02,False,,False,False,False,996.4,217.6
NYC,2018-01-03,False,,False,False,False,1058.4,229.3
NYC,2018-01-04,False,,False,False,False,703.8,213.5
NYC,2018-01-05,False,,False,False,False,855.7,219.5
NYC,2018-01-06,False,,False,False,False,773.1,211.4
NYC,2018-01-07,False,,False,False,False,1161.7,232.5
NYC,2018-01-08,False,,False,False,False,1757.0,262.6
NYC,2018-01-09,False,,False,False,False,1371.0,220.9
NYC,2018-01-10,False,,False,True,True,237.2,282.6
NYC,2018-01-11,False,,False,False,False,1531.4,203.6
NYC,2018-01-12,False,,False,False,False,1576.8,200.3
NYC,2018-01-13,False,,False,False,False,1793.6,249.9
NYC,2018-01-14,False,,False,False,False,991.4,214.8
NYC,2018-01-15,False,,False,False,True,396.9,238.8
NYC,2018-01-16,False,,False,False,False,1038.2,220.3
NYC,2018-01-17,False,,False,False,False,1213.1,217.0
NYC,2018-01-18,False,,False,False,False,816.8,206.0
NYC,2018-01-19,False,,False,False,False,882.2,213.3
NYC,2018-01-20,False,,False,False,False,737.2,205.0
NYC,2018-01-21,False,,False,False,False,720.2,217.1
NYC,2018-01-22,False,,False,False,False,1561.0,203.3
NYC,2018-01-23,False,,False,False,False,1055.9,214.3
NYC,2018-01-24,False,,False,False,False,740.3,204.3
NYC,2018-01-25,False,,False,False,False,653.1,221.5
NYC,2018-01-26,False,,False,False,True,377.8,234.2
NYC,2018-01-27,False,,False,False,False,1498.1,263.5
NYC,2018-01-28,False,,False,False,False,1634.0,199.7
NYC,2018-01-29,False,,False,False,False,1544.9,235.8
NYC,2018-01-30,False,,False,False,True,468.1,229.2
NYC,2018-01-31,False,,False,False,False,715.0,218.0
NYC,2018-02-01,False,,False,False,False,783.4,206.4
NYC,2018-02-02,False,,False,False,False,789.4,216.3
NYC,2018-02-03,False,,False,False,False,895.8,211.3
NYC,2018-02-04,False,,False,False,False,1532.8,270.4
NYC,2018-02-05,False,,False,False,False,999.8,222.1
NYC,2018-02-06,False,,False,False,False,811.6,205.5
NYC,2018-02-07,False,,False,False,False,1395.0,207.8
NYC,2018-02-08,False,,False,False,False,1391.2,257.9
NYC,2018-02-09,False,,False,False,False,670.4,209.6
NYC,2018-02-10,False,,False,False,False,1320.2,209.2
NYC,2018-02-11,False,,False,False,False,1355.6,208.4
NYC,2018-02-12,False,,False,False,False,1569.7,201.7
NYC,2018-02-13,False,,False,False,False,1617.6,199.8
NYC,2018-02-14,False,,False,False,False,1078.3,213.9
NYC,2018-02-15,False,,False,False,False,908.1,216.9
NYC,2018-02-16,False,,False,False,False,734.6,209.6
NYC,2018-02-17,False,,False,False,False,1137.6,213.1
NYC,2018-02-18,False,,False,False,False,810.6,213.3
NYC,2018-02-19,False,,False,False,False,1006.9,221.8
NYC,2018-02-20,False,,False,False,False,1459.5,204.1
NYC,2018-02-21,False,,False,False,False,1248.8,210.8
NYC,2018-02-22,False,,False,False,False,532.2,192.0
NYC,2018-02-23,False,,False,False,False,872.0,208.8
NYC,2018-02-24,False,,False,False,True,489.0,195.0
NYC,2018-02-25,False,,False,False,False,639.1,198.9
NYC,2018-02-26,False,,False,False,False,719.3,233.4
NYC,2018-02-27,False,,False,False,True,307.6,212.9
NYC,2018-02-28,False,,True,True,True,71.9,202.7
NYC,2018-03-01,False,,False,False,False,1148.5,195.3
NYC,2018-03-02,False,,False,False,False,518.2,227.3
NYC,2018-03-03,False,,False,False,False,750.2,214.6
NYC,2018-03-04,False,,False,False,True,306.8,211.5
NYC,2018-03-05,False,,False,False,True,308.8,212.3
NYC,2018-03-06,False,,False,False,False,1002.5,248.7
NYC,2018-03-07,False,,False,False,False,950.3,206.8
NYC,2018-03-08,False,,False,False,False,966.7,214.3
NYC,2018-03-09,False,,False,False,True,354.2,219.0
NYC,2018-03-10,False,,False,False,True,308.2,229.4
NYC,2018-03-11,False,,True,True,True,67.8,180.6
NYC,2018-03-12,False,,False,False,False,1355.0,268.4
NYC,2018-03-13,False,,False,False,False,791.0,201.0
NYC,2018-03-14,False,,False,False,False,732.5,212.0
NYC,2018-03-15,False,,False,False,False,543.5,193.1
NYC,2018-03-16,False,,False,False,True,463.5,218.9
NYC,2018-03-17,False,,False,True,True,102.1,168.6
NYC,2018-03-18,False,,True,True,True,63.5,188.8
NYC,2018-03-19,False,,True,True,True,88.1,195.3
NYC,2018-03-20,False,,False,False,False,1568.4,200.0
NYC,2018-03-21,False,,False,False,False,1071.6,267.9
NYC,2018-03-22,False,,False,False,False,850.4,215.4
NYC,2018-03-23,False,,False,False,False,718.2,198.8
NYC,2018-03-24,False,,False,False,True,357.2,277.4
NYC,2018-03-25,False,,False,False,False,1167.6,190.8
NYC,2018-03-26,False,,False,True,True,134.8,276.0
NYC,2018-03-27,False,,False,False,True,472.4,206.6
NYC,2018-03-28,False,,False,False,False,765.5,199.4
NYC,2018-03-29,False,,False,False,True,359.7,223.3
NYC,2018-03-30,False,,False,False,False,1471.4,203.6
NYC,2018-03-31,False,,True,True,True,54.2,218.5
NYC,2018-04-01,False,,False,False,False,769.8,218.5
NYC,2018-04-02,False,,False,False,False,569.9,202.1
NYC,2018-04-03,False,,False,False,True,384.1,214.4
NYC,2018-04-04,False,,False,False,True,396.1,219.0
NYC,2018-04-05,False,,False,False,True,319.8,197.6
NYC,2018-04-06,False,,False,False,True,333.6,232.5
NYC,2018-04-07,False,,False,False,False,1046.8,274.0
NYC,2018-04-08,False,,False,False,False,1630.4,199.8
NYC,2018-04-09,False,,False,True,True,199.6,40.4
NYC,2018-04-10,False,,False,False,True,371.0,215.0
NYC,2018-04-11,False,,False,False,True,385.4,222.6
NYC,2018-04-12,False,,False,False,True,342.2,224.4
NYC,2018-04-13,False,,False,True,True,299.4,234.5
NYC,2018-04-14,False,,True,True,True,53.8,196.2
NYC,2018-04-15,False,,False,False,False,1202.6,258.2
NYC,2018-04-16,False,,False,False,False,1250.8,209.9
NYC,2018-04-17,False,,False,False,False,744.5,213.5
NYC,2018-04-18,False,,False,True,True,182.9,217.3
NYC,2018-04-19,False,,False,False,False,743.9,215.0
NYC,2018-04-20,False,,False,True,True,296.7,204.0
NYC,2018-04-21,False,,False,True,True,265.0,306.8
NYC,2018-04-22,False,,True,True,True,55.0,202.8
NYC,2018-04-23,False,,True,True,True,67.7,206.8
NYC,2018-04-24,False,,False,False,False,830.6,50.1
NYC,2018-04-25,False,,False,False,False,991.4,277.5
NYC,2018-04-26,False,,False,False,False,837.6,283.5
NYC,2018-04-27,False,,False,False,False,1216.6,256.2
NYC,2018-04-28,False,,False,False,False,872.7,293.4
NYC,2018-04-29,False,,False,False,False,577.8,232.0
NYC,2018-04-30,False,,False,False,False,520.7,334.0
NYC,2018-05-01,False,,False,True,True,242.6,249.3
NYC,2018-05-02,False,,False,True,True,196.7,204.2
NYC,2018-05-03,False,,False,False,False,574.1,234.6
NYC,2018-05-04,False,,False,False,True,457.8,232.2
NYC,2018-05-05,False,,False,False,False,897.7,290.3
NYC,2018-05-06,False,,False,False,False,949.8,208.1
NYC,2018-05-07,False,,False,False,False,554.4,342.7
NYC,2018-05-08,False,,False,True,True,153.8,291.3
NYC,2018-05-09,False,,False,True,True,214.9,3.4
NYC,2018-05-10,False,,False,False,False,746.7,214.7
NYC,2018-05-11,False,,False,False,False,951.6,220.2
NYC,2018-05-12,False,,False,False,False,1361.6,233.1
NYC,2018-05-13,False,,False,False,False,1187.1,302.1
NYC,2018-05-14,False,,False,True,True,201.5,2.7
NYC,2018-05-15,False,,False,False,False,1116.7,250.2
NYC,2018-05-16,False,,False,False,False,1031.3,287.0
NYC,2018-05-17,False,,False,False,False,1818.5,289.2
NYC,2018-05-18,False,,False,False,False,654.3,10.2
NYC,2018-05-19,False,,False,False,False,1151.9,233.6
NYC,2018-05-20,False,,False,False,False,1317.8,290.9
NYC,2018-05-21,False,,False,False,False,1538.5,313.2
NYC,2018-05-22,False,,False,False,False,725.7,215.1
NYC,2018-05-23,True,light,True,True,True,0.0,0.0
NYC,2018-05-24,True,light,True,True,True,0.0,0.0
NYC,2018-05-25,True,medium,True,True,True,0.0,0.0
NYC,2018-05-26,False,,False,False,False,622.9,30.3
NYC,2018-05-27,False,,False,False,False,552.3,60.5
NYC,2018-05-28,False,,False,False,False,552.5,358.8
NYC,2018-05-29,False,,False,False,False,886.6,324.8
NYC,2018-05-30,False,,False,False,False,1400.0,252.2
NYC,2018-05-31,False,,False,False,False,854.5,49.0
NYC,2018-06-01,False,,False,False,False,1549.9,265.6
NYC,2018-06-02,False,,False,False,False,742.4,206.6
NYC,2018-06-03,False,,False,False,False,791.2,10.8
NYC,2018-06-04,False,,False,False,False,712.4,210.2
NYC,2018-06-05,False,,False,False,False,744.1,213.6
NYC,2018-06-06,False,,False,False,False,720.9,207.2
NYC,2018-06-07,False,,False,False,False,519.2,206.7
NYC,2018-06-08,False,,False,False,False,515.6,201.6
NYC,2018-06-09,False,,False,False,False,760.0,215.1
NYC,2018-06-10,False,,False,False,True,493.3,200.3
NYC,2018-06-11,False,,False,False,False,867.2,221.6
NYC,2018-06-12,False,,False,False,False,1052.8,238.2
NYC,2018-06-13,False,,False,False,False,511.4,202.0
NYC,2018-06-14,False,,False,False,False,782.9,217.2
NYC,2018-06-15,False,,False,False,False,532.6,202.0
NYC,2018-06-16,False,,False,False,False,565.4,199.0
NYC,2018-06-17,False,,False,True,True,148.7,328.1
NYC,2018-06-18,False,,False,False,False,768.6,214.1
NYC,2018-06-19,False,,False,False,True,476.5,212.3
NYC,2018-06-20,False,,False,True,True,129.0,10.7
NYC,2018-06-21,False,,False,True,True,206.6,359.1
NYC,2018-06-22,False,,False,False,False,642.1,195.9
NYC,2018-06-23,False,,False,False,False,576.0,188.7
NYC,2018-06-24,False,,False,False,True,375.4,290.1
NYC,2018-06-25,False,,False,False,False,836.1,332.1
NYC,2018-06-26,False,,False,False,False,647.1,42.3
NYC,2018-06-27,False,,False,False,False,605.9,356.7
NYC,2018-06-28,False,,False,False,True,466.1,196.8
NYC,2018-06-29,False,,False,False,False,537.1,202.7
NYC,2018-06-30,False,,False,True,True,299.4,293.0
NYC,2018-07-01,True,light,True,True,True,0.0,0.0
NYC,2018-07-02,True,light,True,True,True,0.0,0.0
NYC,2018-07-03,False,,False,False,False,501.2,217.0
NYC,2018-07-04,False,,True,True,True,62.1,27.9
NYC,2018-07-05,False,,False,False,False,511.6,202.5
NYC,2018-07-06,False,,True,True,True,86.2,325.3
NYC,2018-07-07,False,,False,False,False,548.6,284.8
NYC,2018-07-08,False,,False,False,False,686.8,328.7
NYC,2018-07-09,False,,False,False,True,408.8,316.2
NYC,2018-07-10,False,,False,False,True,419.1,341.4
NYC,2018-07-11,False,,False,False,True,346.8,338.6
NYC,2018-07-12,True,light,True,True,True,0.0,0.0
NYC,2018-07-13,True,light,True,True,True,0.0,0.0
NYC,2018-07-14,False,,False,False,False,547.3,216.9
NYC,2018-07-15,False,,False,False,True,318.4,339.7
NYC,2018-07-16,False,,False,False,True,414.2,310.8
NYC,2018-07-17,False,,True,True,True,91.9,302.7
NYC,2018-07-18,False,,False,False,False,720.7,325.2
NYC,2018-07-19,False,,False,False,False,698.6,325.0
NYC,2018-07-20,False,,False,False,True,397.2,341.7
NYC,2018-07-21,False,,False,False,False,542.7,327.8
NYC,2018-07-22,False,,False,False,False,907.5,325.0
NYC,2018-07-23,False,,False,False,False,914.6,276.4
NYC,2018-07-24,False,,False,False,False,653.2,290.6
NYC,2018-07-25,False,,False,False,True,405.2,293.5
NYC,2018-07-26,True,light,True,True,True,0.0,0.0
NYC,2018-07-27,False,,False,True,True,290.7,325.1
NYC,2018-07-28,False,,False,True,True,155.0,315.3
NYC,2018-07-29,False,,False,False,False,697.8,321.9
NYC,2018-07-30,False,,False,False,True,493.3,1.1
NYC,2018-07-31,False,,False,False,False,601.7,342.8
NYC,2018-08-01,False,,False,False,False,1210.3,276.0
NYC,2018-08-02,False,,False,False,True,489.9,294.0
NYC,2018-08-03,False,,False,False,False,531.7,282.6
NYC,2018-08-04,False,,False,True,True,147.2,283.6
NYC,2018-08-05,False,,False,False,True,467.0,328.3
NYC,2018-08-06,True,light,True,True,True,0.0,0.0
NYC,2018-08-07,False,,False,False,False,1176.8,217.5
NYC,2018-08-08,False,,False,False,True,473.3,302.2
NYC,2018-08-09,True,light,True,True,True,0.0,0.0
NYC,2018-08-10,False,,False,False,False,534.2,319.5
NYC,2018-08-11,False,,False,True,True,283.3,310.3
NYC,2018-08-12,False,,False,True,True,207.7,300.0
NYC,2018-08-13,True,medium,True,True,True,0.0,0.0
NYC,2018-08-14,True,light,True,True,True,0.0,0.0
NYC,2018-08-15,True,medium,True,True,True,0.0,0.0
NYC,2018-08-16,True,heavy,True,True,True,0.0,0.0
NYC,2018-08-17,False,,True,True,True,2.6,49.9
NYC,2018-08-18,False,,False,True,True,169.7,350.9
NYC,2018-08-19,False,,True,True,True,7.3,270.0
NYC,2018-08-20,True,medium,True,True,True,0.0,0.0
NYC,2018-08-21,False,,False,False,True,405.8,297.9
NYC,2018-08-22,True,light,True,True,True,0.0,0.0
NYC,2018-08-23,True,light,True,True,True,0.0,0.0
NYC,2018-08-24,True,medium,True,True,True,0.0,0.0
NYC,2018-08-25,True,light,True,True,True,0.0,0.0
NYC,2018-08-26,True,light,True,True,True,0.0,0.0
NYC,2018-08-27,True,medium,True,True,True,0.0,0.0
NYC,2018-08-28,True,light,True,True,True,0.0,0.0
NYC,2018-08-29,True,medium,True,True,True,0.0,0.0
NYC,2018-08-30,True,light,True,True,True,0.0,0.0
NYC,2018-08-31,False,,True,True,True,98.6,157.5
NYC,2018-09-01,False,,False,False,False,1770.4,292.2
NYC,2018-09-02,False,,False,False,False,1560.4,307.4
NYC,2018-09-03,False,,False,False,False,863.3,338.1
NYC,2018-09-04,False,,False,False,False,577.2,198.4
NYC,2018-09-05,False,,False,False,False,531.1,206.0
NYC,2018-09-06,False,,False,True,True,270.6,215.5
NYC,2018-09-07,False,,False,False,False,533.4,203.6
NYC,2018-09-08,False,,False,False,False,611.2,320.7
NYC,2018-09-09,False,,False,False,False,1092.0,325.6
NYC,2018-09-10,False,,False,False,False,1051.2,303.6
NYC,2018-09-11,False,,False,False,False,748.4,302.9
NYC,2018-09-12,False,,False,False,False,817.1,311.9
NYC,2018-09-13,False,,False,False,False,1295.6,288.7
NYC,2018-09-14,False,,False,False,True,415.3,355.0
NYC,2018-09-15,False,,False,False,False,1291.8,229.4
NYC,2018-09-16,False,,False,True,True,163.8,352.6
NYC,2018-09-17,False,,False,False,True,376.4,0.0
NYC,2018-09-18,False,,True,True,True,84.4,341.2
NYC,2018-09-19,False,,True,True,True,2.2,275.3
NYC,2018-09-20,False,,False,True,True,272.2,242.8
NYC,2018-09-21,False,,False,False,False,830.6,250.9
NYC,2018-09-22,False,,False,False,False,1224.5,224.1
NYC,2018-09-23,False,,False,False,False,1339.2,295.2
NYC,2018-09-24,False,,False,True,True,169.5,22.7
NYC,2018-09-25,False,,False,False,False,1444.3,205.9
NYC,2018-09-26,False,,False,False,False,737.2,223.1
NYC,2018-09-27,False,,False,False,False,1721.1,261.1
NYC,2018-09-28,False,,False,False,False,2358.8,273.4
NYC,2018-09-29,False,,False,False,False,1365.4,254.6
NYC,2018-09-30,False,,False,False,False,2464.2,274.2
NYC,2018-10-01,False,,False,False,False,1932.3,265.7
NYC,2018-10-02,False,,False,False,False,1290.2,229.6
NYC,2018-10-03,False,,False,False,False,574.4,202.9
NYC,2018-10-04,False,,False,False,True,393.6,217.8
NYC,2018-10-05,False,,False,False,False,564.4,215.8
NYC,2018-10-06,False,,False,False,False,1046.6,228.7
NYC,2018-10-07,False,,False,False,False,1344.9,253.3
NYC,2018-10-08,False,,False,False,True,360.7,226.0
NYC,2018-10-09,False,,False,False,False,2502.1,232.7
NYC,2018-10-10,False,,False,False,False,1506.8,189.8
NYC,2018-10-11,False,,False,False,False,1344.2,250.7
NYC,2018-10-12,False,,False,False,False,1119.7,224.3
NYC,2018-10-13,False,,False,False,False,897.3,219.4
NYC,2018-10-14,False,,False,False,False,1191.7,225.0
NYC,2018-10-15,False,,False,False,False,953.4,220.3
NYC,2018-10-16,False,,False,False,False,609.7,293.9
NYC,2018-10-17,False,,False,False,False,1107.9,212.8
NYC,2018-10-18,False,,False,False,True,486.9,213.1
NYC,2018-10-19,False,,False,False,False,547.2,200.7
NYC,2018-10-20,False,,False,False,False,1201.5,256.0
NYC,2018-10-21,False,,False,False,False,1259.7,266.6
NYC,2018-10-22,False,,False,False,False,763.2,225.8
NYC,2018-10-23,False,,False,False,True,367.2,217.2
NYC,2018-10-24,False,,False,False,False,549.6,222.7
NYC,2018-10-25,False,,False,False,False,1551.2,203.2
NYC,2018-10-26,False,,False,False,False,1653.0,199.8
NYC,2018-10-27,False,,False,False,False,1614.8,201.5
NYC,2018-10-28,False,,False,False,False,1244.8,255.9
NYC,2018-10-29,False,,False,False,False,987.9,212.0
NYC,2018-10-30,False,,False,False,False,1051.5,223.2
NYC,2018-10-31,False,,False,False,False,701.4,217.2
NYC,2018-11-01,False,,False,False,False,1666.6,280.4
NYC,2018-11-02,False,,False,False,False,1921.3,230.8
NYC,2018-11-03,False,,False,False,False,667.8,206.8
NYC,2018-11-04,False,,False,False,False,910.4,313.6
NYC,2018-11-05,False,,False,False,False,1601.4,201.3
NYC,2018-11-06,False,,False,False,False,1591.2,200.8
NYC,2018-11-07,False,,False,False,False,1599.8,201.0
NYC,2018-11-08,False,,False,False,False,1622.3,200.9
NYC,2018-11-09,False,,False,False,False,1358.8,206.0
NYC,2018-11-10,False,,False,False,True,407.9,222.6
NYC,2018-11-11,False,,False,False,False,1561.8,223.9
NYC,2018-11-12,False,,False,False,False,1604.6,200.8
NYC,2018-11-13,False,,False,False,False,1191.6,275.0
NYC,2018-11-14,False,,False,False,False,1396.3,277.5
NYC,2018-11-15,False,,False,False,False,1407.9,286.6
NYC,2018-11-16,False,,False,False,False,1424.4,206.4
NYC,2018-11-17,False,,False,False,False,1343.4,240.5
NYC,2018-11-18,False,,False,False,False,1323.8,240.4
NYC,2018-11-19,False,,False,False,False,1238.4,223.1
NYC,2018-11-20,False,,False,False,False,935.8,222.3
NYC,2018-11-21,False,,False,False,False,966.5,219.9
NYC,2018-11-22,False,,False,False,False,876.0,243.8
NYC,2018-11-23,False,,False,False,False,1552.7,202.0
NYC,2018-11-24,False,,False,False,False,1925.6,259.7
NYC,2018-11-25,False,,False,False,False,2465.4,257.7
NYC,2018-11-26,False,,False,False,False,1589.1,199.3
NYC,2018-11-27,False,,False,False,False,836.3,214.9
NYC,2018-11-28,False,,False,False,False,506.3,215.1
NYC,2018-11-29,False,,False,False,False,766.6,217.1
NYC,2018-11-30,False,,False,False,False,1020.0,209.7
NYC,2018-12-01,False,,False,False,False,1649.3,199.5
NYC,2018-12-02,False,,False,False,False,1584.0,200.5
NYC,2018-12-03,False,,False,False,False,1052.5,321.1
NYC,2018-12-04,False,,False,False,False,1515.4,226.9
NYC,2018-12-05,False,,False,False,False,1038.8,207.9
NYC,2018-12-06,False,,False,False,False,930.0,221.2
NYC,2018-12-07,False,,False,False,False,1176.6,213.9
NYC,2018-12-08,False,,False,False,False,1602.7,201.8
NYC,2018-12-09,False,,False,False,False,1863.3,258.2
NYC,2018-12-10,False,,False,False,False,1187.4,276.3
NYC,2018-12-11,False,,False,False,False,1082.6,228.9
NYC,2018-12-12,False,,False,False,False,1359.2,253.1
NYC,2018-12-13,False,,False,False,False,2249.4,255.1
NYC,2018-12-14,False,,False,False,False,1633.2,199.5
NYC,2018-12-15,False,,False,False,False,2235.3,236.4
NYC,2018-12-16,False,,False,False,False,1525.7,222.2
NYC,2018-12-17,False,,False,False,False,1512.6,202.4
NYC,2018-12-18,False,,False,False,False,1063.5,220.3
NYC,2018-12-19,False,,False,False,True,380.6,242.5
NYC,2018-12-20,False,,False,False,False,1963.5,256.0
NYC,2018-12-21,False,,False,False,False,1851.8,232.0
NYC,2018-12-22,False,,False,False,False,1446.0,221.6
NYC,2018-12-23,False,,False,False,False,1589.8,200.1
NYC,2018-12-24,False,,False,False,False,1417.3,223.9
NYC,2018-12-25,False,,False,False,False,1346.5,222.9
NYC,2018-12-26,False,,False,False,False,772.8,217.0
NYC,2018-12-27,False,,False,False,False,2154.5,193.7
NYC,2018-12-28,False,,False,False,False,2042.7,197.1
NYC,2018-12-29,False,,False,False,False,1606.8,189.3
NYC,2018-12-30,False,,False,False,False,1595.7,201.0
NYC,2018-12-31,False,,False,False,False,,
NYC,2019-01-01,False,,False,False,False,1349.1,216.6
NYC,2019-01-02,False,,False,False,False,1542.1,202.1
NYC,2019-01-03,False,,False,False,False,1485.8,207.6
NYC,2019-01-04,False,,False,False,False,1593.9,199.3
NYC,2019-01-05,False,,False,False,False,1551.0,200.7
NYC,2019-01-06,False,,False,False,False,1426.1,210.3
NYC,2019-01-07,False,,False,False,False,730.6,215.1
NYC,2019-01-08,False,,False,False,False,702.4,213.4
NYC,2019-01-09,False,,False,False,False,738.6,209.2
NYC,2019-01-10,False,,False,False,False,761.8,216.8
NYC,2019-01-11,False,,False,False,True,307.2,212.7
NYC,2019-01-12,False,,False,False,False,1598.8,202.1
NYC,2019-01-13,False,,False,False,False,1554.5,203.1
NYC,2019-01-14,False,,False,False,False,1371.3,209.3
NYC,2019-01-15,False,,False,False,False,588.7,203.5
NYC,2019-01-16,False,,False,False,False,723.2,199.8
NYC,2019-01-17,False,,False,False,False,726.4,216.8
NYC,2019-01-18,False,,False,False,False,1353.8,209.1
NYC,2019-01-19,False,,False,False,False,1400.7,204.7
NYC,2019-01-20,False,,False,False,False,1553.2,223.5
NYC,2019-01-21,False,,False,False,False,979.2,209.8
NYC,2019-01-22,False,,False,False,True,493.5,214.3
NYC,2019-01-23,False,,False,False,False,1439.0,206.0
NYC,2019-01-24,False,,False,False,False,2008.8,191.4
NYC,2019-01-25,False,,False,False,False,739.1,212.5
NYC,2019-01-26,False,,False,False,False,736.3,213.5
NYC,2019-01-27,False,,False,False,False,1890.5,227.9
NYC,2019-01-28,False,,False,False,False,736.5,213.6
NYC,2019-01-29,False,,False,False,False,1468.7,207.3
NYC,2019-01-30,False,,False,False,False,713.9,201.8
NYC,2019-01-31,False,,False,False,False,629.4,206.6
NYC,2019-02-01,False,,False,False,False,628.6,203.1
NYC,2019-02-02,False,,False,False,False,645.8,200.3
NYC,2019-02-03,False,,False,False,False,1321.2,247.5
NYC,2019-02-04,False,,False,False,False,520.7,219.2
NYC,2019-02-05,False,,False,False,False,555.4,226.3
NYC,2019-02-06,False,,False,False,False,1033.2,217.3
NYC,2019-02-07,False,,False,False,True,471.5,198.5
NYC,2019-02-08,False,,False,False,False,536.2,188.9
NYC,2019-02-09,False,,False,False,False,1155.4,214.0
NYC,2019-02-10,False,,False,False,False,505.5,198.8
NYC,2019-02-11,False,,False,False,False,1418.3,217.0
NYC,2019-02-12,False,,False,False,False,1515.9,190.1
NYC,2019-02-13,False,,False,False,False,1329.2,226.0
NYC,2019-02-14,False,,False,False,False,506.4,194.9
NYC,2019-02-15,False,,False,False,False,711.7,202.6
NYC,2019-02-16,False,,False,False,False,1554.5,223.9
NYC,2019-02-17,False,,False,False,False,1253.0,199.8
NYC,2019-02-18,False,,False,False,False,1419.0,206.5
NYC,2019-02-19,False,,False,False,False,1495.7,203.6
NYC,2019-02-20,False,,False,False,False,1572.2,202.0
NYC,2019-02-21,False,,False,False,False,1271.9,214.0
NYC,2019-02-22,False,,False,False,False,1088.0,213.7
NYC,2019-02-23,False,,False,False,False,1453.9,204.9
NYC,2019-02-24,False,,False,False,False,1455.0,188.3
NYC,2019-02-25,False,,False,False,False,570.6,194.6
NYC,2019-02-26,False,,False,False,True,482.0,211.5
NYC,2019-02-27,False,,False,False,False,884.5,242.5
NYC,2019-02-28,False,,True,True,True,83.7,202.1
NYC,2019-03-01,False,,False,False,False,1451.4,206.9
NYC,2019-03-02,False,,False,False,False,681.0,206.5
NYC,2019-03-03,False,,False,False,False,1459.3,208.3
NYC,2019-03-04,False,,False,False,False,1384.5,211.6
NYC,2019-03-05,False,,True,True,True,99.6,198.9
NYC,2019-03-06,False,,False,False,False,557.9,190.7
NYC,2019-03-07,False,,False,False,False,650.8,198.6
NYC,2019-03-08,False,,False,False,False,1248.2,213.6
NYC,2019-03-09,False,,False,False,False,1364.2,220.5
NYC,2019-03-10,False,,False,False,False,1471.0,222.0
NYC,2019-03-11,False,,False,False,False,735.3,203.6
NYC,2019-03-12,False,,False,False,True,304.3,203.4
NYC,2019-03-13,False,,False,False,True,470.2,213.5
NYC,2019-03-14,False,,True,True,True,88.9,210.8
NYC,2019-03-15,False,,False,False,False,885.8,207.8
NYC,2019-03-16,False,,False,False,True,379.3,229.9
NYC,2019-03-17,False,,True,True,True,79.0,186.7
NYC,2019-03-18,False,,False,False,False,758.7,213.1
NYC,2019-03-19,False,,True,True,True,84.2,196.8
NYC,2019-03-20,False,,True,True,True,42.2,225.2
NYC,2019-03-21,False,,False,False,False,816.5,202.4
NYC,2019-03-22,False,,False,False,False,882.2,203.0
NYC,2019-03-23,False,,False,False,False,531.7,203.1
NYC,2019-03-24,False,,False,False,False,836.3,217.5
NYC,2019-03-25,False,,False,False,False,722.1,282.4
NYC,2019-03-26,False,,True,True,True,98.2,195.1
NYC,2019-03-27,False,,True,True,True,77.7,200.4
NYC,2019-03-28,False,,True,True,True,94.8,214.3
NYC,2019-03-29,False,,False,False,True,393.4,223.4
NYC,2019-03-30,False,,True,True,True,40.7,201.5
NYC,2019-03-31,False,,False,False,False,1488.5,274.6
NYC,2019-04-01,False,,False,False,True,389.4,219.9
NYC,2019-04-02,False,,False,False,False,859.5,230.0
NYC,2019-04-03,True,light,True,True,True,0.0,0.0
NYC,2019-04-04,False,,True,True,True,89.0,199.5
NYC,2019-04-05,False,,False,False,False,1509.7,273.3
NYC,2019-04-06,False,,False,False,False,1305.9,279.7
NYC,2019-04-07,False,,False,False,False,1785.7,224.4
NYC,2019-04-08,False,,False,False,False,1193.4,278.5
NYC,2019-04-09,False,,False,False,False,960.2,255.7
NYC,2019-04-10,False,,False,False,True,406.0,234.2
NYC,2019-04-11,False,,False,False,False,573.3,215.8
NYC,2019-04-12,False,,False,False,False,1365.0,253.1
NYC,2019-04-13,False,,False,False,False,995.4,277.7
NYC,2019-04-14,False,,False,False,False,978.9,215.2
NYC,2019-04-15,False,,False,False,False,809.7,204.6
NYC,2019-04-16,False,,False,False,False,754.1,215.6
NYC,2019-04-17,False,,False,False,True,323.9,85.8
NYC,2019-04-18,False,,False,False,False,552.3,214.4
NYC,2019-04-19,False,,False,False,False,1323.3,289.9
NYC,2019-04-20,False,,False,False,False,1192.4,275.7
NYC,2019-04-21,False,,False,False,False,846.6,297.5
NYC,2019-04-22,False,,False,False,False,773.3,209.4
NYC,2019-04-23,False,,False,True,True,233.8,211.7
NYC,2019-04-24,False,,False,False,False,704.1,213.6
NYC,2019-04-25,False,,False,False,False,890.0,210.6
NYC,2019-04-26,False,,False,False,False,1043.8,278.8
NYC,2019-04-27,False,,False,False,False,697.1,210.2
NYC,2019-04-28,False,,False,False,False,701.5,214.3
NYC,2019-04-29,False,,False,False,False,755.2,216.9
NYC,2019-04-30,False,,False,False,False,635.9,215.6
NYC,2019-05-01,False,,False,False,False,562.8,198.9
NYC,2019-05-02,False,,False,False,True,408.0,213.9
NYC,2019-05-03,False,,False,False,False,1159.4,236.0
NYC,2019-05-04,False,,False,False,False,819.3,295.4
NYC,2019-05-05,False,,False,False,False,927.0,287.0
NYC,2019-05-06,False,,False,False,False,790.9,52.1
NYC,2019-05-07,False,,False,False,False,1010.2,303.2
NYC,2019-05-08,False,,False,True,True,154.6,273.0
NYC,2019-05-09,False,,False,False,False,1068.8,231.3
NYC,2019-05-10,False,,False,False,False,1382.7,212.5
NYC,2019-05-11,False,,False,False,False,1593.6,200.4
NYC,2019-05-12,False,,False,False,False,1547.5,220.2
NYC,2019-05-13,False,,False,False,False,1414.0,210.1
NYC,2019-05-14,False,,False,False,False,786.4,212.6
NYC,2019-05-15,False,,False,False,False,734.9,205.1
NYC,2019-05-16,False,,False,False,False,715.5,212.1
NYC,2019-05-17,False,,False,False,False,909.3,216.1
NYC,2019-05-18,False,,False,False,False,747.7,204.1
NYC,2019-05-19,False,,False,False,False,613.5,219.2
NYC,2019-05-20,False,,False,False,False,706.6,215.9
NYC,2019-05-21,False,,False,False,False,716.9,205.7
NYC,2019-05-22,True,heavy,True,True,True,0.0,0.0
NYC,2019-05-23,False,,True,True,True,94.1,178.5
NYC,2019-05-24,False,,False,True,True,226.1,193.3
NYC,2019-05-25,True,light,True,True,True,0.0,0.0
NYC,2019-05-26,False,,False,True,True,195.8,221.7
NYC,2019-05-27,False,,False,False,False,944.6,204.4
NYC,2019-05-28,False,,False,False,False,654.6,21.5
NYC,2019-05-29,False,,False,False,True,328.8,356.1
NYC,2019-05-30,False,,False,True,True,210.3,329.0
NYC,2019-05-31,True,medium,True,True,True,0.0,0.0
NYC,2019-06-01,True,medium,True,True,True,0.0,0.0
NYC,2019-06-02,True,medium,True,True,True,0.0,0.0
NYC,2019-06-03,True,light,True,True,True,0.0,0.0
NYC,2019-06-04,True,medium,True,True,True,0.0,0.0
NYC,2019-06-05,True,light,True,True,True,0.0,0.0
NYC,2019-06-06,False,,True,True,True,86.4,129.1
NYC,2019-06-07,False,,False,False,False,546.2,315.4
NYC,2019-06-08,False,,False,True,True,186.4,7.8
NYC,2019-06-09,False,,False,True,True,223.5,48.0
NYC,2019-06-10,False,,False,False,False,1060.0,282.5
NYC,2019-06-11,False,,True,True,True,56.1,321.1
NYC,2019-06-12,False,,False,False,False,1243.4,315.9
NYC,2019-06-13,False,,False,False,False,1342.4,250.8
NYC,2019-06-14,False,,False,False,False,719.8,206.0
NYC,2019-06-15,False,,False,False,False,655.6,217.4
NYC,2019-06-16,False,,False,False,False,1125.1,214.6
NYC,2019-06-17,False,,False,False,True,464.1,209.4
NYC,2019-06-18,False,,False,False,False,1341.9,251.9
NYC,2019-06-19,False,,False,False,False,1519.3,231.8
NYC,2019-06-20,False,,False,False,False,1472.5,207.1
NYC,2019-06-21,True,light,True,True,True,0.0,0.0
NYC,2019-06-22,True,medium,True,True,True,0.0,0.0
NYC,2019-06-23,True,light,True,True,True,0.0,0.0
NYC,2019-06-24,True,light,True,True,True,0.0,0.0
NYC,2019-06-25,False,,False,False,True,388.5,78.4
NYC,2019-06-26,False,,False,False,False,514.2,344.4
NYC,2019-06-27,False,,False,False,True,347.5,240.2
NYC,2019-06-28,False,,False,False,True,487.9,354.7
NYC,2019-06-29,False,,False,True,True,174.7,280.4
NYC,2019-06-30,False,,True,True,True,12.7,171.7
NYC,2019-07-01,False,,False,False,True,377.4,214.4
NYC,2019-07-02,False,,False,False,True,412.1,3.3
NYC,2019-07-03,False,,True,True,True,71.6,25.7
NYC,2019-07-04,False,,True,True,True,20.5,57.0
NYC,2019-07-05,False,,False,True,True,200.2,61.2
NYC,2019-07-06,False,,False,True,True,256.4,343.3
NYC,2019-07-07,True,light,True,True,True,0.0,0.0
NYC,2019-07-08,True,medium,True,True,True,0.0,0.0
NYC,2019-07-09,True,medium,True,True,True,0.0,0.0
NYC,2019-07-10,True,medium,True,True,True,0.0,0.0
NYC,2019-07-11,False,,False,True,True,180.1,110.9
NYC,2019-07-12,True,light,True,True,True,0.0,0.0
NYC,2019-07-13,False,,False,False,False,861.7,319.1
NYC,2019-07-14,False,,True,True,True,66.4,125.4
NYC,2019-07-15,False,,False,False,True,331.4,149.8
NYC,2019-07-16,False,,False,False,True,403.0,150.4
NYC,2019-07-17,False,,True,True,True,42.4,129.9
NYC,2019-07-18,False,,False,False,False,1017.1,41.2
NYC,2019-07-19,False,,False,False,False,1504.1,351.5
NYC,2019-07-20,True,light,True,True,True,0.0,0.0
NYC,2019-07-21,False,,True,True,True,27.3,177.6
NYC,2019-07-22,False,,False,False,False,645.0,356.9
NYC,2019-07-23,False,,False,False,True,421.0,311.7
NYC,2019-07-24,False,,False,True,True,110.9,312.0
NYC,2019-07-25,True,light,True,True,True,0.0,0.0
NYC,2019-07-26,True,light,True,True,True,0.0,0.0
NYC,2019-07-27,True,medium,True,True,True,0.0,0.0
NYC,2019-07-28,True,medium,True,True,True,0.0,0.0
NYC,2019-07-29,True,light,True,True,True,0.0,0.0
NYC,2019-07-30,True,light,True,True,True,0.0,0.0
NYC,2019-07-31,False,,True,True,True,84.9,101.8
NYC,2019-08-01,True,light,True,True,True,0.0,0.0
NYC,2019-08-02,False,,True,True,True,58.6,13.2
NYC,2019-08-03,True,light,True,True,True,0.0,0.0
NYC,2019-08-04,False,,False,True,True,135.5,291.2
NYC,2019-08-05,False,,False,False,False,780.7,295.6
NYC,2019-08-06,False,,True,True,True,38.1,249.5
NYC,2019-08-07,False,,False,True,True,283.1,203.4
NYC,2019-08-08,False,,False,True,True,184.2,304.6
NYC,2019-08-09,False,,False,True,True,254.1,314.2
NYC,2019-08-10,False,,False,False,False,1045.5,304.5
NYC,2019-08-11,False,,False,False,False,1412.7,306.9
NYC,2019-08-12,False,,False,False,False,789.3,338.3
NYC,2019-08-13,False,,False,False,True,366.5,9.6
NYC,2019-08-14,False,,False,False,False,720.1,210.7
NYC,2019-08-15,False,,False,False,False,948.5,309.4
NYC,2019-08-16,True,light,True,True,True,0.0,0.0
NYC,2019-08-17,False,,False,False,False,960.8,348.7
NYC,2019-08-18,False,,True,True,True,97.8,256.4
NYC,2019-08-19,False,,False,False,False,559.8,339.9
NYC,2019-08-20,False,,False,True,True,284.5,210.6
NYC,2019-08-21,False,,False,False,True,431.8,230.3
NYC,2019-08-22,False,,False,False,True,338.5,250.2
NYC,2019-08-23,False,,False,False,False,977.6,45.0
NYC,2019-08-24,False,,False,False,False,2046.4,310.2
NYC,2019-08-25,False,,False,False,False,2289.2,272.9
NYC,2019-08-26,False,,False,False,False,788.7,209.8
NYC,2019-08-27,False,,False,False,False,753.3,29.6
NYC,2019-08-28,False,,False,False,True,438.8,289.3
NYC,2019-08-29,False,,False,False,True,378.5,206.5
NYC,2019-08-30,False,,False,False,True,335.6,208.0
NYC,2019-08-31,True,light,True,True,True,0.0,0.0
NYC,2019-09-01,False,,False,False,False,852.4,266.5
NYC,2019-09-02,False,,False,False,True,318.2,219.5
NYC,2019-09-03,False,,False,False,False,532.0,226.9
NYC,2019-09-04,True,light,True,True,True,0.0,0.0
NYC,2019-09-05,False,,False,False,False,674.9,280.4
NYC,2019-09-06,False,,False,False,True,328.7,277.1
NYC,2019-09-07,False,,False,False,False,653.5,217.7
NYC,2019-09-08,False,,False,True,True,143.2,183.1
NYC,2019-09-09,False,,False,False,False,657.3,208.5
NYC,2019-09-10,False,,False,True,True,137.1,195.7
NYC,2019-09-11,False,,False,False,True,379.2,224.3
NYC,2019-09-12,False,,False,False,False,820.4,217.2
NYC,2019-09-13,False,,False,False,True,425.9,270.0
NYC,2019-09-14,False,,False,True,True,223.3,286.4
NYC,2019-09-15,False,,False,False,False,617.4,228.4
NYC,2019-09-16,False,,False,False,True,343.0,216.6
NYC,2019-09-17,False,,False,False,False,620.8,224.6
NYC,2019-09-18,False,,False,False,True,481.3,351.9
NYC,2019-09-19,False,,False,False,False,545.8,262.6
NYC,2019-09-20,False,,False,False,True,310.9,272.4
NYC,2019-09-21,False,,False,False,True,346.1,328.9
NYC,2019-09-22,False,,False,False,False,765.5,212.8
NYC,2019-09-23,False,,False,False,False,504.8,201.1
NYC,2019-09-24,False,,False,True,True,225.6,226.0
NYC,2019-09-25,False,,False,False,True,306.4,257.0
NYC,2019-09-26,False,,False,True,True,262.4,167.9
NYC,2019-09-27,False,,False,False,True,380.0,153.1
NYC,2019-09-28,False,,False,True,True,142.8,119.8
NYC,2019-09-29,False,,True,True,True,73.9,131.3
NYC,2019-09-30,False,,False,False,False,534.2,203.4
NYC,2019-10-01,False,,False,False,True,379.9,215.7
NYC,2019-10-02,False,,False,True,True,199.0,173.0
NYC,2019-10-03,False,,False,False,True,416.3,180.0
NYC,2019-10-04,False,,False,False,False,548.7,168.6
NYC,2019-10-05,False,,False,False,True,394.7,8.8
NYC,2019-10-06,False,,False,True,True,243.2,314.8
NYC,2019-10-07,False,,False,False,False,1066.4,268.0
NYC,2019-10-08,False,,False,False,False,1045.5,326.8
NYC,2019-10-09,False,,False,False,False,814.5,265.3
NYC,2019-10-10,False,,False,False,False,639.3,332.5
NYC,2019-10-11,False,,False,False,True,490.1,221.8
NYC,2019-10-12,False,,False,False,False,724.0,206.5
NYC,2019-10-13,False,,False,True,True,245.3,319.0
NYC,2019-10-14,False,,False,False,False,661.9,213.0
NYC,2019-10-15,False,,False,False,False,1622.3,201.3
NYC,2019-10-16,False,,False,False,False,511.0,188.6
NYC,2019-10-17,False,,False,False,False,834.7,213.3
NYC,2019-10-18,False,,False,False,False,687.3,207.3
NYC,2019-10-19,False,,False,True,True,200.4,38.2
NYC,2019-10-20,False,,False,False,False,774.3,267.7
NYC,2019-10-21,False,,False,False,True,430.8,274.6
NYC,2019-10-22,False,,False,False,False,1030.5,253.1
NYC,2019-10-23,False,,False,False,False,988.3,221.9
NYC,2019-10-24,False,,False,True,True,193.1,244.9
NYC,2019-10-25,False,,False,False,False,1407.7,287.7
NYC,2019-10-26,False,,False,False,False,933.3,323.0
NYC,2019-10-27,False,,False,False,False,1606.2,201.9
NYC,2019-10-28,False,,False,True,True,281.6,209.9
NYC,2019-10-29,False,,False,False,False,1622.7,200.8
NYC,2019-10-30,False,,False,False,False,1654.9,201.1
NYC,2019-10-31,False,,False,False,False,1567.4,201.3
NYC,2019-11-01,False,,False,False,False,1323.2,217.3
NYC,2019-11-02,False,,False,False,False,501.1,255.4
NYC,2019-11-03,False,,False,False,False,615.3,206.5
NYC,2019-11-04,False,,False,True,True,275.0,45.7
NYC,2019-11-05,False,,False,False,False,541.6,216.0
NYC,2019-11-06,False,,False,True,True,155.0,260.9
NYC,2019-11-07,False,,False,False,False,749.1,214.2
NYC,2019-11-08,False,,False,False,False,718.6,238.4
NYC,2019-11-09,False,,False,False,False,556.3,222.6
NYC,2019-11-10,False,,False,False,True,445.5,237.4
NYC,2019-11-11,False,,False,False,False,740.3,219.3
NYC,2019-11-12,False,,False,False,False,1418.2,202.4
NYC,2019-11-13,False,,False,False,False,1044.4,211.2
NYC,2019-11-14,False,,True,True,True,75.0,208.9
NYC,2019-11-15,False,,False,True,True,143.1,262.4
NYC,2019-11-16,False,,False,False,True,435.5,239.6
NYC,2019-11-17,False,,False,False,False,1250.1,220.9
NYC,2019-11-18,False,,False,False,False,1227.4,224.0
NYC,2019-11-19,False,,False,False,False,1018.8,207.4
NYC,2019-11-20,False,,False,False,False,1006.5,235.5
NYC,2019-11-21,False,,False,False,False,799.5,211.1
NYC,2019-11-22,False,,False,False,False,937.1,208.4
NYC,2019-11-23,False,,False,False,False,1449.5,203.8
NYC,2019-11-24,False,,False,False,False,1211.5,211.6
NYC,2019-11-25,False,,False,False,False,1065.0,239.5
NYC,2019-11-26,False,,False,False,False,697.1,211.7
NYC,2019-11-27,False,,False,False,False,1232.5,213.8
NYC,2019-11-28,False,,False,False,False,1101.8,217.5
NYC,2019-11-29,False,,False,True,True,234.2,243.1
NYC,2019-11-30,False,,False,False,False,1142.0,219.1
NYC,2019-12-01,False,,False,False,False,1429.5,189.1
NYC,2019-12-02,False,,False,False,False,937.1,206.1
NYC,2019-12-03,False,,False,False,True,430.4,227.5
NYC,2019-12-04,False,,False,False,False,566.6,198.3
NYC,2019-12-05,False,,False,False,False,535.5,213.4
NYC,2019-12-06,False,,False,False,False,1192.7,272.1
NYC,2019-12-07,False,,False,False,True,385.8,246.8
NYC,2019-12-08,False,,False,False,False,1155.1,214.3
NYC,2019-12-09,False,,False,False,False,1538.6,203.8
NYC,2019-12-10,False,,False,False,False,870.3,209.5
NYC,2019-12-11,False,,False,False,False,1432.6,257.8
NYC,2019-12-12,False,,False,False,False,736.7,216.3
NYC,2019-12-13,False,,False,False,False,1575.8,266.0
NYC,2019-12-14,False,,False,False,False,1299.1,220.1
NYC,2019-12-15,False,,False,False,False,1191.5,214.3
NYC,2019-12-16,False,,False,False,False,1091.2,219.5
NYC,2019-12-17,False,,False,False,False,1652.9,199.6
NYC,2019-12-18,False,,False,False,True,432.6,229.6
NYC,2019-12-19,False,,False,False,False,612.7,201.7
NYC,2019-12-20,False,,False,False,False,735.1,207.9
NYC,2019-12-21,False,,False,False,False,872.8,50.2
NYC,2019-12-22,False,,False,False,False,1831.8,246.7
NYC,2019-12-23,False,,False,False,False,1610.2,200.2
NYC,2019-12-24,False,,False,False,False,1651.8,246.9
NYC,2019-12-25,False,,False,False,False,1518.7,260.4
NYC,2019-12-26,False,,False,False,False,1094.1,219.9
NYC,2019-12-27,False,,False,False,False,3869.5,262.8
NYC,2019-12-28,False,,False,False,False,740.7,250.4
NYC,2019-12-29,False,,False,False,False,3080.3,219.8
NYC,2019-12-30,False,,False,False,False,803.5,222.0
NYC,2019-12-31,False,,False,False,False,1075.8,215.0
NYC,2020-01-01,False,,False,False,False,1442.2,210.5
NYC,2020-01-02,False,,False,False,False,1345.2,214.4
NYC,2020-01-03,False,,False,False,False,1137.6,213.2
NYC,2020-01-04,False,,False,False,False,1575.6,253.3
NYC,2020-01-05,False,,False,False,False,1222.5,222.8
NYC,2020-01-06,False,,False,False,False,1034.6,218.5
NYC,2020-01-07,False,,False,False,False,943.1,204.9
NYC,2020-01-08,False,,False,False,False,537.1,186.5
NYC,2020-01-09,False,,False,False,False,573.5,196.1
NYC,2020-01-10,False,,False,False,False,1346.6,213.4
NYC,2020-01-11,False,,False,False,False,1568.7,202.5
NYC,2020-01-12,False,,False,False,False,1594.4,200.6
NYC,2020-01-13,False,,False,False,False,1335.1,212.0
NYC,2020-01-14,False,,False,False,False,1357.4,215.2
NYC,2020-01-15,False,,False,False,False,1146.9,213.3
NYC,2020-01-16,False,,False,False,False,1148.8,213.5
NYC,2020-01-17,False,,False,False,True,495.9,199.3
NYC,2020-01-18,False,,False,False,False,1273.0,218.8
NYC,2020-01-19,False,,False,False,False,1599.4,201.8
NYC,2020-01-20,False,,False,False,False,691.3,208.7
NYC,2020-01-21,False,,False,False,False,621.8,208.0
NYC,2020-01-22,False,,False,True,True,106.3,198.5
NYC,2020-01-23,False,,False,False,False,1387.2,223.0
NYC,2020-01-24,False,,False,False,False,1835.5,229.9
NYC,2020-01-25,False,,False,False,False,825.6,219.6
NYC,2020-01-26,False,,False,False,False,721.8,199.8
NYC,2020-01-27,False,,False,False,False,1727.1,259.6
NYC,2020-01-28,False,,False,False,False,772.5,210.2
NYC,2020-01-29,False,,False,False,False,590.5,220.6
NYC,2020-01-30,False,,False,False,False,573.5,195.6
NYC,2020-01-31,False,,False,False,False,1652.1,199.4
NYC,2020-02-01,False,,False,False,False,1590.8,251.5
NYC,2020-02-02,False,,False,False,False,952.1,217.2
NYC,2020-02-03,False,,False,False,False,767.3,216.6
NYC,2020-02-04,False,,False,False,False,658.7,201.5
NYC,2020-02-05,False,,False,False,False,1153.1,213.5
NYC,2020-02-06,False,,False,False,False,1616.2,200.0
NYC,2020-02-07,False,,False,False,False,1528.0,224.7
NYC,2020-02-08,False,,False,False,True,313.0,228.2
NYC,2020-02-09,False,,False,True,True,296.5,212.4
NYC,2020-02-10,False,,False,False,False,657.7,200.7
NYC,2020-02-11,False,,False,False,False,944.3,208.8
NYC,2020-02-12,False,,False,False,False,975.8,213.6
NYC,2020-02-13,False,,False,False,False,1307.8,201.1
NYC,2020-02-14,False,,False,False,False,977.8,213.0
NYC,2020-02-15,False,,False,False,False,523.1,198.2
NYC,2020-02-16,False,,False,False,False,1602.5,250.9
NYC,2020-02-17,False,,True,True,True,81.2,193.7
NYC,2020-02-18,False,,False,False,False,1470.5,204.1
NYC,2020-02-19,False,,False,False,False,2051.2,197.0
NYC,2020-02-20,False,,False,False,False,1336.2,257.0
NYC,2020-02-21,False,,True,True,True,55.8,203.2
NYC,2020-02-22,False,,True,True,True,55.9,178.0
NYC,2020-02-23,False,,True,True,True,34.3,157.5
NYC,2020-02-24,False,,False,True,True,112.7,191.8
NYC,2020-02-25,False,,False,False,False,1519.9,190.9
NYC,2020-02-26,False,,False,False,False,531.2,242.4
NYC,2020-02-27,False,,False,False,False,743.7,211.5
NYC,2020-02-28,False,,False,False,True,470.1,194.5
NYC,2020-02-29,False,,False,False,False,703.6,199.3
NYC,2020-03-01,False,,False,True,True,114.9,172.3
NYC,2020-03-02,False,,True,True,True,38.5,210.3
NYC,2020-03-03,False,,False,False,False,1379.9,258.8
NYC,2020-03-04,False,,False,False,True,354.9,230.4
NYC,2020-03-05,False,,True,True,True,83.1,202.1
NYC,2020-03-06,False,,False,False,False,1110.1,213.1
NYC,2020-03-07,False,,False,False,True,394.7,222.8
NYC,2020-03-08,False,,True,True,True,57.8,169.8
NYC,2020-03-09,False,,True,True,True,69.9,201.8
NYC,2020-03-10,False,,False,False,False,999.2,217.3
NYC,2020-03-11,False,,False,False,False,771.9,201.4
NYC,2020-03-12,False,,False,False,False,616.3,217.2
NYC,2020-03-13,False,,False,False,False,939.5,208.5
NYC,2020-03-14,False,,True,True,True,97.7,192.9
NYC,2020-03-15,False,,False,True,True,117.8,202.5
NYC,2020-03-16,False,,False,False,False,577.4,208.2
NYC,2020-03-17,False,,False,False,False,1232.0,280.3
NYC,2020-03-18,False,,True,True,True,88.7,209.9
NYC,2020-03-19,False,,False,False,False,761.9,204.2
NYC,2020-03-20,False,,False,False,False,917.5,212.3
NYC,2020-03-21,False,,False,True,True,204.6,229.8
NYC,2020-03-22,False,,False,False,False,1345.4,215.0
NYC,2020-03-23,False,,False,False,False,1363.3,216.3
NYC,2020-03-24,False,,False,False,False,1142.2,214.2
NYC,2020-03-25,False,,False,False,False,940.3,277.5
NYC,2020-03-26,False,,True,True,True,37.2,287.8
NYC,2020-03-27,False,,False,False,False,703.0,215.8
NYC,2020-03-28,False,,False,False,False,706.6,201.9
NYC,2020-03-29,False,,False,True,True,296.9,196.7
NYC,2020-03-30,False,,False,False,False,780.0,199.8
NYC,2020-03-31,False,,False,False,False,1434.9,258.6
NYC,2020-04-01,False,,False,False,False,1098.2,224.6
NYC,2020-04-02,False,,False,False,False,709.6,209.7
NYC,2020-04-03,False,,False,False,False,737.5,216.8
NYC,2020-04-04,False,,False,False,False,530.9,214.3
NYC,2020-04-05,False,,False,False,False,697.8,203.5
NYC,2020-04-06,False,,False,False,False,903.9,210.2
NYC,2020-04-07,False,,False,False,False,924.1,265.3
NYC,2020-04-08,False,,False,True,True,296.0,220.4
NYC,2020-04-09,False,,False,True,True,183.1,209.1
NYC,2020-04-10,False,,False,True,True,167.4,188.5
NYC,2020-04-11,False,,False,False,False,711.9,207.2
NYC,2020-04-12,False,,False,False,False,1481.2,212.1
NYC,2020-04-13,False,,False,False,False,1416.9,207.8
NYC,2020-04-14,False,,False,False,False,1396.8,198.4
NYC,2020-04-15,False,,False,False,False,951.5,195.3
NYC,2020-04-16,False,,False,False,False,722.8,239.0
NYC,2020-04-17,False,,False,False,False,647.1,197.7
NYC,2020-04-18,False,,False,False,False,1271.3,224.6
NYC,2020-04-19,False,,False,False,False,936.6,60.0
NYC,2020-04-20,False,,False,False,False,1682.1,227.6
NYC,2020-04-21,False,,False,False,False,1037.1,216.1
NYC,2020-04-22,False,,False,False,True,403.0,210.9
NYC,2020-04-23,False,,False,False,False,1359.4,198.8
NYC,2020-04-24,False,,False,False,False,1505.8,211.4
NYC,2020-04-25,False,,False,False,False,1522.6,205.3
NYC,2020-04-26,False,,False,False,False,1243.5,217.5
NYC,2020-04-27,False,,False,False,False,754.3,215.5
NYC,2020-04-28,False,,False,False,False,696.6,212.8
NYC,2020-04-29,False,,False,False,False,1349.0,208.8
NYC,2020-04-30,False,,False,False,False,1351.9,278.5
NYC,2020-05-01,False,,False,False,False,943.2,225.2
NYC,2020-05-02,False,,False,False,False,573.6,222.1
NYC,2020-05-03,False,,False,False,False,602.7,211.6
NYC,2020-05-04,False,,False,False,False,740.3,210.3
NYC,2020-05-05,False,,False,True,True,100.0,79.7
NYC,2020-05-06,False,,False,False,False,949.1,215.4
NYC,2020-05-07,False,,False,False,False,906.4,212.4
NYC,2020-05-08,False,,False,False,False,1559.7,190.4
NYC,2020-05-09,False,,False,False,False,1341.3,268.0
NYC,2020-05-10,False,,False,False,False,1847.6,264.5
NYC,2020-05-11,False,,False,False,False,616.0,332.9
NYC,2020-05-12,False,,False,False,False,619.0,196.2
NYC,2020-05-13,False,,False,False,False,1073.1,215.0
NYC,2020-05-14,False,,False,False,False,749.0,216.5
NYC,2020-05-15,False,,False,False,False,726.6,216.3
NYC,2020-05-16,False,,False,False,True,375.2,215.5
NYC,2020-05-17,False,,False,False,False,1320.4,326.3
NYC,2020-05-18,False,,False,False,False,1208.8,312.7
NYC,2020-05-19,False,,False,False,False,1263.9,308.5
NYC,2020-05-20,False,,False,False,False,517.3,54.3
NYC,2020-05-21,False,,False,True,True,147.1,281.2
NYC,2020-05-22,False,,False,False,False,502.4,26.0
NYC,2020-05-23,False,,False,False,False,562.5,344.7
NYC,2020-05-24,False,,False,False,False,986.4,46.4
NYC,2020-05-25,False,,False,False,False,766.4,64.2
NYC,2020-05-26,False,,False,False,True,307.0,230.8
NYC,2020-05-27,False,,False,False,False,1602.2,217.1
NYC,2020-05-28,False,,False,False,False,1503.8,203.9
NYC,2020-05-29,False,,False,False,False,1532.4,203.1
NYC,2020-05-30,False,,False,False,False,1277.7,250.1
NYC,2020-05-31,False,,False,False,False,911.1,266.3
NYC,2020-06-01,False,,False,False,False,1702.7,241.1
NYC,2020-06-02,False,,False,False,False,780.8,44.8
NYC,2020-06-03,False,,False,False,False,698.1,212.8
NYC,2020-06-04,False,,False,False,False,682.5,216.6
NYC,2020-06-05,False,,False,False,False,1289.4,220.8
NYC,2020-06-06,False,,False,False,False,964.3,287.5
NYC,2020-06-07,False,,False,False,False,2305.1,264.8
NYC,2020-06-08,False,,False,False,True,408.1,203.7
NYC,2020-06-09,False,,False,False,False,1917.2,252.8
NYC,2020-06-10,False,,False,False,True,485.7,224.0
NYC,2020-06-11,False,,False,False,False,1420.4,248.9
NYC,2020-06-12,False,,False,False,False,1235.6,260.7
NYC,2020-06-13,False,,False,False,False,749.5,215.4
NYC,2020-06-14,False,,False,False,False,1019.9,308.8
NYC,2020-06-15,False,,False,False,False,640.0,332.6
NYC,2020-06-16,False,,True,True,True,77.0,341.2
NYC,2020-06-17,False,,False,True,True,113.0,349.9
NYC,2020-06-18,False,,False,False,True,395.9,342.0
NYC,2020-06-19,True,light,True,True,True,0.0,0.0
NYC,2020-06-20,False,,False,False,True,385.3,344.7
NYC,2020-06-21,False,,False,False,False,982.6,13.8
NYC,2020-06-22,False,,False,False,True,398.0,341.6
NYC,2020-06-23,False,,False,False,False,817.8,24.9
NYC,2020-06-24,False,,False,True,True,198.5,202.2
NYC,2020-06-25,False,,False,False,True,393.9,343.4
NYC,2020-06-26,False,,False,False,True,317.6,205.7
NYC,2020-06-27,False,,False,False,True,441.8,195.1
NYC,2020-06-28,False,,False,False,False,2724.0,263.9
NYC,2020-06-29,False,,False,False,False,784.7,216.7
NYC,2020-06-30,False,,False,False,True,373.0,216.0
NYC,2020-07-01,False,,False,False,False,708.7,205.4
NYC,2020-07-02,False,,False,False,False,704.9,218.6
NYC,2020-07-03,False,,False,False,True,380.1,210.8
NYC,2020-07-04,False,,False,False,False,988.2,315.6
NYC,2020-07-05,False,,False,False,False,2130.4,311.3
NYC,2020-07-06,False,,False,False,True,453.6,199.4
NYC,2020-07-07,False,,False,False,True,339.4,222.7
NYC,2020-07-08,False,,False,False,False,1247.2,247.2
NYC,2020-07-09,False,,True,True,True,62.0,227.8
NYC,2020-07-10,False,,False,False,False,1444.1,215.2
NYC,2020-07-11,False,,False,False,False,1330.1,222.6
NYC,2020-07-12,False,,False,False,False,1423.2,216.1
NYC,2020-07-13,False,,False,False,False,752.1,215.6
NYC,2020-07-14,False,,False,False,False,1075.7,218.4
NYC,2020-07-15,False,,False,False,False,570.1,220.6
NYC,2020-07-16,False,,False,True,True,185.7,239.2
NYC,2020-07-17,False,,False,False,False,633.1,209.2
NYC,2020-07-18,False,,True,True,True,88.8,201.3
NYC,2020-07-19,False,,False,False,False,1694.3,234.1
NYC,2020-07-20,False,,False,True,True,210.9,178.2
NYC,2020-07-21,False,,False,False,False,598.4,199.5
NYC,2020-07-22,False,,True,True,True,99.4,140.6
NYC,2020-07-23,False,,False,False,False,648.6,201.0
NYC,2020-07-24,False,,False,False,False,1199.2,217.7
NYC,2020-07-25,False,,False,False,False,1699.1,271.6
NYC,2020-07-26,False,,False,False,False,1719.1,250.9
NYC,2020-07-27,False,,False,False,False,585.9,203.1
NYC,2020-07-28,False,,False,False,True,422.9,214.1
NYC,2020-07-29,False,,False,False,False,1436.5,294.4
NYC,2020-07-30,False,,False,True,True,139.9,6.9
NYC,2020-07-31,False,,False,True,True,194.5,351.3
NYC,2020-08-01,False,,False,True,True,245.4,358.3
NYC,2020-08-02,False,,False,False,False,1216.6,330.1
NYC,2020-08-03,False,,False,False,False,1468.8,219.5
NYC,2020-08-04,False,,False,False,False,1395.6,355.7
NYC,2020-08-05,False,,False,False,False,523.3,327.1
NYC,2020-08-06,False,,False,False,False,830.6,320.8
NYC,2020-08-07,False,,False,False,False,1118.0,5.9
NYC,2020-08-08,False,,False,False,False,1130.6,47.8
NYC,2020-08-09,False,,False,False,False,845.2,212.1
NYC,2020-08-10,False,,False,False,False,1452.8,250.2
NYC,2020-08-11,False,,False,False,False,693.9,312.0
NYC,2020-08-12,False,,False,True,True,293.8,339.1
NYC,2020-08-13,False,,False,False,True,323.4,2.2
NYC,2020-08-14,False,,True,True,True,89.0,351.4
NYC,2020-08-15,False,,False,False,False,1183.1,258.2
NYC,2020-08-16,False,,False,False,False,1525.1,240.0
NYC,2020-08-17,False,,False,False,False,1164.4,249.1
NYC,2020-08-18,False,,False,False,False,1059.3,214.1
NYC,2020-08-19,False,,False,False,False,1184.4,257.7
NYC,2020-08-20,False,,False,False,True,497.9,258.9
NYC,2020-08-21,False,,False,False,False,994.2,297.8
NYC,2020-08-22,True,light,True,True,True,0.0,0.0
NYC,2020-08-23,False,,False,False,False,837.7,276.4
NYC,2020-08-24,False,,False,False,True,364.9,319.2
NYC,2020-08-25,True,medium,True,True,True,0.0,0.0
NYC,2020-08-26,False,,False,False,True,470.1,223.1
NYC,2020-08-27,True,medium,True,True,True,0.0,0.0
NYC,2020-08-28,False,,True,True,True,66.2,155.7
NYC,2020-08-29,True,light,True,True,True,0.0,0.0
NYC,2020-08-30,False,,False,False,False,554.2,197.4
NYC,2020-08-31,False,,False,False,False,553.3,201.4
NYC,2020-09-01,False,,False,False,False,1583.4,279.4
NYC,2020-09-02,False,,False,False,False,2443.8,280.7
NYC,2020-09-03,False,,False,False,True,336.4,325.0
NYC,2020-09-04,True,light,True,True,True,0.0,0.0
NYC,2020-09-05,False,,False,True,True,274.6,143.1
NYC,2020-09-06,False,,False,False,False,900.4,227.0
NYC,2020-09-07,False,,False,False,True,473.5,283.8
NYC,2020-09-08,False,,False,False,True,302.5,234.7
NYC,2020-09-09,True,light,True,True,True,0.0,0.0
NYC,2020-09-10,False,,False,False,False,770.1,248.2
NYC,2020-09-11,True,light,True,True,True,0.0,0.0
NYC,2020-09-12,False,,False,True,True,220.3,4.2
NYC,2020-09-13,False,,True,True,True,60.5,312.0
NYC,2020-09-14,True,medium,True,True,True,0.0,0.0
NYC,2020-09-15,True,heavy,True,True,True,0.0,0.0
NYC,2020-09-16,True,heavy,True,True,True,0.0,0.0
NYC,2020-09-17,True,heavy,True,True,True,0.0,0.0
NYC,2020-09-18,True,light,True,True,True,0.0,0.0
NYC,2020-09-19,True,light,True,True,True,0.0,0.0
NYC,2020-09-20,False,,False,False,True,458.6,351.4
NYC,2020-09-21,True,medium,True,True,True,0.0,0.0
NYC,2020-09-22,True,medium,True,True,True,0.0,0.0
NYC,2020-09-23,True,light,True,True,True,0.0,0.0
NYC,2020-09-24,False,,False,True,True,164.4,272.4
NYC,2020-09-25,True,light,True,True,True,0.0,0.0
NYC,2020-09-26,False,,False,True,True,173.5,353.6
NYC,2020-09-27,True,light,True,True,True,0.0,0.0
NYC,2020-09-28,False,,False,False,True,341.5,302.1
NYC,2020-09-29,False,,False,False,False,787.9,75.7
NYC,2020-09-30,False,,False,False,False,1196.8,253.5
NYC,2020-10-01,True,light,True,True,True,0.0,0.0
NYC,2020-10-02,False,,True,True,True,98.2,114.2
NYC,2020-10-03,False,,False,False,False,885.1,251.2
NYC,2020-10-04,True,light,True,True,True,0.0,0.0
NYC,2020-10-05,False,,True,True,True,99.7,315.9
NYC,2020-10-06,False,,True,True,True,46.1,321.4
NYC,2020-10-07,True,light,True,True,True,0.0,0.0
NYC,2020-10-08,False,,False,False,True,430.4,173.2
NYC,2020-10-09,True,light,True,True,True,0.0,0.0
NYC,2020-10-10,True,light,True,True,True,0.0,0.0
NYC,2020-10-11,False,,False,True,True,299.5,7.1
NYC,2020-10-12,False,,False,False,False,777.8,17.5
NYC,2020-10-13,False,,False,False,False,768.0,33.8
NYC,2020-10-14,False,,False,False,False,820.4,180.0
NYC,2020-10-15,True,light,True,True,True,0.0,0.0
NYC,2020-10-16,False,,False,False,True,382.0,257.4
NYC,2020-10-17,False,,False,False,True,393.2,213.4
NYC,2020-10-18,True,light,True,True,True,0.0,0.0
NYC,2020-10-19,True,light,True,True,True,0.0,0.0
NYC,2020-10-20,False,,False,True,True,287.8,237.1
NYC,2020-10-21,False,,False,False,False,545.4,260.1
NYC,2020-10-22,False,,False,False,False,555.7,220.4
NYC,2020-10-23,False,,False,False,False,1037.3,335.7
NYC,2020-10-24,False,,False,True,True,145.4,330.9
NYC,2020-10-25,False,,False,True,True,183.2,343.8
NYC,2020-10-26,False,,False,False,False,1325.1,70.5
NYC,2020-10-27,False,,False,False,False,1044.5,211.2
NYC,2020-10-28,False,,False,False,False,3433.1,247.0
NYC,2020-10-29,False,,False,False,False,1584.1,200.5
NYC,2020-10-30,False,,False,False,False,1268.4,223.6
NYC,2020-10-31,False,,False,False,False,533.5,258.5
NYC,2020-11-01,False,,False,False,False,1275.8,237.0
NYC,2020-11-02,False,,False,False,False,1049.7,222.1
NYC,2020-11-03,False,,False,False,False,864.9,190.3
NYC,2020-11-04,False,,False,True,True,213.0,269.0
NYC,2020-11-05,False,,False,False,False,574.2,222.2
NYC,2020-11-06,False,,False,True,True,249.1,262.6
NYC,2020-11-07,False,,True,True,True,85.0,202.3
NYC,2020-11-08,False,,True,True,True,62.8,311.3
NYC,2020-11-09,False,,True,True,True,80.5,309.0
NYC,2020-11-10,False,,False,False,True,349.2,271.9
NYC,2020-11-11,False,,False,False,False,1380.8,252.6
NYC,2020-11-12,False,,False,False,False,1257.7,278.2
NYC,2020-11-13,False,,False,False,False,1440.2,224.8
NYC,2020-11-14,False,,False,False,True,420.2,305.4
NYC,2020-11-15,False,,False,False,False,1418.4,231.9
NYC,2020-11-16,False,,False,False,False,1086.5,215.5
NYC,2020-11-17,False,,False,False,False,959.7,208.6
NYC,2020-11-18,False,,False,False,False,731.0,201.8
NYC,2020-11-19,False,,False,False,False,549.6,224.2
NYC,2020-11-20,False,,False,False,True,497.6,253.1
NYC,2020-11-21,False,,False,True,True,125.7,151.6
NYC,2020-11-22,False,,False,False,False,1802.2,265.4
NYC,2020-11-23,False,,False,False,False,797.1,224.7
NYC,2020-11-24,False,,False,True,True,224.1,261.3
NYC,2020-11-25,False,,False,False,False,1214.1,216.1
NYC,2020-11-26,False,,False,False,False,1615.3,201.2
NYC,2020-11-27,False,,False,False,False,1023.6,213.7
NYC,2020-11-28,False,,False,False,False,2078.9,288.9
NYC,2020-11-29,False,,False,False,False,1635.5,201.3
NYC,2020-11-30,False,,False,False,False,1608.9,199.8
NYC,2020-12-01,False,,False,False,False,1361.7,206.1
NYC,2020-12-02,False,,False,False,False,1100.5,217.1
NYC,2020-12-03,False,,False,False,False,1629.7,199.9
NYC,2020-12-04,False,,False,False,False,1847.0,233.5
NYC,2020-12-05,False,,False,False,False,1464.8,272.3
NYC,2020-12-06,False,,False,False,False,1612.5,200.1
NYC,2020-12-07,False,,False,False,False,1509.2,250.6
NYC,2020-12-08,False,,False,False,False,944.1,207.4
NYC,2020-12-09,False,,False,False,False,941.5,205.3
NYC,2020-12-10,False,,False,False,False,1051.8,223.7
NYC,2020-12-11,False,,False,False,False,616.8,237.2
NYC,2020-12-12,False,,False,False,False,1139.6,218.8
NYC,2020-12-13,False,,False,False,False,1604.0,200.4
NYC,2020-12-14,False,,False,False,False,1475.6,219.2
NYC,2020-12-15,False,,False,False,False,1486.1,219.8
NYC,2020-12-16,False,,False,False,False,1594.6,200.2
NYC,2020-12-17,False,,False,False,False,1843.3,229.6
NYC,2020-12-18,False,,False,False,False,1420.2,216.1
NYC,2020-12-19,False,,False,False,False,1157.4,227.5
NYC,2020-12-20,False,,False,False,False,1575.2,201.7
NYC,2020-12-21,False,,False,False,False,1134.5,226.0
NYC,2020-12-22,False,,False,False,False,1035.2,215.3
NYC,2020-12-23,False,,False,False,False,1173.1,220.0
NYC,2020-12-24,False,,False,False,False,1862.1,231.8
NYC,2020-12-25,False,,False,False,False,1857.3,231.2
NYC,2020-12-26,False,,False,False,False,1630.5,200.1
NYC,2020-12-27,False,,False,False,False,1144.7,217.4
NYC,2020-12-28,False,,False,False,False,1021.2,217.3
NYC,2020-12-29,False,,False,False,False,1063.0,220.5
NYC,2020-12-30,False,,False,False,False,1483.0,230.4
NYC,2020-12-31,False,,False,False,False,1596.3,201.3
NYC,2021-01-01,False,,False,False,False,1579.5,201.7
NYC,2021-01-02,False,,False,False,False,2072.2,233.5
NYC,2021-01-03,False,,False,False,False,1832.3,229.6
NYC,2021-01-04,False,,False,False,False,961.3,215.3
NYC,2021-01-05,False,,False,False,False,1145.7,209.4
NYC,2021-01-06,False,,False,False,False,1359.8,209.5
NYC,2021-01-07,False,,False,False,False,1640.2,200.6
NYC,2021-01-08,False,,False,False,False,1557.5,202.2
NYC,2021-01-09,False,,False,False,False,1630.6,201.4
NYC,2021-01-10,False,,False,False,False,1608.7,200.8
NYC,2021-01-11,False,,False,False,False,1627.7,200.8
NYC,2021-01-12,False,,False,False,False,1432.2,259.5
NYC,2021-01-13,False,,False,False,False,2248.3,243.3
NYC,2021-01-14,False,,False,False,False,1050.4,219.0
NYC,2021-01-15,False,,False,False,False,1412.3,204.2
NYC,2021-01-16,False,,False,False,False,1153.2,222.9
NYC,2021-01-17,False,,False,False,False,1199.2,230.4
NYC,2021-01-18,False,,False,False,False,707.1,195.5
NYC,2021-01-19,False,,False,False,False,827.8,217.7
NYC,2021-01-20,False,,False,False,True,494.1,199.6
NYC,2021-01-21,False,,False,False,True,393.8,222.1
NYC,2021-01-22,False,,False,False,True,367.4,218.1
NYC,2021-01-23,False,,False,False,False,588.8,218.8
NYC,2021-01-24,False,,False,False,False,1612.6,199.6
NYC,2021-01-25,False,,False,False,False,1440.6,206.9
NYC,2021-01-26,False,,False,False,False,1554.1,202.4
NYC,2021-01-27,False,,False,False,False,1579.6,196.2
NYC,2021-01-28,False,,False,False,False,1540.9,225.1
NYC,2021-01-29,False,,False,False,False,865.2,217.7
NYC,2021-01-30,False,,True,True,True,7.3,319.0
NYC,2021-01-31,False,,False,False,False,1613.9,190.1
NYC,2021-02-01,False,,False,False,False,1694.0,229.6
NYC,2021-02-02,False,,False,False,False,1113.3,210.7
NYC,2021-02-03,False,,False,False,False,738.2,203.4
NYC,2021-02-04,False,,False,False,False,1331.6,212.1
NYC,2021-02-05,False,,False,False,False,1392.8,203.4
NYC,2021-02-06,False,,False,False,False,2189.1,188.6
NYC,2021-02-07,False,,False,False,False,1587.9,188.2
NYC,2021-02-08,False,,False,False,False,538.7,192.4
NYC,2021-02-09,False,,False,False,False,1456.0,202.6
NYC,2021-02-10,False,,False,False,False,1034.1,222.5
NYC,2021-02-11,False,,False,False,False,1577.2,201.5
NYC,2021-02-12,False,,False,False,False,1566.3,201.3
NYC,2021-02-13,False,,False,False,False,3112.4,209.9
NYC,2021-02-14,False,,False,False,False,1945.0,192.0
NYC,2021-02-15,False,,False,False,False,1601.6,201.4
NYC,2021-02-16,False,,False,False,False,1422.1,210.4
NYC,2021-02-17,False,,False,False,False,2637.7,218.4
NYC,2021-02-18,False,,False,False,False,1542.5,201.2
NYC,2021-02-19,False,,False,False,False,1547.9,188.8
NYC,2021-02-20,False,,False,False,False,1209.0,219.5
NYC,2021-02-21,False,,False,False,False,927.3,217.9
NYC,2021-02-22,False,,False,False,False,1387.5,230.7
NYC,2021-02-23,False,,False,False,False,1131.3,211.5
NYC,2021-02-24,False,,False,False,False,710.2,214.8
NYC,2021-02-25,False,,False,True,True,244.1,230.6
NYC,2021-02-26,False,,False,False,False,932.3,210.9
NYC,2021-02-27,False,,False,False,False,1006.6,216.5
NYC,2021-02-28,False,,False,False,False,1622.8,205.5
NYC,2021-03-01,False,,False,False,False,1632.1,202.7
NYC,2021-03-02,False,,False,False,False,1503.7,260.7
NYC,2021-03-03,False,,True,True,True,69.0,181.6
NYC,2021-03-04,False,,False,True,True,114.2,189.2
NYC,2021-03-05,False,,True,True,True,81.8,195.5
NYC,2021-03-06,False,,False,False,True,488.3,208.0
NYC,2021-03-07,False,,True,True,True,77.9,186.7
NYC,2021-03-08,False,,True,True,True,74.6,198.8
NYC,2021-03-09,False,,True,True,True,86.6,200.0
NYC,2021-03-10,False,,True,True,True,53.4,193.7
NYC,2021-03-11,True,light,True,True,True,0.0,0.0
NYC,2021-03-12,False,,False,True,True,210.4,160.4
NYC,2021-03-13,False,,True,True,True,72.5,173.2
NYC,2021-03-14,False,,True,True,True,74.1,191.7
NYC,2021-03-15,False,,False,False,False,853.2,195.6
NYC,2021-03-16,False,,False,False,False,1331.8,206.7
NYC,2021-03-17,False,,False,False,False,1039.7,197.1
NYC,2021-03-18,False,,False,False,False,1384.7,202.1
NYC,2021-03-19,False,,False,False,False,1402.8,286.0
NYC,2021-03-20,False,,False,True,True,275.0,274.5
NYC,2021-03-21,False,,False,False,True,386.1,266.3
NYC,2021-03-22,False,,True,True,True,90.5,210.7
NYC,2021-03-23,False,,False,False,False,973.9,244.6
NYC,2021-03-24,False,,False,False,False,1155.7,214.1
NYC,2021-03-25,False,,False,False,False,817.3,197.7
NYC,2021-03-26,True,light,True,True,True,0.0,0.0
NYC,2021-03-27,False,,False,False,False,561.6,187.4
NYC,2021-03-28,False,,False,False,False,1508.1,209.3
NYC,2021-03-29,False,,False,False,False,516.0,216.9
NYC,2021-03-30,False,,False,False,True,331.6,238.5
NYC,2021-03-31,False,,False,False,False,1041.6,211.4
NYC,2021-04-01,False,,False,False,False,1076.5,214.3
NYC,2021-04-02,False,,False,False,False,751.6,214.8
NYC,2021-04-03,False,,False,False,True,420.6,277.6
NYC,2021-04-04,True,light,True,True,True,0.0,0.0
NYC,2021-04-05,False,,True,True,True,77.2,234.2
NYC,2021-04-06,False,,False,True,True,221.1,216.3
NYC,2021-04-07,False,,True,True,True,65.5,227.6
NYC,2021-04-08,False,,False,False,True,408.3,229.9
NYC,2021-04-09,True,light,True,True,True,0.0,0.0
NYC,2021-04-10,False,,False,False,False,1562.0,225.9
NYC,2021-04-11,False,,False,False,False,783.9,132.9
NYC,2021-04-12,False,,False,False,False,744.0,212.5
NYC,2021-04-13,False,,False,False,False,551.4,11.6
NYC,2021-04-14,False,,False,True,True,297.6,71.2
NYC,2021-04-15,False,,False,False,False,833.2,49.8
NYC,2021-04-16,False,,False,False,False,749.1,217.9
NYC,2021-04-17,False,,False,False,False,1221.1,183.7
NYC,2021-04-18,False,,False,False,False,801.9,263.4
NYC,2021-04-19,False,,False,False,False,536.2,299.8
NYC,2021-04-20,False,,False,False,True,449.5,212.2
NYC,2021-04-21,True,light,True,True,True,0.0,0.0
NYC,2021-04-22,False,,False,False,False,660.2,198.4
NYC,2021-04-23,False,,False,True,True,107.4,8.0
NYC,2021-04-24,False,,True,True,True,76.0,202.5
NYC,2021-04-25,False,,False,False,False,733.6,162.1
NYC,2021-04-26,False,,False,True,True,298.9,271.5
NYC,2021-04-27,False,,False,True,True,150.9,299.5
NYC,2021-04-28,True,light,True,True,True,0.0,0.0
NYC,2021-04-29,False,,False,True,True,150.1,155.1
NYC,2021-04-30,False,,False,False,True,448.1,141.1
NYC,2021-05-01,False,,False,False,False,541.8,234.7
NYC,2021-05-02,False,,False,False,False,529.4,236.8
NYC,2021-05-03,False,,False,False,False,1313.0,206.1
NYC,2021-05-04,False,,False,False,True,307.7,187.9
NYC,2021-05-05,False,,False,False,False,1339.6,199.3
NYC,2021-05-06,False,,False,False,False,770.7,170.7
NYC,2021-05-07,False,,False,False,False,1036.4,205.3
NYC,2021-05-08,False,,False,False,False,839.5,214.7
NYC,2021-05-09,False,,False,False,False,1366.1,208.0
NYC,2021-05-10,False,,False,False,False,1304.2,274.4
NYC,2021-05-11,False,,False,True,True,120.7,282.7
NYC,2021-05-12,False,,False,False,False,1108.7,198.0
NYC,2021-05-13,False,,False,True,True,272.7,212.1
NYC,2021-05-14,False,,True,True,True,53.7,202.1
NYC,2021-05-15,True,light,True,True,True,0.0,0.0
NYC,2021-05-16,False,,False,True,True,130.9,20.6
NYC,2021-05-17,True,light,True,True,True,0.0,0.0
NYC,2021-05-18,False,,False,True,True,196.6,342.3
NYC,2021-05-19,True,light,True,True,True,0.0,0.0
NYC,2021-05-20,True,light,True,True,True,0.0,0.0
NYC,2021-05-21,True,light,True,True,True,0.0,0.0
NYC,2021-05-22,False,,False,False,True,446.6,122.3
NYC,2021-05-23,False,,True,True,True,2.0,178.4
NYC,2021-05-24,False,,False,False,False,502.6,166.6
NYC,2021-05-25,False,,False,True,True,209.4,185.0
NYC,2021-05-26,True,light,True,True,True,0.0,0.0
NYC,2021-05-27,False,,False,True,True,280.6,153.3
NYC,2021-05-28,False,,False,True,True,160.6,182.1
NYC,2021-05-29,False,,True,True,True,38.0,153.3
NYC,2021-05-30,False,,False,True,True,211.5,153.1
NYC,2021-05-31,False,,False,False,False,1148.2,216.0
NYC,2021-06-01,False,,False,True,True,229.3,335.7
NYC,2021-06-02,False,,False,False,True,313.9,342.4
NYC,2021-06-03,False,,False,False,False,1817.0,282.6
NYC,2021-06-04,False,,False,False,False,685.9,252.6
NYC,2021-06-05,False,,False,False,False,2331.7,216.9
NYC,2021-06-06,False,,False,False,False,2070.4,224.1
NYC,2021-06-07,False,,False,True,True,273.3,54.7
NYC,2021-06-08,False,,False,True,True,269.5,336.4
NYC,2021-06-09,True,light,True,True,True,0.0,0.0
NYC,2021-06-10,False,,False,False,True,387.8,284.0
NYC,2021-06-11,False,,False,False,True,312.0,350.9
NYC,2021-06-12,True,light,True,True,True,0.0,0.0
NYC,2021-06-13,True,light,True,True,True,0.0,0.0
NYC,2021-06-14,False,,True,True,True,5.7,176.6
NYC,2021-06-15,True,light,True,True,True,0.0,0.0
NYC,2021-06-16,False,,False,True,True,173.1,143.9
NYC,2021-06-17,False,,False,True,True,225.2,33.1
NYC,2021-06-18,True,light,True,True,True,0.0,0.0
NYC,2021-06-19,True,light,True,True,True,0.0,0.0
NYC,2021-06-20,True,light,True,True,True,0.0,0.0
NYC,2021-06-21,True,light,True,True,True,0.0,0.0
NYC,2021-06-22,False,,True,True,True,54.2,138.4
NYC,2021-06-23,False,,True,True,True,37.9,259.2
NYC,2021-06-24,False,,False,False,True,397.7,340.4
NYC,2021-06-25,False,,False,False,False,537.0,202.2
NYC,2021-06-26,False,,False,True,True,150.8,310.3
NYC,2021-06-27,False,,False,False,False,1249.6,336.7
NYC,2021-06-28,False,,False,False,False,995.6,338.5
NYC,2021-06-29,False,,False,False,False,1212.7,318.8
NYC,2021-06-30,True,light,True,True,True,0.0,0.0
NYC,2021-07-01,False,,True,True,True,55.8,131.7
NYC,2021-07-02,False,,False,False,False,716.8,302.7
NYC,2021-07-03,True,light,True,True,True,0.0,0.0
NYC,2021-07-04,True,light,True,True,True,0.0,0.0
NYC,2021-07-05,True,medium,True,True,True,0.0,0.0
NYC,2021-07-06,True,medium,True,True,True,0.0,0.0
NYC,2021-07-07,True,medium,True,True,True,0.0,0.0
NYC,2021-07-08,True,light,True,True,True,0.0,0.0
NYC,2021-07-09,True,light,True,True,True,0.0,0.0
NYC,2021-07-10,True,light,True,True,True,0.0,0.0
NYC,2021-07-11,False,,True,True,True,4.0,173.4
NYC,2021-07-12,False,,False,False,False,601.5,351.6
NYC,2021-07-13,False,,False,False,False,573.8,40.2
NYC,2021-07-14,False,,True,True,True,36.9,306.1
NYC,2021-07-15,True,medium,True,True,True,0.0,0.0
NYC,2021-07-16,True,medium,True,True,True,0.0,0.0
NYC,2021-07-17,True,light,True,True,True,0.0,0.0
NYC,2021-07-18,False,,True,True,True,8.3,293.4
NYC,2021-07-19,True,medium,True,True,True,0.0,0.0
NYC,2021-07-20,True,heavy,True,True,True,0.0,0.0
NYC,2021-07-21,True,heavy,True,True,True,0.0,0.0
NYC,2021-07-22,True,light,True,True,True,0.0,0.0
NYC,2021-07-23,True,light,True,True,True,0.0,0.0
NYC,2021-07-24,False,,True,True,True,85.4,21.2
NYC,2021-07-25,False,,False,True,True,135.9,326.4
NYC,2021-07-26,True,heavy,True,True,True,0.0,0.0
NYC,2021-07-27,True,medium,True,True,True,0.0,0.0
NYC,2021-07-28,True,medium,True,True,True,0.0,0.0
NYC,2021-07-29,True,light,True,True,True,0.0,0.0
NYC,2021-07-30,True,light,True,True,True,0.0,0.0
NYC,2021-07-31,True,medium,True,True,True,0.0,0.0
NYC,2021-08-01,True,light,True,True,True,0.0,0.0
NYC,2021-08-02,True,light,True,True,True,0.0,0.0
NYC,2021-08-03,True,light,True,True,True,0.0,0.0
NYC,2021-08-04,True,light,True,True,True,0.0,0.0
NYC,2021-08-05,True,light,True,True,True,0.0,0.0
NYC,2021-08-06,True,light,True,True,True,0.0,0.0
NYC,2021-08-07,False,,True,True,True,10.7,87.9
NYC,2021-08-08,True,light,True,True,True,0.0,0.0
NYC,2021-08-09,True,light,True,True,True,0.0,0.0
NYC,2021-08-10,True,medium,True,True,True,0.0,0.0
NYC,2021-08-11,True,light,True,True,True,0.0,0.0
NYC,2021-08-12,True,medium,True,True,True,0.0,0.0
NYC,2021-08-13,True,light,True,True,True,0.0,0.0
NYC,2021-08-14,True,light,True,True,True,0.0,0.0
NYC,2021-08-15,True,light,True,True,True,0.0,0.0
NYC,2021-08-16,False,,False,False,False,513.7,282.8
NYC,2021-08-17,False,,False,False,False,512.4,305.7
NYC,2021-08-18,False,,False,False,False,678.9,309.5
NYC,2021-08-19,False,,False,False,True,311.8,307.3
NYC,2021-08-20,False,,False,False,True,333.4,326.8
NYC,2021-08-21,False,,False,True,True,274.3,4.6
NYC,2021-08-22,False,,False,False,True,385.7,258.5
NYC,2021-08-23,False,,False,True,True,186.0,82.0
NYC,2021-08-24,True,light,True,True,True,0.0,0.0
NYC,2021-08-25,True,medium,True,True,True,0.0,0.0
NYC,2021-08-26,True,light,True,True,True,0.0,0.0
NYC,2021-08-27,True,light,True,True,True,0.0,0.0
NYC,2021-08-28,True,light,True,True,True,0.0,0.0
NYC,2021-08-29,False,,False,True,True,163.6,95.1
NYC,2021-08-30,False,,False,False,True,338.7,216.6
NYC,2021-08-31,False,,True,True,True,58.9,354.3
NYC,2021-09-01,False,,False,False,True,497.8,219.8
NYC,2021-09-02,False,,False,False,False,1491.0,249.0
NYC,2021-09-03,False,,False,False,False,516.7,209.7
NYC,2021-09-04,True,light,True,True,True,0.0,0.0
NYC,2021-09-05,False,,False,True,True,298.1,323.7
NYC,2021-09-06,True,light,True,True,True,0.0,0.0
NYC,2021-09-07,True,light,True,True,True,0.0,0.0
NYC,2021-09-08,True,light,True,True,True,0.0,0.0
NYC,2021-09-09,False,,False,False,False,534.3,276.0
NYC,2021-09-10,True,heavy,True,True,True,0.0,0.0
NYC,2021-09-11,True,light,True,True,True,0.0,0.0
NYC,2021-09-12,True,heavy,True,True,True,0.0,0.0
NYC,2021-09-13,True,medium,True,True,True,0.0,0.0
NYC,2021-09-14,True,heavy,True,True,True,0.0,0.0
NYC,2021-09-15,True,medium,True,True,True,0.0,0.0
NYC,2021-09-16,False,,True,True,True,56.7,148.9
NYC,2021-09-17,False,,False,True,True,116.9,319.3
NYC,2021-09-18,True,light,True,True,True,0.0,0.0
NYC,2021-09-19,True,light,True,True,True,0.0,0.0
NYC,2021-09-20,True,light,True,True,True,0.0,0.0
NYC,2021-09-21,True,light,True,True,True,0.0,0.0
NYC,2021-09-22,False,,False,True,True,152.8,105.3
NYC,2021-09-23,False,,False,True,True,245.5,56.1
NYC,2021-09-24,False,,False,False,True,302.1,87.1
NYC,2021-09-25,False,,False,False,True,309.2,104.9
NYC,2021-09-26,False,,False,False,False,1252.8,255.4
NYC,2021-09-27,False,,False,True,True,150.4,130.5
NYC,2021-09-28,True,light,True,True,True,0.0,0.0
NYC,2021-09-29,False,,False,True,True,150.9,171.4
NYC,2021-09-30,True,light,True,True,True,0.0,0.0
NYC,2021-10-01,True,light,True,True,True,0.0,0.0
NYC,2021-10-02,True,light,True,True,True,0.0,0.0
NYC,2021-10-03,True,light,True,True,True,0.0,0.0
NYC,2021-10-04,False,,False,False,False,1047.2,256.4
NYC,2021-10-05,False,,False,True,True,181.5,184.5
NYC,2021-10-06,False,,False,False,True,488.1,349.0
NYC,2021-10-07,False,,False,False,True,495.6,57.6
NYC,2021-10-08,False,,False,True,True,237.9,21.2
NYC,2021-10-09,False,,False,True,True,243.2,71.9
NYC,2021-10-10,False,,False,False,True,351.2,68.1
NYC,2021-10-11,False,,False,True,True,192.6,303.1
NYC,2021-10-12,False,,False,False,False,1227.7,255.4
NYC,2021-10-13,False,,False,False,True,434.9,66.7
NYC,2021-10-14,False,,False,False,False,3600.1,248.0
NYC,2021-10-15,True,light,True,True,True,0.0,0.0
NYC,2021-10-16,False,,True,True,True,16.0,122.6
NYC,2021-10-17,False,,False,True,True,297.2,280.1
NYC,2021-10-18,False,,False,False,False,590.8,267.6
NYC,2021-10-19,False,,False,False,False,538.1,218.4
NYC,2021-10-20,False,,False,True,True,169.8,122.6
NYC,2021-10-21,False,,False,True,True,296.8,113.5
NYC,2021-10-22,False,,False,True,True,177.4,130.3
NYC,2021-10-23,False,,False,False,False,644.4,171.2
NYC,2021-10-24,False,,False,False,True,454.8,221.3
NYC,2021-10-25,False,,False,False,True,335.4,268.9
NYC,2021-10-26,False,,False,False,False,765.5,215.8
NYC,2021-10-27,False,,False,False,False,751.2,213.5
NYC,2021-10-28,False,,False,False,False,1655.8,222.6
NYC,2021-10-29,False,,False,False,False,1995.7,231.4
NYC,2021-10-30,False,,False,False,False,1760.9,236.2
NYC,2021-10-31,False,,False,False,False,1454.9,251.1
NYC,2021-11-01,False,,False,False,False,651.1,209.2
NYC,2021-11-02,False,,False,False,False,699.0,205.3
NYC,2021-11-03,False,,False,False,False,1081.7,217.2
NYC,2021-11-04,False,,False,False,False,1241.9,248.5
NYC,2021-11-05,False,,False,False,False,1437.7,249.4
NYC,2021-11-06,False,,False,False,False,985.5,296.0
NYC,2021-11-07,False,,False,False,False,1146.7,220.3
NYC,2021-11-08,False,,False,False,False,552.8,226.1
NYC,2021-11-09,False,,False,False,True,326.0,212.6
NYC,2021-11-10,True,light,True,True,True,0.0,0.0
NYC,2021-11-11,False,,True,True,True,6.4,143.2
NYC,2021-11-12,False,,False,True,True,294.1,239.6
NYC,2021-11-13,False,,False,False,False,1508.0,226.4
NYC,2021-11-14,False,,False,False,False,934.1,215.7
NYC,2021-11-15,False,,False,False,False,751.6,212.8
NYC,2021-11-16,False,,False,False,False,651.9,212.9
NYC,2021-11-17,False,,False,False,True,365.6,204.3
NYC,2021-11-18,True,light,True,True,True,0.0,0.0
NYC,2021-11-19,False,,False,False,False,715.8,219.0
NYC,2021-11-20,False,,False,False,False,1024.7,217.2
NYC,2021-11-21,False,,False,False,False,1064.2,237.0
NYC,2021-11-22,False,,False,False,False,1464.8,244.1
NYC,2021-11-23,False,,False,False,False,1109.9,218.4
NYC,2021-11-24,False,,False,False,False,1182.0,218.8
NYC,2021-11-25,False,,False,False,False,1414.1,216.9
NYC,2021-11-26,False,,False,False,False,1355.2,222.7
NYC,2021-11-27,False,,False,False,False,859.8,228.4
NYC,2021-11-28,False,,False,False,False,1596.1,258.1
NYC,2021-11-29,False,,False,False,False,724.2,227.7
NYC,2021-11-30,False,,False,False,True,478.2,221.9
NYC,2021-12-01,False,,False,False,False,769.7,220.7
NYC,2021-12-02,False,,True,True,True,15.0,145.9
NYC,2021-12-03,False,,False,False,True,499.6,213.6
NYC,2021-12-04,False,,False,False,False,524.8,195.7
NYC,2021-12-05,False,,False,True,True,274.0,154.6
NYC,2021-12-06,True,light,True,True,True,0.0,0.0
NYC,2021-12-07,False,,False,False,True,375.5,218.5
NYC,2021-12-08,False,,False,False,False,765.4,218.7
NYC,2021-12-09,False,,False,False,False,1596.1,265.3
NYC,2021-12-10,False,,False,False,False,1592.3,200.1
NYC,2021-12-11,False,,False,False,False,1608.1,267.0
NYC,2021-12-12,False,,False,False,False,1608.7,203.7
NYC,2021-12-13,False,,False,False,False,1151.9,218.1
NYC,2021-12-14,False,,False,True,True,235.9,259.6
NYC,2021-12-15,False,,False,False,False,1441.4,212.5
NYC,2021-12-16,False,,False,False,False,1647.7,262.9
NYC,2021-12-17,False,,False,False,False,1405.6,206.9
NYC,2021-12-18,False,,False,False,False,2229.3,186.6
NYC,2021-12-19,False,,False,False,False,1478.1,259.8
NYC,2021-12-20,False,,False,False,False,1615.5,200.2
NYC,2021-12-21,False,,False,False,False,2019.7,252.7
NYC,2021-12-22,False,,False,False,False,1327.8,230.9
NYC,2021-12-23,False,,False,False,False,763.8,212.6
NYC,2021-12-24,False,,False,False,False,1612.3,201.1
NYC,2021-12-25,False,,False,False,False,1610.4,199.6
NYC,2021-12-26,False,,False,False,False,1606.4,199.2
NYC,2021-12-27,False,,False,False,False,835.2,232.0
NYC,2021-12-28,False,,False,False,False,741.4,218.3
NYC,2021-12-29,False,,False,False,False,1403.6,202.3
NYC,2021-12-30,False,,False,False,False,1401.6,215.9
NYC,2021-12-31,False,,False,False,False,1429.2,219.6
NYC,2022-01-01,False,,False,False,False,1040.5,210.6
NYC,2022-01-02,False,,False,False,False,1439.6,197.5
NYC,2022-01-03,False,,False,False,False,1634.7,199.7
NYC,2022-01-04,False,,False,False,False,938.4,216.7
NYC,2022-01-05,False,,False,False,False,1002.0,229.4
NYC,2022-01-06,False,,False,False,False,713.3,214.4
NYC,2022-01-07,False,,False,False,False,769.9,212.1
NYC,2022-01-08,False,,False,False,False,1205.2,208.7
NYC,2022-01-09,False,,False,False,False,1117.2,214.2
NYC,2022-01-10,False,,False,False,False,1856.9,256.8
NYC,2022-01-11,False,,False,False,False,728.6,203.2
NYC,2022-01-12,False,,False,False,False,743.9,214.5
NYC,2022-01-13,False,,False,False,False,1214.2,228.6
NYC,2022-01-14,False,,False,False,False,727.4,203.3
NYC,2022-01-15,False,,False,False,False,1155.8,213.4
NYC,2022-01-16,False,,False,False,False,1585.8,187.6
NYC,2022-01-17,False,,False,False,False,1550.5,221.2
NYC,2022-01-18,False,,False,False,False,1064.2,217.5
NYC,2022-01-19,False,,False,False,False,746.7,215.5
NYC,2022-01-20,False,,False,False,False,1156.9,213.8
NYC,2022-01-21,False,,False,False,False,1643.7,248.3
NYC,2022-01-22,False,,False,False,False,1385.5,229.5
NYC,2022-01-23,False,,False,False,False,1168.4,235.4
NYC,2022-01-24,False,,False,False,False,999.4,197.9
NYC,2022-01-25,False,,False,False,False,1552.9,251.3
NYC,2022-01-26,False,,False,True,True,242.9,227.1
NYC,2022-01-27,False,,False,True,True,220.3,231.4
NYC,2022-01-28,False,,False,False,False,1061.2,229.9
NYC,2022-01-29,False,,False,False,False,986.9,216.2
NYC,2022-01-30,False,,False,False,False,747.5,218.5
NYC,2022-01-31,False,,False,False,False,930.2,218.3
NYC,2022-02-01,False,,False,False,False,700.7,200.4
NYC,2022-02-02,False,,False,False,False,595.2,197.8
NYC,2022-02-03,False,,False,False,False,556.0,196.2
NYC,2022-02-04,False,,False,False,False,1339.4,205.3
NYC,2022-02-05,False,,False,False,False,1653.2,199.5
NYC,2022-02-06,False,,False,False,False,687.9,201.8
NYC,2022-02-07,False,,False,False,False,1413.7,231.8
NYC,2022-02-08,False,,False,False,False,1166.9,234.8
NYC,2022-02-09,False,,False,False,False,741.9,214.2
NYC,2022-02-10,False,,False,False,False,600.3,210.7
NYC,2022-02-11,False,,False,False,True,425.6,227.6
NYC,2022-02-12,True,light,True,True,True,0.0,0.0
NYC,2022-02-13,False,,False,False,False,996.6,211.9
NYC,2022-02-14,False,,False,False,False,680.0,210.2
NYC,2022-02-15,False,,False,True,True,162.5,208.1
NYC,2022-02-16,False,,False,True,True,298.6,214.3
NYC,2022-02-17,False,,False,False,False,1092.3,210.7
NYC,2022-02-18,False,,False,False,False,1342.1,200.4
NYC,2022-02-19,False,,False,False,True,490.8,191.3
NYC,2022-02-20,False,,False,False,True,464.8,196.7
NYC,2022-02-21,True,light,True,True,True,0.0,0.0
NYC,2022-02-22,False,,False,False,False,877.7,209.9
NYC,2022-02-23,False,,False,False,False,847.3,203.0
NYC,2022-02-24,False,,False,False,False,535.0,178.5
NYC,2022-02-25,False,,False,False,True,474.1,198.3
NYC,2022-02-26,False,,False,False,False,800.8,188.6
NYC,2022-02-27,False,,False,False,False,740.7,175.8
NYC,2022-02-28,False,,True,True,True,80.0,205.7
NYC,2022-03-01,False,,False,True,True,101.1,191.8
NYC,2022-03-02,False,,True,True,True,86.3,195.2
NYC,2022-03-03,False,,False,True,True,224.2,229.2
NYC,2022-03-04,False,,True,True,True,45.7,211.5
NYC,2022-03-05,False,,True,True,True,96.5,207.3
NYC,2022-03-06,False,,False,False,False,553.7,207.0
NYC,2022-03-07,False,,True,True,True,64.0,152.3
NYC,2022-03-08,False,,False,True,True,109.7,194.6
NYC,2022-03-09,False,,False,False,False,1509.5,207.6
NYC,2022-03-10,False,,False,False,False,1195.1,241.5
NYC,2022-03-11,False,,False,False,False,1487.1,211.2
NYC,2022-03-12,False,,False,False,False,1511.3,256.4
NYC,2022-03-13,False,,False,False,False,742.6,215.9
NYC,2022-03-14,False,,True,True,True,43.4,161.3
NYC,2022-03-15,False,,True,True,True,29.3,160.3
NYC,2022-03-16,True,light,True,True,True,0.0,0.0
NYC,2022-03-17,False,,False,True,True,217.8,293.5
NYC,2022-03-18,True,light,True,True,True,0.0,0.0
NYC,2022-03-19,False,,False,True,True,136.5,178.1
NYC,2022-03-20,False,,False,False,True,489.7,283.1
NYC,2022-03-21,False,,True,True,True,85.9,188.5
NYC,2022-03-22,False,,True,True,True,95.9,201.1
NYC,2022-03-23,False,,False,True,True,108.7,133.0
NYC,2022-03-24,False,,False,False,False,892.2,231.8
NYC,2022-03-25,False,,False,False,False,508.9,195.6
NYC,2022-03-26,False,,False,False,True,361.1,199.3
NYC,2022-03-27,False,,False,False,False,544.9,206.3
NYC,2022-03-28,False,,False,False,False,725.5,206.9
NYC,2022-03-29,False,,False,True,True,104.5,196.7
NYC,2022-03-30,True,light,True,True,True,0.0,0.0
NYC,2022-03-31,False,,False,False,False,539.6,232.5
NYC,2022-04-01,False,,False,True,True,257.6,164.8
NYC,2022-04-02,False,,False,False,True,308.3,212.3
NYC,2022-04-03,False,,False,False,False,666.4,198.0
NYC,2022-04-04,False,,False,False,True,434.8,224.8
NYC,2022-04-05,False,,False,False,False,596.1,212.8
NYC,2022-04-06,False,,False,False,False,932.6,158.6
NYC,2022-04-07,False,,False,True,True,265.4,232.6
NYC,2022-04-08,False,,False,False,False,533.9,161.2
NYC,2022-04-09,False,,False,False,False,762.0,156.4
NYC,2022-04-10,False,,False,False,False,661.8,241.8
NYC,2022-04-11,False,,False,True,True,168.0,247.9
NYC,2022-04-12,False,,False,False,False,524.8,181.5
NYC,2022-04-13,False,,False,True,True,147.1,201.8
NYC,2022-04-14,True,light,True,True,True,0.0,0.0
NYC,2022-04-15,True,light,True,True,True,0.0,0.0
NYC,2022-04-16,False,,False,False,False,529.6,236.3
NYC,2022-04-17,False,,False,False,False,523.1,235.5
NYC,2022-04-18,False,,False,False,False,912.9,207.0
NYC,2022-04-19,False,,False,False,False,956.0,207.9
NYC,2022-04-20,False,,False,True,True,293.3,203.1
NYC,2022-04-21,False,,False,False,False,516.1,198.4
NYC,2022-04-22,True,light,True,True,True,0.0,0.0
NYC,2022-04-23,False,,True,True,True,90.3,207.1
NYC,2022-04-24,True,light,True,True,True,0.0,0.0
NYC,2022-04-25,False,,False,False,True,355.4,274.2
NYC,2022-04-26,False,,False,False,False,737.0,216.0
NYC,2022-04-27,False,,False,False,True,449.1,221.4
NYC,2022-04-28,False,,True,True,True,22.2,225.2
NYC,2022-04-29,False,,False,True,True,242.0,46.4
NYC,2022-04-30,False,,True,True,True,46.2,214.1
NYC,2022-05-01,True,light,True,True,True,0.0,0.0
NYC,2022-05-02,False,,False,True,True,134.2,166.1
NYC,2022-05-03,False,,False,True,True,274.2,200.3
NYC,2022-05-04,False,,False,False,True,334.8,180.0
NYC,2022-05-05,False,,False,False,False,702.3,173.4
NYC,2022-05-06,False,,False,False,True,316.4,180.0
NYC,2022-05-07,False,,False,False,False,1136.8,211.1
NYC,2022-05-08,False,,False,False,False,1099.4,263.6
NYC,2022-05-09,False,,False,False,False,551.7,293.1
NYC,2022-05-10,False,,False,False,True,301.9,280.3
NYC,2022-05-11,False,,False,False,True,341.9,273.0
NYC,2022-05-12,False,,True,True,True,40.4,341.9
NYC,2022-05-13,False,,False,True,True,236.9,342.3
NYC,2022-05-14,False,,False,False,False,558.3,350.9
NYC,2022-05-15,False,,False,False,True,491.3,288.8
NYC,2022-05-16,True,light,True,True,True,0.0,0.0
NYC,2022-05-17,True,light,True,True,True,0.0,0.0
NYC,2022-05-18,False,,True,True,True,28.2,168.7
NYC,2022-05-19,False,,False,True,True,172.6,152.6
NYC,2022-05-20,True,light,True,True,True,0.0,0.0
NYC,2022-05-21,True,light,True,True,True,0.0,0.0
NYC,2022-05-22,True,light,True,True,True,0.0,0.0
NYC,2022-05-23,False,,False,False,False,780.9,273.3
NYC,2022-05-24,False,,False,False,False,2342.3,234.8
NYC,2022-05-25,False,,False,False,False,1893.6,222.8
NYC,2022-05-26,False,,False,False,False,1619.7,205.5
NYC,2022-05-27,False,,False,False,False,578.3,247.8
NYC,2022-05-28,False,,True,True,True,83.9,176.4
NYC,2022-05-29,False,,False,False,False,531.5,182.3
NYC,2022-05-30,True,light,True,True,True,0.0,0.0
NYC,2022-05-31,True,light,True,True,True,0.0,0.0
NYC,2022-06-01,True,light,True,True,True,0.0,0.0
NYC,2022-06-02,False,,False,True,True,106.8,185.4
NYC,2022-06-03,False,,False,True,True,199.2,154.5
NYC,2022-06-04,False,,False,True,True,295.4,154.0
NYC,2022-06-05,False,,False,True,True,108.9,148.2
NYC,2022-06-06,False,,False,True,True,292.5,232.7
NYC,2022-06-07,False,,False,True,True,201.6,170.1
NYC,2022-06-08,False,,False,True,True,249.5,214.3
NYC,2022-06-09,False,,False,True,True,239.0,174.6
NYC,2022-06-10,False,,False,True,True,106.4,142.6
NYC,2022-06-11,False,,False,True,True,181.8,158.5
NYC,2022-06-12,False,,False,True,True,214.2,247.0
NYC,2022-06-13,False,,True,True,True,53.5,202.8
NYC,2022-06-14,False,,True,True,True,77.0,285.4
NYC,2022-06-15,True,medium,True,True,True,0.0,0.0
NYC,2022-06-16,True,light,True,True,True,0.0,0.0
NYC,2022-06-17,True,medium,True,True,True,0.0,0.0
NYC,2022-06-18,False,,False,True,True,153.3,160.7
NYC,2022-06-19,False,,True,True,True,8.0,254.8
NYC,2022-06-20,True,light,True,True,True,0.0,0.0
NYC,2022-06-21,False,,True,True,True,91.4,91.1
NYC,2022-06-22,False,,True,True,True,11.7,282.3
NYC,2022-06-23,True,light,True,True,True,0.0,0.0
NYC,2022-06-24,True,light,True,True,True,0.0,0.0
NYC,2022-06-25,True,light,True,True,True,0.0,0.0
NYC,2022-06-26,True,light,True,True,True,0.0,0.0
NYC,2022-06-27,False,,False,False,False,949.6,309.3
NYC,2022-06-28,False,,False,False,True,434.5,328.9
NYC,2022-06-29,True,light,True,True,True,0.0,0.0
NYC,2022-06-30,True,light,True,True,True,0.0,0.0
NYC,2022-07-01,True,light,True,True,True,0.0,0.0
NYC,2022-07-02,True,light,True,True,True,0.0,0.0
NYC,2022-07-03,True,light,True,True,True,0.0,0.0
NYC,2022-07-04,False,,True,True,True,97.1,282.6
NYC,2022-07-05,False,,False,False,True,431.8,167.9
NYC,2022-07-06,False,,False,False,True,305.8,141.9
NYC,2022-07-07,False,,False,False,True,342.7,194.8
NYC,2022-07-08,True,light,True,True,True,0.0,0.0
NYC,2022-07-09,True,light,True,True,True,0.0,0.0
NYC,2022-07-10,True,light,True,True,True,0.0,0.0
NYC,2022-07-11,True,light,True,True,True,0.0,0.0
NYC,2022-07-12,True,light,True,True,True,0.0,0.0
NYC,2022-07-13,True,light,True,True,True,0.0,0.0
NYC,2022-07-14,True,medium,True,True,True,0.0,0.0
NYC,2022-07-15,True,light,True,True,True,0.0,0.0
NYC,2022-07-16,True,light,True,True,True,0.0,0.0
NYC,2022-07-17,True,light,True,True,True,0.0,0.0
NYC,2022-07-18,False,,True,True,True,33.3,116.6
NYC,2022-07-19,True,medium,True,True,True,0.0,0.0
NYC,2022-07-20,True,medium,True,True,True,0.0,0.0
NYC,2022-07-21,True,light,True,True,True,0.0,0.0
NYC,2022-07-22,True,light,True,True,True,0.0,0.0
NYC,2022-07-23,True,medium,True,True,True,0.0,0.0
NYC,2022-07-24,True,light,True,True,True,0.0,0.0
NYC,2022-07-25,False,,False,False,False,1038.3,308.9
NYC,2022-07-26,False,,False,True,True,275.5,189.8
NYC,2022-07-27,False,,False,False,False,680.9,252.3
NYC,2022-07-28,False,,False,False,False,2345.1,283.3
NYC,2022-07-29,False,,False,False,True,348.5,151.0
NYC,2022-07-30,False,,True,True,True,53.0,311.4
NYC,2022-07-31,False,,False,True,True,170.9,19.1
NYC,2022-08-01,False,,True,True,True,14.0,327.4
NYC,2022-08-02,True,light,True,True,True,0.0,0.0
NYC,2022-08-03,False,,True,True,True,46.0,127.3
NYC,2022-08-04,True,light,True,True,True,0.0,0.0
NYC,2022-08-05,True,light,True,True,True,0.0,0.0
NYC,2022-08-06,False,,False,True,True,116.9,44.8
NYC,2022-08-07,True,light,True,True,True,0.0,0.0
NYC,2022-08-08,True,light,True,True,True,0.0,0.0
NYC,2022-08-09,False,,True,True,True,1.5,159.0
NYC,2022-08-10,True,light,True,True,True,0.0,0.0
NYC,2022-08-11,True,light,True,True,True,0.0,0.0
NYC,2022-08-12,True,light,True,True,True,0.0,0.0
NYC,2022-08-13,False,,False,False,False,742.1,226.9
NYC,2022-08-14,False,,False,False,False,617.0,226.8
NYC,2022-08-15,False,,False,False,False,666.8,207.3
NYC,2022-08-16,True,light,True,True,True,0.0,0.0
NYC,2022-08-17,True,light,True,True,True,0.0,0.0
NYC,2022-08-18,False,,True,True,True,21.0,173.4
NYC,2022-08-19,False,,False,True,True,100.1,127.3
NYC,2022-08-20,True,light,True,True,True,0.0,0.0
NYC,2022-08-21,True,light,True,True,True,0.0,0.0
NYC,2022-08-22,False,,False,False,False,685.7,322.1
NYC,2022-08-23,False,,False,False,True,481.2,297.2
NYC,2022-08-24,True,light,True,True,True,0.0,0.0
NYC,2022-08-25,True,light,True,True,True,0.0,0.0
NYC,2022-08-26,True,light,True,True,True,0.0,0.0
NYC,2022-08-27,True,light,True,True,True,0.0,0.0
NYC,2022-08-28,True,light,True,True,True,0.0,0.0
NYC,2022-08-29,True,light,True,True,True,0.0,0.0
NYC,2022-08-30,True,light,True,True,True,0.0,0.0
NYC,2022-08-31,False,,False,False,False,696.2,208.3
NYC,2022-09-01,False,,False,False,False,1194.1,232.4
NYC,2022-09-02,True,light,True,True,True,0.0,0.0
NYC,2022-09-03,False,,False,True,True,270.6,352.3
NYC,2022-09-04,True,light,True,True,True,0.0,0.0
NYC,2022-09-05,False,,False,False,False,513.4,352.7
NYC,2022-09-06,False,,False,False,False,555.9,0.0
NYC,2022-09-07,False,,False,True,True,193.2,325.3
NYC,2022-09-08,True,light,True,True,True,0.0,0.0
NYC,2022-09-09,True,medium,True,True,True,0.0,0.0
NYC,2022-09-10,True,medium,True,True,True,0.0,0.0
NYC,2022-09-11,False,,True,True,True,97.4,87.6
NYC,2022-09-12,True,light,True,True,True,0.0,0.0
NYC,2022-09-13,False,,False,False,False,596.3,129.1
NYC,2022-09-14,True,medium,True,True,True,0.0,0.0
NYC,2022-09-15,True,light,True,True,True,0.0,0.0
NYC,2022-09-16,True,medium,True,True,True,0.0,0.0
NYC,2022-09-17,True,medium,True,True,True,0.0,0.0
NYC,2022-09-18,True,medium,True,True,True,0.0,0.0
NYC,2022-09-19,True,medium,True,True,True,0.0,0.0
NYC,2022-09-20,True,light,True,True,True,0.0,0.0
NYC,2022-09-21,True,light,True,True,True,0.0,0.0
NYC,2022-09-22,False,,True,True,True,42.9,138.2
NYC,2022-09-23,False,,False,False,False,814.2,197.6
NYC,2022-09-24,False,,False,False,True,436.1,204.3
NYC,2022-09-25,False,,False,True,True,171.4,205.4
NYC,2022-09-26,False,,True,True,True,85.4,152.3
NYC,2022-09-27,False,,False,False,False,1081.9,241.2
NYC,2022-09-28,False,,False,False,False,1241.1,248.4
NYC,2022-09-29,False,,False,False,False,1119.7,239.3
NYC,2022-09-30,False,,False,False,False,735.2,350.4
NYC,2022-10-01,False,,False,False,True,445.2,338.7
NYC,2022-10-02,False,,False,False,False,754.6,289.4
NYC,2022-10-03,False,,False,False,True,331.1,344.0
NYC,2022-10-04,False,,False,False,True,403.2,343.2
NYC,2022-10-05,False,,False,True,True,215.0,318.6
NYC,2022-10-06,False,,False,False,False,862.0,217.1
NYC,2022-10-07,True,light,True,True,True,0.0,0.0
NYC,2022-10-08,False,,False,True,True,186.3,144.8
NYC,2022-10-09,True,light,True,True,True,0.0,0.0
NYC,2022-10-10,False,,True,True,True,81.9,303.4
NYC,2022-10-11,True,light,True,True,True,0.0,0.0
NYC,2022-10-12,False,,False,False,False,1064.7,308.8
NYC,2022-10-13,False,,False,False,False,569.4,272.1
NYC,2022-10-14,False,,False,True,True,287.7,314.3
NYC,2022-10-15,True,light,True,True,True,0.0,0.0
NYC,2022-10-16,True,light,True,True,True,0.0,0.0
NYC,2022-10-17,False,,False,True,True,131.0,195.3
NYC,2022-10-18,False,,False,False,False,617.3,201.5
NYC,2022-10-19,False,,False,False,False,704.8,212.7
NYC,2022-10-20,False,,False,False,False,663.3,218.9
NYC,2022-10-21,False,,False,False,True,343.6,254.5
NYC,2022-10-22,True,light,True,True,True,0.0,0.0
NYC,2022-10-23,False,,False,True,True,272.7,318.4
NYC,2022-10-24,False,,False,False,True,494.7,353.9
NYC,2022-10-25,False,,False,False,False,1175.0,216.3
NYC,2022-10-26,False,,False,False,False,1087.1,217.7
NYC,2022-10-27,False,,False,False,True,394.0,220.3
NYC,2022-10-28,False,,False,False,False,756.5,240.1
NYC,2022-10-29,False,,False,False,False,906.8,245.0
NYC,2022-10-30,False,,False,False,False,768.2,247.9
NYC,2022-10-31,False,,False,False,False,917.3,325.4
NYC,2022-11-01,False,,False,False,False,1347.3,214.7
NYC,2022-11-02,False,,False,True,True,257.9,310.6
NYC,2022-11-03,False,,False,False,False,706.1,209.5
NYC,2022-11-04,False,,False,False,True,350.3,234.3
NYC,2022-11-05,False,,False,False,False,1331.9,211.3
NYC,2022-11-06,False,,False,False,False,1555.9,223.5
NYC,2022-11-07,False,,False,False,True,454.9,225.0
NYC,2022-11-08,False,,False,True,True,231.4,230.5
NYC,2022-11-09,False,,False,True,True,230.9,268.5
NYC,2022-11-10,False,,False,False,True,342.3,297.2
NYC,2022-11-11,False,,False,False,False,1229.8,254.7
NYC,2022-11-12,False,,False,False,False,1183.3,209.6
NYC,2022-11-13,False,,False,False,False,1409.0,241.0
NYC,2022-11-14,False,,False,False,False,1365.5,236.8
NYC,2022-11-15,False,,False,False,False,1836.0,211.3
NYC,2022-11-16,False,,False,False,False,1621.9,199.2
NYC,2022-11-17,False,,False,False,False,753.9,214.2
NYC,2022-11-18,False,,False,False,False,708.7,204.5
NYC,2022-11-19,False,,False,False,False,1616.0,201.7
NYC,2022-11-20,False,,False,False,False,1363.9,243.1
NYC,2022-11-21,False,,False,False,True,381.1,223.8
NYC,2022-11-22,False,,False,True,True,174.2,270.1
NYC,2022-11-23,False,,False,False,False,509.2,272.9
NYC,2022-11-24,False,,False,False,False,982.2,242.3
NYC,2022-11-25,False,,False,False,False,1404.2,266.5
NYC,2022-11-26,False,,False,False,False,660.3,215.3
NYC,2022-11-27,False,,False,False,False,1857.1,280.4
NYC,2022-11-28,False,,False,False,False,655.9,214.5
NYC,2022-11-29,False,,False,False,False,651.3,216.6
NYC,2022-11-30,False,,False,False,False,1314.8,232.6
NYC,2022-12-01,False,,False,False,False,1056.2,224.6
NYC,2022-12-02,False,,False,False,False,1079.4,218.7
NYC,2022-12-03,False,,False,False,False,1443.1,208.6
NYC,2022-12-04,False,,False,False,False,1484.2,210.7
NYC,2022-12-05,False,,False,False,False,1611.3,200.0
NYC,2022-12-06,False,,False,False,False,1607.5,201.7
NYC,2022-12-07,False,,False,False,False,1157.4,213.3
NYC,2022-12-08,False,,False,False,False,980.4,194.6
NYC,2022-12-09,False,,False,False,False,984.1,185.9
NYC,2022-12-10,False,,False,False,False,1297.8,201.8
NYC,2022-12-11,False,,False,False,False,1465.8,214.0
NYC,2022-12-12,False,,False,False,False,1628.8,199.3
NYC,2022-12-13,False,,False,False,False,782.1,212.7
NYC,2022-12-14,False,,False,False,False,1514.4,217.9
NYC,2022-12-15,False,,False,False,False,1484.0,214.7
NYC,2022-12-16,False,,False,False,False,766.1,167.8
NYC,2022-12-17,False,,False,False,False,1078.8,170.6
NYC,2022-12-18,False,,False,False,False,668.8,168.3
NYC,2022-12-19,False,,False,False,False,1067.8,220.3
NYC,2022-12-20,False,,False,False,False,1667.9,199.7
NYC,2022-12-21,False,,False,False,False,2045.4,196.0
NYC,2022-12-22,False,,False,False,False,2022.8,194.2
NYC,2022-12-23,False,,False,False,False,1849.7,232.7
NYC,2022-12-24,False,,False,False,False,1828.7,227.9
NYC,2022-12-25,False,,False,False,False,839.5,224.2
NYC,2022-12-26,False,,False,False,False,1088.3,221.5
NYC,2022-12-27,False,,False,False,False,783.0,214.4
NYC,2022-12-28,False,,False,False,False,1045.4,217.5
NYC,2022-12-29,False,,False,True,True,223.1,150.1
NYC,2022-12-30,False,,False,True,True,207.9,204.0
NYC,2022-12-31,False,,False,False,False,1576.6,201.0
NYC,2023-01-01,False,,False,False,False,1654.2,200.9
NYC,2023-01-02,False,,False,False,False,919.9,211.4
NYC,2023-01-03,False,,False,False,False,1128.1,253.0
NYC,2023-01-04,False,,False,False,False,1286.7,228.8
NYC,2023-01-05,False,,False,False,False,1340.3,205.2
NYC,2023-01-06,False,,False,False,False,732.5,212.5
NYC,2023-01-07,False,,False,False,False,1115.8,220.1
NYC,2023-01-08,False,,False,False,False,1405.2,210.9
NYC,2023-01-09,False,,False,False,False,734.7,203.3
NYC,2023-01-10,False,,False,False,False,850.6,209.9
NYC,2023-01-11,False,,False,False,False,581.1,200.3
NYC,2023-01-12,False,,False,False,False,565.5,167.3
NYC,2023-01-13,False,,False,False,True,422.9,206.6
NYC,2023-01-14,False,,False,False,False,1055.6,211.6
NYC,2023-01-15,False,,False,False,False,718.2,218.5
NYC,2023-01-16,False,,False,False,False,565.6,194.9
NYC,2023-01-17,False,,False,False,False,884.7,204.2
NYC,2023-01-18,False,,False,False,False,1431.0,206.5
NYC,2023-01-19,False,,False,False,False,1507.4,225.0
NYC,2023-01-20,False,,False,False,False,671.8,159.1
NYC,2023-01-21,False,,False,False,False,2075.3,196.1
NYC,2023-01-22,False,,False,False,False,2037.0,197.0
NYC,2023-01-23,False,,False,False,False,1001.6,172.3
NYC,2023-01-24,False,,False,False,False,686.7,214.4
NYC,2023-01-25,False,,False,False,False,1369.6,225.5
NYC,2023-01-26,False,,False,False,False,1470.8,215.8
NYC,2023-01-27,False,,False,False,False,845.5,200.7
NYC,2023-01-28,False,,False,False,False,722.7,215.3
NYC,2023-01-29,False,,False,False,False,1336.3,187.4
NYC,2023-01-30,False,,False,False,False,1342.7,206.2
NYC,2023-01-31,False,,False,False,False,1094.7,203.0
NYC,2023-02-01,False,,False,False,False,1020.6,189.8
NYC,2023-02-02,False,,False,False,False,965.1,184.7
NYC,2023-02-03,False,,False,False,False,815.8,184.5
NYC,2023-02-04,False,,False,False,False,662.8,212.6
NYC,2023-02-05,False,,False,False,False,1259.1,259.0
NYC,2023-02-06,False,,False,False,True,310.6,212.7
NYC,2023-02-07,False,,False,False,False,742.3,213.4
NYC,2023-02-08,False,,False,True,True,137.5,179.4
NYC,2023-02-09,False,,False,False,False,1185.1,221.0
NYC,2023-02-10,False,,False,False,False,991.2,199.6
NYC,2023-02-11,False,,True,True,True,67.7,268.4
NYC,2023-02-12,False,,False,False,False,1122.8,263.1
NYC,2023-02-13,False,,False,True,True,217.5,263.1
NYC,2023-02-14,False,,True,True,True,80.1,191.8
NYC,2023-02-15,False,,True,True,True,64.7,286.2
NYC,2023-02-16,False,,False,False,False,1124.2,213.3
NYC,2023-02-17,False,,False,False,False,1518.2,214.7
NYC,2023-02-18,False,,False,False,False,724.5,202.1
NYC,2023-02-19,False,,False,False,False,1060.2,216.0
NYC,2023-02-20,False,,False,False,False,724.4,202.8
NYC,2023-02-21,False,,False,False,False,1247.8,212.4
NYC,2023-02-22,False,,False,False,True,406.7,196.8
NYC,2023-02-23,False,,False,True,True,177.4,168.3
NYC,2023-02-24,False,,False,True,True,196.0,167.7
NYC,2023-02-25,False,,False,False,False,1001.1,202.5
NYC,2023-02-26,False,,True,True,True,85.3,171.3
NYC,2023-02-27,False,,True,True,True,97.0,137.0
NYC,2023-02-28,False,,False,False,True,374.6,177.5
NYC,2023-03-01,False,,False,False,False,757.0,200.5
NYC,2023-03-02,False,,False,False,False,685.8,173.4
NYC,2023-03-03,False,,False,False,True,320.3,197.0
NYC,2023-03-04,False,,False,False,True,396.4,158.5
NYC,2023-03-05,False,,False,False,False,758.1,204.8
NYC,2023-03-06,False,,True,True,True,84.5,205.4
NYC,2023-03-07,False,,False,True,True,117.9,194.5
NYC,2023-03-08,False,,False,False,False,673.3,198.4
NYC,2023-03-09,False,,True,True,True,81.1,194.3
NYC,2023-03-10,False,,False,False,False,1242.2,180.0
NYC,2023-03-11,False,,False,False,False,1163.7,198.4
NYC,2023-03-12,False,,False,False,False,988.7,202.4
NYC,2023-03-13,False,,False,False,False,1041.7,164.8
NYC,2023-03-14,False,,False,False,False,757.2,212.5
NYC,2023-03-15,False,,False,False,False,562.3,195.1
NYC,2023-03-16,False,,True,True,True,86.7,171.3
NYC,2023-03-17,False,,False,False,False,628.7,173.8
NYC,2023-03-18,False,,False,False,False,835.0,175.2
NYC,2023-03-19,False,,False,False,False,751.8,214.6
NYC,2023-03-20,False,,True,True,True,30.9,140.0
NYC,2023-03-21,True,light,True,True,True,0.0,0.0
NYC,2023-03-22,False,,False,False,False,1211.8,227.8
NYC,2023-03-23,False,,False,False,False,795.3,214.1
NYC,2023-03-24,False,,False,True,True,228.5,173.2
NYC,2023-03-25,False,,False,False,True,348.3,226.4
NYC,2023-03-26,False,,False,False,True,306.0,167.7
NYC,2023-03-27,False,,False,False,False,817.1,242.4
NYC,2023-03-28,False,,False,False,False,948.0,243.5
NYC,2023-03-29,False,,False,True,True,272.9,224.6
NYC,2023-03-30,False,,True,True,True,96.2,200.8
NYC,2023-03-31,False,,False,False,False,1275.6,226.6
NYC,2023-04-01,False,,False,False,True,413.8,281.5
NYC,2023-04-02,False,,False,False,False,524.0,161.0
NYC,2023-04-03,False,,False,False,False,633.8,286.2
NYC,2023-04-04,False,,False,True,True,126.3,280.4
NYC,2023-04-05,False,,False,True,True,170.5,238.8
NYC,2023-04-06,False,,True,True,True,87.8,144.7
NYC,2023-04-07,False,,False,False,False,837.8,204.2
NYC,2023-04-08,False,,False,False,True,344.9,292.6
NYC,2023-04-09,True,light,True,True,True,0.0,0.0
NYC,2023-04-10,True,light,True,True,True,0.0,0.0
NYC,2023-04-11,False,,True,True,True,40.5,265.1
NYC,2023-04-12,True,light,True,True,True,0.0,0.0
NYC,2023-04-13,True,light,True,True,True,0.0,0.0
NYC,2023-04-14,True,light,True,True,True,0.0,0.0
NYC,2023-04-15,True,light,True,True,True,0.0,0.0
NYC,2023-04-16,False,,False,True,True,199.8,279.3
NYC,2023-04-17,False,,False,False,False,912.6,210.2
NYC,2023-04-18,True,light,True,True,True,0.0,0.0
NYC,2023-04-19,False,,False,True,True,185.5,155.5
NYC,2023-04-20,True,light,True,True,True,0.0,0.0
NYC,2023-04-21,True,light,True,True,True,0.0,0.0
NYC,2023-04-22,False,,False,False,False,642.5,202.7
NYC,2023-04-23,False,,False,False,False,667.9,154.5
NYC,2023-04-24,False,,False,False,False,1062.7,235.5
NYC,2023-04-25,False,,False,True,True,167.8,166.5
NYC,2023-04-26,False,,False,False,False,990.3,275.3
NYC,2023-04-27,False,,False,False,True,324.3,286.1
NYC,2023-04-28,False,,False,False,False,884.0,214.1
NYC,2023-04-29,False,,False,False,False,1642.4,210.9
NYC,2023-04-30,False,,False,False,True,444.8,187.1
NYC,2023-05-01,False,,False,False,False,675.5,142.9
NYC,2023-05-02,False,,False,False,True,475.3,163.7
NYC,2023-05-03,False,,False,False,False,512.5,175.8
NYC,2023-05-04,False,,False,False,False,554.1,251.9
NYC,2023-05-05,False,,False,False,True,327.6,257.3
NYC,2023-05-06,False,,False,False,False,528.5,219.0
NYC,2023-05-07,False,,False,False,True,458.8,173.1
NYC,2023-05-08,True,light,True,True,True,0.0,0.0
NYC,2023-05-09,True,medium,True,True,True,0.0,0.0
NYC,2023-05-10,True,heavy,True,True,True,0.0,0.0
NYC,2023-05-11,True,medium,True,True,True,0.0,0.0
NYC,2023-05-12,True,medium,True,True,True,0.0,0.0
NYC,2023-05-13,False,,True,True,True,21.7,0.0
NYC,2023-05-14,True,light,True,True,True,0.0,0.0
NYC,2023-05-15,True,medium,True,True,True,0.0,0.0
NYC,2023-05-16,True,medium,True,True,True,0.0,0.0
NYC,2023-05-17,True,heavy,True,True,True,0.0,0.0
NYC,2023-05-18,True,heavy,True,True,True,0.0,0.0
NYC,2023-05-19,True,light,True,True,True,0.0,0.0
NYC,2023-05-20,False,,False,False,True,405.4,263.1
NYC,2023-05-21,True,medium,True,True,True,0.0,0.0
NYC,2023-05-22,True,heavy,True,True,True,0.0,0.0
NYC,2023-05-23,True,medium,True,True,True,0.0,0.0
NYC,2023-05-24,True,medium,True,True,True,0.0,0.0
NYC,2023-05-25,True,light,True,True,True,0.0,0.0
NYC,2023-05-26,True,light,True,True,True,0.0,0.0
NYC,2023-05-27,True,light,True,True,True,0.0,0.0
NYC,2023-05-28,True,light,True,True,True,0.0,0.0
NYC,2023-05-29,True,light,True,True,True,0.0,0.0
NYC,2023-05-30,True,medium,True,True,True,0.0,0.0
NYC,2023-05-31,True,medium,True,True,True,0.0,0.0
NYC,2023-06-01,True,medium,True,True,True,0.0,0.0
NYC,2023-06-02,True,medium,True,True,True,0.0,0.0
NYC,2023-06-03,True,medium,True,True,True,0.0,0.0
NYC,2023-06-04,True,light,True,True,True,0.0,0.0
NYC,2023-06-05,True,medium,True,True,True,0.0,0.0
NYC,2023-06-06,True,heavy,True,True,True,0.0,0.0
NYC,2023-06-07,True,heavy,True,True,True,0.0,0.0
NYC,2023-06-08,True,heavy,True,True,True,0.0,0.0
NYC,2023-06-09,True,medium,True,True,True,0.0,0.0
NYC,2023-06-10,True,light,True,True,True,0.0,0.0
NYC,2023-06-11,True,medium,True,True,True,0.0,0.0
NYC,2023-06-12,True,light,True,True,True,0.0,0.0
NYC,2023-06-13,True,medium,True,True,True,0.0,0.0
NYC,2023-06-14,True,medium,True,True,True,0.0,0.0
NYC,2023-06-15,True,heavy,True,True,True,0.0,0.0
NYC,2023-06-16,True,medium,True,True,True,0.0,0.0
NYC,2023-06-17,True,medium,True,True,True,0.0,0.0
NYC,2023-06-18,True,medium,True,True,True,0.0,0.0
NYC,2023-06-19,True,medium,True,True,True,0.0,0.0
NYC,2023-06-20,True,medium,True,True,True,0.0,0.0
NYC,2023-06-21,True,light,True,True,True,0.0,0.0
NYC,2023-06-22,False,,True,True,True,84.2,356.9
NYC,2023-06-23,False,,False,True,True,252.6,38.2
NYC,2023-06-24,True,light,True,True,True,0.0,0.0
NYC,2023-06-25,True,light,True,True,True,0.0,0.0
NYC,2023-06-26,True,light,True,True,True,0.0,0.0
NYC,2023-06-27,True,light,True,True,True,0.0,0.0
NYC,2023-06-28,True,medium,True,True,True,0.0,0.0
NYC,2023-06-29,True,heavy,True,True,True,0.0,0.0
NYC,2023-06-30,True,medium,True,True,True,0.0,0.0
NYC,2023-07-01,True,medium,True,True,True,0.0,0.0
NYC,2023-07-02,True,light,True,True,True,0.0,0.0
NYC,2023-07-03,True,light,True,True,True,0.0,0.0
NYC,2023-07-04,False,,True,True,True,99.4,357.2
NYC,2023-07-05,True,light,True,True,True,0.0,0.0
NYC,2023-07-06,True,light,True,True,True,0.0,0.0
NYC,2023-07-07,True,light,True,True,True,0.0,0.0
NYC,2023-07-08,True,light,True,True,True,0.0,0.0
NYC,2023-07-09,True,light,True,True,True,0.0,0.0
NYC,2023-07-10,True,light,True,True,True,0.0,0.0
NYC,2023-07-11,True,medium,True,True,True,0.0,0.0
NYC,2023-07-12,True,medium,True,True,True,0.0,0.0
NYC,2023-07-13,True,light,True,True,True,0.0,0.0
NYC,2023-07-14,True,light,True,True,True,0.0,0.0
NYC,2023-07-15,True,light,True,True,True,0.0,0.0
NYC,2023-07-16,True,light,True,True,True,0.0,0.0
NYC,2023-07-17,True,heavy,True,True,True,0.0,0.0
NYC,2023-07-18,True,heavy,True,True,True,0.0,0.0
NYC,2023-07-19,True,medium,True,True,True,0.0,0.0
NYC,2023-07-20,True,medium,True,True,True,0.0,0.0
NYC,2023-07-21,True,light,True,True,True,0.0,0.0
NYC,2023-07-22,True,medium,True,True,True,0.0,0.0
NYC,2023-07-23,True,light,True,True,True,0.0,0.0
NYC,2023-07-24,True,light,True,True,True,0.0,0.0
NYC,2023-07-25,True,medium,True,True,True,0.0,0.0
NYC,2023-07-26,True,medium,True,True,True,0.0,0.0
NYC,2023-07-27,True,medium,True,True,True,0.0,0.0
NYC,2023-07-28,True,medium,True,True,True,0.0,0.0
NYC,2023-07-29,True,medium,True,True,True,0.0,0.0
NYC,2023-07-30,True,light,True,True,True,0.0,0.0
NYC,2023-07-31,True,medium,True,True,True,0.0,0.0
NYC,2023-08-01,True,light,True,True,True,0.0,0.0
NYC,2023-08-02,True,medium,True,True,True,0.0,0.0
NYC,2023-08-03,True,heavy,True,True,True,0.0,0.0
NYC,2023-08-04,True,light,True,True,True,0.0,0.0
NYC,2023-08-05,True,light,True,True,True,0.0,0.0
NYC,2023-08-06,True,light,True,True,True,0.0,0.0
NYC,2023-08-07,True,light,True,True,True,0.0,0.0
NYC,2023-08-08,True,light,True,True,True,0.0,0.0
NYC,2023-08-09,True,heavy,True,True,True,0.0,0.0
NYC,2023-08-10,True,medium,True,True,True,0.0,0.0
NYC,2023-08-11,True,medium,True,True,True,0.0,0.0
NYC,2023-08-12,True,light,True,True,True,0.0,0.0
NYC,2023-08-13,True,light,True,True,True,0.0,0.0
NYC,2023-08-14,True,light,True,True,True,0.0,0.0
NYC,2023-08-15,True,light,True,True,True,0.0,0.0
NYC,2023-08-16,True,light,True,True,True,0.0,0.0
NYC,2023-08-17,True,light,True,True,True,0.0,0.0
NYC,2023-08-18,True,light,True,True,True,0.0,0.0
NYC,2023-08-19,True,medium,True,True,True,0.0,0.0
NYC,2023-08-20,True,medium,True,True,True,0.0,0.0
NYC,2023-08-21,True,medium,True,True,True,0.0,0.0
NYC,2023-08-22,True,light,True,True,True,0.0,0.0
NYC,2023-08-23,True,light,True,True,True,0.0,0.0
NYC,2023-08-24,True,light,True,True,True,0.0,0.0
NYC,2023-08-25,False,,True,True,True,86.6,234.3
NYC,2023-08-26,True,light,True,True,True,0.0,0.0
NYC,2023-08-27,True,light,True,True,True,0.0,0.0
NYC,2023-08-28,True,light,True,True,True,0.0,0.0
NYC,2023-08-29,True,light,True,True,True,0.0,0.0
NYC,2023-08-30,False,,True,True,True,56.2,267.5
NYC,2023-08-31,True,medium,True,True,True,0.0,0.0
NYC,2023-09-01,True,medium,True,True,True,0.0,0.0
NYC,2023-09-02,True,medium,True,True,True,0.0,0.0
NYC,2023-09-03,True,light,True,True,True,0.0,0.0
NYC,2023-09-04,True,light,True,True,True,0.0,0.0
NYC,2023-09-05,True,light,True,True,True,0.0,0.0
NYC,2023-09-06,True,medium,True,True,True,0.0,0.0
NYC,2023-09-07,True,light,True,True,True,0.0,0.0
NYC,2023-09-08,True,light,True,True,True,0.0,0.0
NYC,2023-09-09,True,light,True,True,True,0.0,0.0
NYC,2023-09-10,True,light,True,True,True,0.0,0.0
NYC,2023-09-11,True,light,True,True,True,0.0,0.0
NYC,2023-09-12,True,light,True,True,True,0.0,0.0
NYC,2023-09-13,True,light,True,True,True,0.0,0.0
NYC,2023-09-14,True,light,True,True,True,0.0,0.0
NYC,2023-09-15,True,light,True,True,True,0.0,0.0
NYC,2023-09-16,True,light,True,True,True,0.0,0.0
NYC,2023-09-17,True,light,True,True,True,0.0,0.0
NYC,2023-09-18,True,light,True,True,True,0.0,0.0
NYC,2023-09-19,True,light,True,True,True,0.0,0.0
NYC,2023-09-20,True,light,True,True,True,0.0,0.0
NYC,2023-09-21,True,light,True,True,True,0.0,0.0
NYC,2023-09-22,True,light,True,True,True,0.0,0.0
NYC,2023-09-23,False,,False,False,True,389.0,358.6
NYC,2023-09-24,False,,False,True,True,146.2,156.2
NYC,2023-09-25,False,,False,True,True,258.7,8.2
NYC,2023-09-26,True,medium,True,True,True,0.0,0.0
NYC,2023-09-27,True,light,True,True,True,0.0,0.0
NYC,2023-09-28,True,light,True,True,True,0.0,0.0
NYC,2023-09-29,False,,False,True,True,115.2,312.0
NYC,2023-09-30,True,light,True,True,True,0.0,0.0
NYC,2023-10-01,True,heavy,True,True,True,0.0,0.0
NYC,2023-10-02,True,light,True,True,True,0.0,0.0
NYC,2023-10-03,True,light,True,True,True,0.0,0.0
NYC,2023-10-04,True,light,True,True,True,0.0,0.0
NYC,2023-10-05,True,light,True,True,True,0.0,0.0
NYC,2023-10-06,False,,True,True,True,68.9,148.2
NYC,2023-10-07,False,,True,True,True,21.4,241.6
NYC,2023-10-08,False,,False,False,True,380.7,213.7
NYC,2023-10-09,False,,False,False,False,619.5,221.7
NYC,2023-10-10,False,,False,True,True,120.3,165.0
NYC,2023-10-11,False,,False,False,False,984.9,259.0
NYC,2023-10-12,True,light,True,True,True,0.0,0.0
NYC,2023-10-13,False,,True,True,True,31.0,178.8
NYC,2023-10-14,False,,False,False,False,815.9,226.0
NYC,2023-10-15,False,,False,False,False,1023.2,353.5
NYC,2023-10-16,False,,False,False,False,1187.8,120.3
NYC,2023-10-17,False,,False,False,False,1120.5,221.7
NYC,2023-10-18,False,,False,False,False,508.5,227.4
NYC,2023-10-19,True,light,True,True,True,0.0,0.0
NYC,2023-10-20,False,,False,True,True,147.9,235.2
NYC,2023-10-21,False,,False,False,False,1218.2,213.1
NYC,2023-10-22,False,,False,False,False,1060.8,89.7
NYC,2023-10-23,False,,False,False,False,717.3,289.5
NYC,2023-10-24,True,light,True,True,True,0.0,0.0
NYC,2023-10-25,False,,True,True,True,3.0,156.1
NYC,2023-10-26,False,,False,True,True,185.5,139.9
NYC,2023-10-27,False,,False,False,True,370.4,319.2
NYC,2023-10-28,True,light,True,True,True,0.0,0.0
NYC,2023-10-29,False,,False,False,False,704.8,220.2
NYC,2023-10-30,False,,False,False,False,570.0,210.0
NYC,2023-10-31,False,,False,False,False,784.5,204.8
NYC,2023-11-01,False,,False,False,True,431.6,232.0
NYC,2023-11-02,False,,False,False,True,334.8,235.7
NYC,2023-11-03,True,light,True,True,True,0.0,0.0
NYC,2023-11-04,False,,True,True,True,99.8,142.6
NYC,2023-11-05,True,light,True,True,True,0.0,0.0
NYC,2023-11-06,True,light,True,True,True,0.0,0.0
NYC,2023-11-07,False,,False,True,True,101.9,189.4
NYC,2023-11-08,False,,True,True,True,78.9,226.5
NYC,2023-11-09,True,light,True,True,True,0.0,0.0
NYC,2023-11-10,False,,False,False,True,436.4,166.8
NYC,2023-11-11,True,light,True,True,True,0.0,0.0
NYC,2023-11-12,False,,False,True,True,219.4,247.4
NYC,2023-11-13,False,,False,True,True,169.2,270.2
NYC,2023-11-14,False,,True,True,True,59.6,111.7
NYC,2023-11-15,False,,False,False,True,308.8,247.1
NYC,2023-11-16,True,light,True,True,True,0.0,0.0
NYC,2023-11-17,False,,False,False,False,528.1,84.9
NYC,2023-11-18,False,,False,False,False,569.6,230.7
NYC,2023-11-19,False,,False,False,True,435.6,228.2
NYC,2023-11-20,False,,False,False,False,1303.3,223.8
NYC,2023-11-21,False,,False,False,False,1576.8,202.6
NYC,2023-11-22,False,,False,False,False,1617.9,197.9
NYC,2023-11-23,False,,False,False,False,1612.6,199.1
NYC,2023-11-24,False,,False,False,False,1124.5,220.2
NYC,2023-11-25,False,,False,False,False,577.4,249.5
NYC,2023-11-26,False,,False,False,False,1607.6,200.4
NYC,2023-11-27,False,,False,False,False,1800.1,237.3
NYC,2023-11-28,False,,False,False,False,801.7,238.0
NYC,2023-11-29,False,,False,False,False,855.5,205.3
NYC,2023-11-30,False,,False,False,False,831.9,231.4
NYC,2023-12-01,False,,False,False,False,1520.6,204.8
NYC,2023-12-02,False,,False,False,False,2106.0,290.8
NYC,2023-12-03,False,,False,False,False,1501.8,198.2
NYC,2023-12-04,False,,False,False,False,736.7,215.0
NYC,2023-12-05,False,,False,False,False,768.8,213.9
NYC,2023-12-06,False,,False,False,False,752.8,214.7
NYC,2023-12-07,False,,False,False,False,705.6,214.4
NYC,2023-12-08,False,,False,False,False,668.6,292.5
NYC,2023-12-09,False,,False,False,False,737.2,215.2
NYC,2023-12-10,False,,False,False,False,1531.7,203.3
NYC,2023-12-11,False,,False,False,False,1237.8,246.6
NYC,2023-12-12,False,,False,False,False,1182.5,259.1
NYC,2023-12-13,False,,False,False,False,501.8,243.3
NYC,2023-12-14,False,,False,False,False,742.9,203.2
NYC,2023-12-15,False,,False,False,False,1063.9,220.2
NYC,2023-12-16,False,,False,False,False,3185.9,212.9
NYC,2023-12-17,False,,False,False,False,2908.6,305.1
NYC,2023-12-18,False,,False,False,False,1363.3,203.4
NYC,2023-12-19,False,,False,False,False,736.6,222.9
NYC,2023-12-20,False,,False,False,False,1784.2,236.6
NYC,2023-12-21,False,,False,False,False,1386.8,214.4
NYC,2023-12-22,False,,False,False,False,1416.7,226.7
NYC,2023-12-23,False,,False,False,False,1118.0,232.5
NYC,2023-12-24,False,,False,False,False,2246.6,186.2
NYC,2023-12-25,False,,False,False,False,3043.1,207.1
NYC,2023-12-26,False,,False,False,False,1552.4,240.0
NYC,2023-12-27,False,,False,False,False,1687.0,243.9
NYC,2023-12-28,False,,False,False,False,1420.3,219.4
NYC,2023-12-29,False,,False,False,False,596.7,217.6
NYC,2023-12-30,False,,False,False,False,1116.3,209.0
NYC,2023-12-31,False,,False,False,False,1094.9,201.9
NYC,2024-01-01,False,,False,False,False,1222.7,222.5
NYC,2024-01-02,False,,False,False,False,740.6,203.6
NYC,2024-01-03,False,,False,False,False,1637.2,247.5
NYC,2024-01-04,False,,False,False,False,744.2,215.3
NYC,2024-01-05,False,,False,False,False,1018.9,218.9
NYC,2024-01-06,False,,False,False,False,2198.7,242.9
NYC,2024-01-07,False,,False,False,False,1885.6,244.4
NYC,2024-01-08,False,,False,False,False,739.0,214.1
NYC,2024-01-09,False,,False,False,False,2150.4,229.2
NYC,2024-01-10,False,,False,False,False,2960.9,250.0
NYC,2024-01-11,False,,False,False,False,699.2,214.6
NYC,2024-01-12,False,,False,False,False,535.0,235.5
NYC,2024-01-13,False,,False,False,False,1636.7,232.5
NYC,2024-01-14,False,,False,False,False,1320.8,223.3
NYC,2024-01-15,False,,False,False,False,2069.6,196.6
NYC,2024-01-16,False,,False,False,False,2137.7,185.0
NYC,2024-01-17,False,,False,False,False,734.6,201.5
NYC,2024-01-18,False,,False,False,False,1061.7,219.6
NYC,2024-01-19,False,,False,False,False,927.1,204.9
NYC,2024-01-20,False,,False,False,False,733.7,213.8
NYC,2024-01-21,False,,False,False,False,518.7,216.2
NYC,2024-01-22,False,,False,False,False,3866.6,293.4
NYC,2024-01-23,False,,False,False,False,1661.8,200.8
NYC,2024-01-24,False,,False,False,False,1649.0,200.5
NYC,2024-01-25,False,,False,False,False,1283.4,207.4
NYC,2024-01-26,False,,False,False,False,1720.9,201.5
NYC,2024-01-27,False,,False,False,False,1238.8,207.7
NYC,2024-01-28,False,,False,False,False,3180.5,212.0
NYC,2024-01-29,False,,False,False,False,724.8,203.4
NYC,2024-01-30,False,,False,False,False,695.6,217.8
NYC,2024-01-31,False,,False,False,False,1191.9,210.8
NYC,2024-02-01,False,,False,False,False,735.5,202.9
NYC,2024-02-02,False,,False,False,False,702.8,201.9
NYC,2024-02-03,False,,False,False,False,561.1,208.5
NYC,2024-02-04,False,,False,False,False,2528.2,227.0
NYC,2024-02-05,False,,False,False,False,771.0,220.9
NYC,2024-02-06,False,,False,False,False,755.5,214.3
NYC,2024-02-07,False,,False,False,True,370.1,216.6
NYC,2024-02-08,False,,False,False,False,866.0,216.8
NYC,2024-02-09,False,,False,False,False,1168.0,209.6
NYC,2024-02-10,False,,False,False,False,1890.5,208.0
NYC,2024-02-11,False,,False,False,False,2010.1,192.5
NYC,2024-02-12,False,,False,False,False,1668.3,207.8
NYC,2024-02-13,False,,False,False,False,1214.7,260.6
NYC,2024-02-14,False,,False,False,False,548.2,194.7
NYC,2024-02-15,False,,False,False,False,521.5,186.6
NYC,2024-02-16,False,,False,False,False,1569.0,201.1
NYC,2024-02-17,False,,False,False,False,1110.7,245.2
NYC,2024-02-18,False,,False,False,False,842.5,230.7
NYC,2024-02-19,False,,False,False,False,529.5,204.1
NYC,2024-02-20,False,,False,True,True,126.8,196.2
NYC,2024-02-21,False,,False,True,True,105.9,284.8
NYC,2024-02-22,False,,False,True,True,294.2,207.3
NYC,2024-02-23,False,,False,False,False,1019.1,272.0
NYC,2024-02-24,False,,False,True,True,226.1,141.2
NYC,2024-02-25,False,,False,False,False,725.7,216.5
NYC,2024-02-26,True,light,True,True,True,0.0,0.0
NYC,2024-02-27,True,light,True,True,True,0.0,0.0
NYC,2024-02-28,False,,False,False,False,1130.1,212.2
NYC,2024-02-29,False,,False,False,False,1078.1,277.4
NYC,2024-03-01,True,light,True,True,True,0.0,0.0
NYC,2024-03-02,False,,False,False,False,835.4,296.6
NYC,2024-03-03,False,,False,False,False,1217.4,257.8
NYC,2024-03-04,False,,False,False,True,339.4,312.9
NYC,2024-03-05,False,,False,False,False,1670.9,253.5
NYC,2024-03-06,False,,False,False,False,1319.2,209.9
NYC,2024-03-07,False,,False,False,False,1223.6,283.3
NYC,2024-03-08,False,,False,False,False,1703.1,216.8
NYC,2024-03-09,False,,False,False,False,983.3,189.6
NYC,2024-03-10,False,,False,False,False,1085.6,268.1
NYC,2024-03-11,False,,False,False,False,690.2,197.4
NYC,2024-03-12,False,,False,False,False,549.5,219.9
NYC,2024-03-13,True,light,True,True,True,0.0,0.0
NYC,2024-03-14,True,light,True,True,True,0.0,0.0
NYC,2024-03-15,True,light,True,True,True,0.0,0.0
NYC,2024-03-16,False,,False,False,False,1107.2,172.7
NYC,2024-03-17,False,,False,False,False,967.6,168.9
NYC,2024-03-18,False,,False,False,True,436.5,161.4
NYC,2024-03-19,False,,False,False,False,614.1,210.8
NYC,2024-03-20,False,,False,True,True,199.2,194.5
NYC,2024-03-21,False,,False,True,True,152.3,190.8
NYC,2024-03-22,True,light,True,True,True,0.0,0.0
NYC,2024-03-23,False,,False,False,True,452.7,288.4
NYC,2024-03-24,False,,False,False,True,411.4,266.8
NYC,2024-03-25,False,,False,False,False,556.2,226.3
NYC,2024-03-26,False,,False,True,True,183.6,229.7
NYC,2024-03-27,False,,True,True,True,89.3,152.1
NYC,2024-03-28,False,,False,False,True,317.4,146.7
NYC,2024-03-29,False,,True,True,True,87.5,199.1
NYC,2024-03-30,False,,True,True,True,39.1,231.7
NYC,2024-03-31,False,,False,False,True,478.0,163.0
NYC,2024-04-01,False,,False,False,False,1489.6,203.3
NYC,2024-04-02,False,,False,True,True,281.7,201.2
NYC,2024-04-03,False,,False,False,False,1447.9,188.1
NYC,2024-04-04,False,,False,False,True,478.4,140.5
NYC,2024-04-05,False,,False,False,False,629.4,192.7
NYC,2024-04-06,False,,False,False,True,330.7,173.9
NYC,2024-04-07,False,,False,False,False,558.5,235.5
NYC,2024-04-08,False,,False,False,False,548.3,194.7
NYC,2024-04-09,False,,False,True,True,281.4,173.1
NYC,2024-04-10,False,,False,False,False,1290.3,213.4
NYC,2024-04-11,False,,False,False,False,1433.6,267.1
NYC,2024-04-12,False,,False,False,False,1433.5,199.8
NYC,2024-04-13,False,,False,False,False,612.4,222.1
NYC,2024-04-14,True,light,True,True,True,0.0,0.0
NYC,2024-04-15,True,light,True,True,True,0.0,0.0
NYC,2024-04-16,False,,False,False,False,1059.7,236.3
NYC,2024-04-17,False,,False,False,False,1286.3,211.5
NYC,2024-04-18,False,,False,True,True,165.8,216.0
NYC,2024-04-19,False,,False,False,False,811.3,220.0
NYC,2024-04-20,False,,False,False,True,492.7,253.0
NYC,2024-04-21,False,,False,False,True,365.3,168.9
NYC,2024-04-22,False,,False,False,False,554.7,228.7
NYC,2024-04-23,False,,False,False,True,494.8,233.0
NYC,2024-04-24,False,,False,False,False,530.8,223.1
NYC,2024-04-25,False,,False,True,True,284.1,267.8
NYC,2024-04-26,False,,False,True,True,271.4,289.8
NYC,2024-04-27,False,,False,False,False,733.8,56.8
NYC,2024-04-28,False,,False,False,False,605.1,219.1
NYC,2024-04-29,True,light,True,True,True,0.0,0.0
NYC,2024-04-30,False,,False,False,False,830.6,50.9
NYC,2024-05-01,False,,False,True,True,240.1,249.0
NYC,2024-05-02,False,,False,False,True,353.6,234.8
NYC,2024-05-03,False,,False,False,False,917.0,218.5
NYC,2024-05-04,False,,False,False,False,1361.1,213.9
NYC,2024-05-05,False,,False,False,False,1433.8,223.6
NYC,2024-05-06,False,,False,False,False,1396.3,217.2
NYC,2024-05-07,False,,False,False,False,1296.6,217.6
NYC,2024-05-08,False,,False,True,True,252.1,154.4
NYC,2024-05-09,False,,False,True,True,125.9,149.6
NYC,2024-05-10,False,,False,False,True,338.8,171.8
NYC,2024-05-11,False,,False,False,True,393.9,274.4
NYC,2024-05-12,True,light,True,True,True,0.0,0.0
NYC,2024-05-13,True,light,True,True,True,0.0,0.0
NYC,2024-05-14,False,,False,False,True,316.0,323.5
NYC,2024-05-15,False,,False,True,True,184.2,338.1
NYC,2024-05-16,True,light,True,True,True,0.0,0.0
NYC,2024-05-17,False,,False,False,False,1066.5,207.7
NYC,2024-05-18,False,,False,False,True,423.1,173.4
NYC,2024-05-19,False,,False,True,True,174.2,310.5
NYC,2024-05-20,False,,True,True,True,77.6,337.5
NYC,2024-05-21,True,light,True,True,True,0.0,0.0
NYC,2024-05-22,True,light,True,True,True,0.0,0.0
NYC,2024-05-23,False,,False,True,True,278.1,315.2
NYC,2024-05-24,False,,False,False,False,500.6,274.3
NYC,2024-05-25,True,light,True,True,True,0.0,0.0
NYC,2024-05-26,True,light,True,True,True,0.0,0.0
NYC,2024-05-27,True,light,True,True,True,0.0,0.0
NYC,2024-05-28,True,light,True,True,True,0.0,0.0
NYC,2024-05-29,False,,False,True,True,243.4,132.0
NYC,2024-05-30,False,,False,True,True,242.1,132.6
NYC,2024-05-31,False,,False,False,False,648.3,209.5
NYC,2024-06-01,False,,False,False,False,543.9,202.1
NYC,2024-06-02,False,,False,True,True,111.7,98.9
NYC,2024-06-03,True,light,True,True,True,0.0,0.0
NYC,2024-06-04,True,light,True,True,True,0.0,0.0
NYC,2024-06-05,False,,False,False,True,362.8,218.9
NYC,2024-06-06,False,,False,False,False,1359.6,22.3
NYC,2024-06-07,False,,False,True,True,135.7,144.8
NYC,2024-06-08,False,,False,False,True,360.5,151.0
NYC,2024-06-09,False,,False,False,True,429.4,217.5
NYC,2024-06-10,True,light,True,True,True,0.0,0.0
NYC,2024-06-11,False,,True,True,True,24.3,147.8
NYC,2024-06-12,True,light,True,True,True,0.0,0.0
NYC,2024-06-13,True,light,True,True,True,0.0,0.0
NYC,2024-06-14,True,light,True,True,True,0.0,0.0
NYC,2024-06-15,True,light,True,True,True,0.0,0.0
NYC,2024-06-16,True,light,True,True,True,0.0,0.0
NYC,2024-06-17,True,light,True,True,True,0.0,0.0
NYC,2024-06-18,True,light,True,True,True,0.0,0.0
NYC,2024-06-19,True,light,True,True,True,0.0,0.0
NYC,2024-06-20,True,medium,True,True,True,0.0,0.0
NYC,2024-06-21,True,light,True,True,True,0.0,0.0
NYC,2024-06-22,True,light,True,True,True,0.0,0.0
NYC,2024-06-23,True,light,True,True,True,0.0,0.0
NYC,2024-06-24,True,light,True,True,True,0.0,0.0
NYC,2024-06-25,True,light,True,True,True,0.0,0.0
NYC,2024-06-26,True,light,True,True,True,0.0,0.0
NYC,2024-06-27,True,light,True,True,True,0.0,0.0
NYC,2024-06-28,False,,True,True,True,5.1,151.8
NYC,2024-06-29,True,light,True,True,True,0.0,0.0
NYC,2024-06-30,False,,True,True,True,53.0,164.2
NYC,2024-07-01,True,light,True,True,True,0.0,0.0
NYC,2024-07-02,False,,False,True,True,247.3,11.4
NYC,2024-07-03,True,light,True,True,True,0.0,0.0
NYC,2024-07-04,True,light,True,True,True,0.0,0.0
NYC,2024-07-05,True,light,True,True,True,0.0,0.0
NYC,2024-07-06,True,light,True,True,True,0.0,0.0
NYC,2024-07-07,True,light,True,True,True,0.0,0.0
NYC,2024-07-08,True,light,True,True,True,0.0,0.0
NYC,2024-07-09,True,light,True,True,True,0.0,0.0
NYC,2024-07-10,True,light,True,True,True,0.0,0.0
NYC,2024-07-11,True,light,True,True,True,0.0,0.0
NYC,2024-07-12,False,,False,True,True,262.2,310.8
NYC,2024-07-13,True,light,True,True,True,0.0,0.0
NYC,2024-07-14,True,light,True,True,True,0.0,0.0
NYC,2024-07-15,True,light,True,True,True,0.0,0.0
NYC,2024-07-16,True,light,True,True,True,0.0,0.0
NYC,2024-07-17,True,light,True,True,True,0.0,0.0
NYC,2024-07-18,True,light,True,True,True,0.0,0.0
NYC,2024-07-19,True,light,True,True,True,0.0,0.0
NYC,2024-07-20,True,light,True,True,True,0.0,0.0
NYC,2024-07-21,True,light,True,True,True,0.0,0.0
NYC,2024-07-22,False,,True,True,True,36.4,27.8
NYC,2024-07-23,True,light,True,True,True,0.0,0.0
NYC,2024-07-24,True,light,True,True,True,0.0,0.0
NYC,2024-07-25,True,light,True,True,True,0.0,0.0
NYC,2024-07-26,True,light,True,True,True,0.0,0.0
NYC,2024-07-27,True,light,True,True,True,0.0,0.0
NYC,2024-07-28,True,light,True,True,True,0.0,0.0
NYC,2024-07-29,True,light,True,True,True,0.0,0.0
NYC,2024-07-30,True,medium,True,True,True,0.0,0.0
NYC,2024-07-31,True,medium,True,True,True,0.0,0.0
NYC,2024-08-01,True,light,True,True,True,0.0,0.0
NYC,2024-08-02,True,light,True,True,True,0.0,0.0
NYC,2024-08-03,True,light,True,True,True,0.0,0.0
NYC,2024-08-04,True,light,True,True,True,0.0,0.0
NYC,2024-08-05,True,light,True,True,True,0.0,0.0
NYC,2024-08-06,True,light,True,True,True,0.0,0.0
NYC,2024-08-07,True,light,True,True,True,0.0,0.0
NYC,2024-08-08,True,light,True,True,True,0.0,0.0
NYC,2024-08-09,False,,False,True,True,278.1,255.7
NYC,2024-08-10,True,light,True,True,True,0.0,0.0
NYC,2024-08-11,True,light,True,True,True,0.0,0.0
NYC,2024-08-12,True,light,True,True,True,0.0,0.0
NYC,2024-08-13,True,light,True,True,True,0.0,0.0
NYC,2024-08-14,True,medium,True,True,True,0.0,0.0
NYC,2024-08-15,True,heavy,True,True,True,0.0,0.0
NYC,2024-08-16,True,medium,True,True,True,0.0,0.0
NYC,2024-08-17,True,medium,True,True,True,0.0,0.0
NYC,2024-08-18,True,light,True,True,True,0.0,0.0
NYC,2024-08-19,False,,False,False,True,335.7,116.0
NYC,2024-08-20,False,,False,True,True,250.8,228.0
NYC,2024-08-21,True,light,True,True,True,0.0,0.0
NYC,2024-08-22,True,light,True,True,True,0.0,0.0
NYC,2024-08-23,True,light,True,True,True,0.0,0.0
NYC,2024-08-24,True,light,True,True,True,0.0,0.0
NYC,2024-08-25,True,light,True,True,True,0.0,0.0
NYC,2024-08-26,True,light,True,True,True,0.0,0.0
NYC,2024-08-27,True,light,True,True,True,0.0,0.0
NYC,2024-08-28,True,light,True,True,True,0.0,0.0
NYC,2024-08-29,True,light,True,True,True,0.0,0.0
NYC,2024-08-30,False,,True,True,True,74.6,82.9
NYC,2024-08-31,True,light,True,True,True,0.0,0.0
NYC,2024-09-01,False,,False,False,False,853.7,262.1
NYC,2024-09-02,False,,False,False,False,961.0,257.4
NYC,2024-09-03,True,light,True,True,True,0.0,0.0
NYC,2024-09-04,True,medium,True,True,True,0.0,0.0
NYC,2024-09-05,True,light,True,True,True,0.0,0.0
NYC,2024-09-06,True,light,True,True,True,0.0,0.0
NYC,2024-09-07,True,light,True,True,True,0.0,0.0
NYC,2024-09-08,True,light,True,True,True,0.0,0.0
NYC,2024-09-09,True,light,True,True,True,0.0,0.0
NYC,2024-09-10,True,light,True,True,True,0.0,0.0
NYC,2024-09-11,True,light,True,True,True,0.0,0.0
NYC,2024-09-12,True,medium,True,True,True,0.0,0.0
NYC,2024-09-13,True,medium,True,True,True,0.0,0.0
NYC,2024-09-14,True,light,True,True,True,0.0,0.0
NYC,2024-09-15,True,light,True,True,True,0.0,0.0
NYC,2024-09-16,False,,True,True,True,25.8,32.7
NYC,2024-09-17,True,light,True,True,True,0.0,0.0
NYC,2024-09-18,False,,True,True,True,79.3,0.6
NYC,2024-09-19,True,light,True,True,True,0.0,0.0
NYC,2024-09-20,True,light,True,True,True,0.0,0.0
NYC,2024-09-21,True,light,True,True,True,0.0,0.0
NYC,2024-09-22,True,light,True,True,True,0.0,0.0
NYC,2024-09-23,False,,False,True,True,200.7,190.3
NYC,2024-09-24,False,,False,True,True,246.5,181.7
NYC,2024-09-25,False,,False,False,True,359.8,213.3
NYC,2024-09-26,False,,False,False,False,2133.5,284.5
NYC,2024-09-27,False,,False,False,False,1551.1,304.0
NYC,2024-09-28,False,,False,False,False,1120.9,308.5
NYC,2024-09-29,False,,False,False,False,1565.6,294.7
NYC,2024-09-30,False,,False,False,False,657.4,337.2
NYC,2024-10-01,False,,False,False,True,368.9,314.9
NYC,2024-10-02,False,,False,False,False,784.1,277.9
NYC,2024-10-03,True,light,True,True,True,0.0,0.0
NYC,2024-10-04,True,light,True,True,True,0.0,0.0
NYC,2024-10-05,False,,False,False,False,689.4,340.6
NYC,2024-10-06,False,,False,True,True,285.0,290.5
NYC,2024-10-07,True,light,True,True,True,0.0,0.0
NYC,2024-10-08,False,,False,False,True,438.3,166.9
NYC,2024-10-09,False,,False,False,True,384.7,221.8
NYC,2024-10-10,False,,False,False,True,407.8,224.7
NYC,2024-10-11,True,light,True,True,True,0.0,0.0
NYC,2024-10-12,True,light,True,True,True,0.0,0.0
NYC,2024-10-13,True,light,True,True,True,0.0,0.0
NYC,2024-10-14,False,,False,True,True,183.4,141.8
NYC,2024-10-15,False,,False,False,False,684.1,157.7
NYC,2024-10-16,False,,False,False,True,340.9,155.7
NYC,2024-10-17,False,,False,False,True,496.2,309.9
NYC,2024-10-18,True,light,True,True,True,0.0,0.0
NYC,2024-10-19,True,light,True,True,True,0.0,0.0
NYC,2024-10-20,True,light,True,True,True,0.0,0.0
NYC,2024-10-21,True,light,True,True,True,0.0,0.0
NYC,2024-10-22,True,light,True,True,True,0.0,0.0
NYC,2024-10-23,True,light,True,True,True,0.0,0.0
NYC,2024-10-24,True,light,True,True,True,0.0,0.0
NYC,2024-10-25,True,light,True,True,True,0.0,0.0
NYC,2024-10-26,False,,True,True,True,9.8,226.0
NYC,2024-10-27,False,,True,True,True,69.6,197.9
NYC,2024-10-28,True,light,True,True,True,0.0,0.0
NYC,2024-10-29,False,,True,True,True,41.4,266.8
NYC,2024-10-30,True,light,True,True,True,0.0,0.0
NYC,2024-10-31,False,,False,False,False,1354.7,212.1
NYC,2024-11-01,False,,False,True,True,220.3,140.1
NYC,2024-11-02,False,,False,True,True,119.7,259.2
NYC,2024-11-03,False,,False,True,True,128.9,267.4
NYC,2024-11-04,False,,False,True,True,131.2,273.0
NYC,2024-11-05,False,,False,True,True,151.1,237.6
NYC,2024-11-06,False,,False,False,False,1400.0,236.9
NYC,2024-11-07,False,,False,False,False,1984.6,233.5
NYC,2024-11-08,False,,True,True,True,14.9,21.6
NYC,2024-11-09,True,light,True,True,True,0.0,0.0
NYC,2024-11-10,False,,False,False,False,2392.6,231.8
NYC,2024-11-11,False,,False,True,True,170.7,194.2
NYC,2024-11-12,False,,False,False,False,680.8,244.5
NYC,2024-11-13,False,,True,True,True,27.5,290.7
NYC,2024-11-14,False,,False,False,False,1400.8,226.0
NYC,2024-11-15,True,light,True,True,True,0.0,0.0
NYC,2024-11-16,False,,False,False,False,1239.4,214.9
NYC,2024-11-17,True,light,True,True,True,0.0,0.0
NYC,2024-11-18,False,,False,False,True,321.0,50.5
NYC,2024-11-19,False,,True,True,True,85.8,80.5
NYC,2024-11-20,False,,False,False,False,1926.4,231.4
NYC,2024-11-21,False,,False,False,False,1256.3,216.0
NYC,2024-11-22,False,,False,False,False,1204.2,206.5
NYC,2024-11-23,False,,False,False,False,1110.2,221.1
NYC,2024-11-24,False,,False,False,False,1224.5,221.4
NYC,2024-11-25,False,,False,True,True,219.1,231.4
NYC,2024-11-26,False,,False,False,False,1274.7,239.5
NYC,2024-11-27,False,,False,False,False,504.1,159.6
NYC,2024-11-28,False,,False,False,False,1243.7,218.0
NYC,2024-11-29,False,,False,False,False,848.4,222.3
NYC,2024-11-30,False,,False,True,True,138.4,245.7
NYC,2024-12-01,False,,False,False,False,1014.2,220.7
NYC,2024-12-02,False,,False,False,True,397.4,221.4
NYC,2024-12-03,False,,False,False,False,506.9,215.8
NYC,2024-12-04,False,,False,False,True,434.6,196.1
NYC,2024-12-05,False,,False,False,True,378.2,202.9
NYC,2024-12-06,False,,False,False,False,634.1,205.2
NYC,2024-12-07,False,,False,True,True,223.3,184.8
NYC,2024-12-08,False,,False,False,True,455.7,229.4
NYC,2024-12-09,False,,False,False,False,1503.3,204.8
NYC,2024-12-10,False,,False,False,False,1621.7,200.7
NYC,2024-12-11,False,,False,False,False,1619.0,235.5
NYC,2024-12-12,False,,False,False,False,1616.9,200.2
NYC,2024-12-13,False,,False,False,False,3031.8,218.1
NYC,2024-12-14,False,,False,False,True,351.3,191.0
NYC,2024-12-15,False,,False,False,False,1942.8,232.0
NYC,2024-12-16,False,,False,False,False,1088.3,216.5
NYC,2024-12-17,False,,False,False,False,1372.5,225.2
NYC,2024-12-18,False,,False,False,False,1237.5,215.6
NYC,2024-12-19,False,,False,False,True,476.1,223.3
NYC,2024-12-20,False,,False,False,False,1090.1,218.2
NYC,2024-12-21,False,,False,False,False,1162.8,213.1
NYC,2024-12-22,False,,False,False,False,852.2,211.0
NYC,2024-12-23,False,,False,False,False,1057.8,223.8
NYC,2024-12-24,False,,False,False,False,1198.8,216.3
NYC,2024-12-25,False,,False,False,False,2157.5,235.9
NYC,2024-12-26,False,,False,False,False,2007.5,228.4
NYC,2024-12-27,False,,False,False,False,1760.9,223.7
NYC,2024-12-28,False,,False,False,False,2117.0,233.6
NYC,2024-12-29,False,,False,False,False,1843.0,217.0
NYC,2024-12-30,False,,False,False,False,1379.0,221.2
NYC,2024-12-31,False,,False,False,False,1844.9,233.6
NYC,2025-01-01,False,,False,False,False,1087.6,212.2
NYC,2025-01-02,False,,False,False,False,736.9,210.4
NYC,2025-01-03,False,,False,False,False,697.5,214.8
NYC,2025-01-04,False,,False,False,False,748.5,215.5
NYC,2025-01-05,False,,False,False,False,2722.9,223.8
NYC,2025-01-06,False,,False,False,False,2528.5,214.8
NYC,2025-01-07,False,,False,False,False,1139.3,217.9
NYC,2025-01-08,False,,False,False,False,703.9,211.6
NYC,2025-01-09,False,,False,False,False,718.7,201.9
NYC,2025-01-10,False,,False,False,False,1549.5,203.3
NYC,2025-01-11,False,,False,False,False,1512.2,237.4
NYC,2025-01-12,False,,False,False,False,1554.1,202.2
NYC,2025-01-13,False,,False,False,False,1515.7,197.2
NYC,2025-01-14,False,,False,False,False,751.8,210.0
NYC,2025-01-15,False,,False,False,False,723.3,212.3
NYC,2025-01-16,False,,False,False,False,510.9,187.0
NYC,2025-01-17,False,,False,False,False,881.6,217.8
NYC,2025-01-18,False,,False,False,False,1000.8,249.0
NYC,2025-01-19,False,,False,False,False,1845.8,237.6
NYC,2025-01-20,False,,False,False,False,959.5,214.0
NYC,2025-01-21,False,,False,False,False,1877.3,243.4
NYC,2025-01-22,False,,False,False,False,1403.2,237.8
NYC,2025-01-23,False,,False,False,False,1315.4,234.2
NYC,2025-01-24,False,,False,False,False,1085.0,228.0
NYC,2025-01-25,False,,False,False,False,978.2,228.1
NYC,2025-01-26,False,,False,False,False,618.2,252.1
NYC,2025-01-27,False,,False,False,False,1153.5,248.1
NYC,2025-01-28,False,,False,False,False,1130.9,248.6
NYC,2025-01-29,False,,False,False,False,684.4,212.8
NYC,2025-01-30,False,,False,False,False,1341.2,209.6
NYC,2025-01-31,False,,False,False,False,1316.2,206.1
NYC,2025-02-01,False,,False,False,False,1582.6,200.7
NYC,2025-02-02,False,,False,False,False,721.8,218.2
NYC,2025-02-03,False,,False,False,False,647.1,217.8
NYC,2025-02-04,False,,False,False,True,326.4,180.0
NYC,2025-02-05,False,,False,False,False,1125.7,210.7
NYC,2025-02-06,False,,False,False,False,755.2,196.3
NYC,2025-02-07,False,,False,False,False,599.5,183.1
NYC,2025-02-08,False,,False,False,False,839.8,180.0
NYC,2025-02-09,False,,False,False,True,421.7,173.0
NYC,2025-02-10,False,,False,False,False,743.6,186.8
NYC,2025-02-11,False,,False,False,False,1401.4,203.5
NYC,2025-02-12,False,,False,False,False,1112.2,213.9
NYC,2025-02-13,False,,False,False,False,1918.7,219.8
NYC,2025-02-14,False,,False,False,False,1512.5,206.5
NYC,2025-02-15,False,,False,False,False,1641.4,200.0
NYC,2025-02-16,False,,False,False,False,2113.7,234.2
NYC,2025-02-17,False,,False,False,False,876.1,207.1
NYC,2025-02-18,False,,False,False,False,2284.0,225.8
NYC,2025-02-19,False,,False,False,False,1915.0,188.5
NYC,2025-02-20,False,,False,False,False,1281.3,231.1
NYC,2025-02-21,False,,False,False,False,970.7,209.1
NYC,2025-02-22,False,,False,False,False,1183.8,222.4
NYC,2025-02-23,False,,False,False,False,1599.5,201.0
NYC,2025-02-24,False,,False,False,True,444.5,167.3
NYC,2025-02-25,False,,False,True,True,209.9,173.6
NYC,2025-02-26,False,,False,False,True,326.9,172.0
NYC,2025-02-27,False,,False,False,True,337.7,155.3
NYC,2025-02-28,False,,False,False,False,611.1,213.5
NYC,2025-03-01,False,,True,True,True,86.8,147.6
NYC,2025-03-02,False,,False,False,False,565.9,154.3
NYC,2025-03-03,False,,False,True,True,130.3,241.2
NYC,2025-03-04,False,,False,False,False,1774.6,237.3
NYC,2025-03-05,False,,False,False,False,1992.0,231.1
NYC,2025-03-06,False,,False,False,False,781.5,214.1
NYC,2025-03-07,False,,False,False,False,586.1,249.1
NYC,2025-03-08,False,,False,True,True,109.9,82.1
NYC,2025-03-09,False,,False,False,False,960.1,249.3
NYC,2025-03-10,False,,False,True,True,149.6,180.0
NYC,2025-03-11,True,light,True,True,True,0.0,0.0
NYC,2025-03-12,False,,False,True,True,149.7,215.5
NYC,2025-03-13,True,light,True,True,True,0.0,0.0
NYC,2025-03-14,False,,False,False,False,836.8,216.8
NYC,2025-03-15,False,,False,False,False,1454.5,213.7
NYC,2025-03-16,False,,False,False,False,1503.2,215.0
NYC,2025-03-17,False,,False,False,False,666.5,200.3
NYC,2025-03-18,False,,False,False,True,464.5,223.3
NYC,2025-03-19,False,,False,True,True,260.8,276.2
NYC,2025-03-20,False,,False,False,False,822.4,225.7
NYC,2025-03-21,False,,False,False,False,578.6,220.1
NYC,2025-03-22,False,,False,False,True,338.8,223.4
NYC,2025-03-23,False,,False,False,False,847.6,229.5
NYC,2025-03-24,False,,False,False,False,1593.0,201.0
NYC,2025-03-25,False,,False,False,False,746.7,207.8
NYC,2025-03-26,False,,False,False,True,337.3,211.8
NYC,2025-03-27,False,,False,False,True,399.7,222.4
NYC,2025-03-28,False,,False,False,False,764.4,228.8
NYC,2025-03-29,False,,False,False,False,857.6,231.3
NYC,2025-03-30,False,,False,False,False,1153.1,270.8
NYC,2025-03-31,False,,False,False,False,1401.5,276.1
NYC,2025-04-01,False,,False,False,False,747.6,212.7
NYC,2025-04-02,False,,True,True,True,25.0,347.1
NYC,2025-04-03,False,,False,False,False,854.1,209.0
NYC,2025-04-04,False,,False,False,False,1047.2,225.0
NYC,2025-04-05,False,,False,False,False,1328.4,219.3
NYC,2025-04-06,False,,False,False,False,1204.1,281.5
NYC,2025-04-07,False,,False,True,True,295.0,333.9
NYC,2025-04-08,False,,False,True,True,115.2,224.5
NYC,2025-04-09,False,,False,False,True,331.2,248.8
NYC,2025-04-10,False,,False,False,True,312.1,218.6
NYC,2025-04-11,False,,False,False,False,704.1,197.6
NYC,2025-04-12,False,,False,False,False,884.6,222.6
NYC,2025-04-13,False,,False,False,False,833.0,242.9
NYC,2025-04-14,True,light,True,True,True,0.0,0.0
NYC,2025-04-15,False,,False,True,True,177.6,121.7
NYC,2025-04-16,False,,False,False,False,774.4,215.2
NYC,2025-04-17,False,,False,True,True,160.2,270.0
NYC,2025-04-18,False,,True,True,True,85.8,174.7
NYC,2025-04-19,True,light,True,True,True,0.0,0.0
NYC,2025-04-20,True,light,True,True,True,0.0,0.0
NYC,2025-04-21,False,,False,False,False,1307.1,278.4
NYC,2025-04-22,False,,False,False,False,1173.3,286.5
NYC,2025-04-23,False,,True,True,True,10.0,180.0
NYC,2025-04-24,False,,True,True,True,96.8,190.2
NYC,2025-04-25,False,,False,False,False,1400.2,206.7
NYC,2025-04-26,False,,False,False,False,1188.8,222.6
NYC,2025-04-27,False,,False,True,True,126.6,214.6
NYC,2025-04-28,False,,False,False,True,406.5,168.7
NYC,2025-04-29,True,light,True,True,True,0.0,0.0
NYC,2025-04-30,True,light,True,True,True,0.0,0.0
NYC,2025-05-01,False,,True,True,True,57.2,149.4
NYC,2025-05-02,False,,False,False,False,1135.9,214.4
NYC,2025-05-03,False,,False,False,False,626.5,205.9
NYC,2025-05-04,False,,False,False,False,906.2,209.5
NYC,2025-05-05,False,,False,False,False,775.9,198.7
NYC,2025-05-06,False,,False,False,False,544.0,210.1
NYC,2025-05-07,True,light,True,True,True,0.0,0.0
NYC,2025-05-08,False,,False,False,False,659.6,272.8
NYC,2025-05-09,False,,False,False,False,1088.3,315.0
NYC,2025-05-10,False,,True,True,True,54.6,350.1
NYC,2025-05-11,True,medium,True,True,True,0.0,0.0
NYC,2025-05-12,False,,True,True,True,78.4,27.7
NYC,2025-05-13,False,,False,True,True,164.6,32.1
NYC,2025-05-14,False,,False,False,True,330.8,34.7
NYC,2025-05-15,False,,False,False,False,868.6,25.5
NYC,2025-05-16,False,,False,False,False,734.7,264.4
NYC,2025-05-17,False,,False,False,False,1293.6,219.5
NYC,2025-05-18,False,,False,False,False,1631.2,201.4
NYC,2025-05-19,False,,False,False,False,712.5,211.3
NYC,2025-05-20,False,,False,False,True,458.0,186.8
NYC,2025-05-21,False,,False,False,False,628.7,181.7
NYC,2025-05-22,False,,False,False,False,1032.6,215.5
NYC,2025-05-23,False,,False,False,False,1094.9,208.1
NYC,2025-05-24,False,,False,False,False,564.2,165.6
NYC,2025-05-25,False,,False,False,False,1154.4,214.2
NYC,2025-05-26,False,,False,False,False,696.3,38.4
NYC,2025-05-27,False,,False,False,False,599.8,0.0
NYC,2025-05-28,False,,False,False,True,323.5,32.2
NYC,2025-05-29,False,,False,False,False,966.8,337.9
NYC,2025-05-30,False,,False,False,True,364.8,308.8
NYC,2025-05-31,True,light,True,True,True,0.0,0.0
NYC,2025-06-01,True,heavy,True,True,True,0.0,0.0
NYC,2025-06-02,True,heavy,True,True,True,0.0,0.0
NYC,2025-06-03,True,medium,True,True,True,0.0,0.0
NYC,2025-06-04,True,light,True,True,True,0.0,0.0
NYC,2025-06-05,True,medium,True,True,True,0.0,0.0
NYC,2025-06-06,True,medium,True,True,True,0.0,0.0
NYC,2025-06-07,True,light,True,True,True,0.0,0.0
NYC,2025-06-08,True,light,True,True,True,0.0,0.0
NYC,2025-06-09,False,,False,False,False,528.1,2.0
NYC,2025-06-10,True,light,True,True,True,0.0,0.0
NYC,2025-06-11,True,light,True,True,True,0.0,0.0
NYC,2025-06-12,True,light,True,True,True,0.0,0.0
NYC,2025-06-13,True,light,True,True,True,0.0,0.0
NYC,2025-06-14,False,,False,True,True,102.3,346.6
NYC,2025-06-15,False,,False,True,True,103.7,8.4
NYC,2025-06-16,False,,False,True,True,263.1,27.5
NYC,2025-06-17,False,,False,False,True,425.5,339.3
NYC,2025-06-18,False,,False,False,False,782.9,334.7
NYC,2025-06-19,True,light,True,True,True,0.0,0.0
NYC,2025-06-20,True,light,True,True,True,0.0,0.0
NYC,2025-06-21,True,light,True,True,True,0.0,0.0
NYC,2025-06-22,True,light,True,True,True,0.0,0.0
NYC,2025-06-23,True,light,True,True,True,0.0,0.0
NYC,2025-06-24,True,light,True,True,True,0.0,0.0
NYC,2025-06-25,True,light,True,True,True,0.0,0.0
NYC,2025-06-26,True,light,True,True,True,0.0,0.0
NYC,2025-06-27,False,,False,False,False,654.0,277.5
NYC,2025-06-28,True,light,True,True,True,0.0,0.0
NYC,2025-06-29,False,,True,True,True,20.6,149.2
NYC,2025-06-30,True,light,True,True,True,0.0,0.0
NYC,2025-07-01,False,,False,True,True,252.0,326.8
NYC,2025-07-02,False,,True,True,True,94.8,333.8
NYC,2025-07-03,True,medium,True,True,True,0.0,0.0
NYC,2025-07-04,True,medium,True,True,True,0.0,0.0
NYC,2025-07-05,True,heavy,True,True,True,0.0,0.0
NYC,2025-07-06,True,light,True,True,True,0.0,0.0
NYC,2025-07-07,True,light,True,True,True,0.0,0.0
NYC,2025-07-08,True,light,True,True,True,0.0,0.0
NYC,2025-07-09,True,light,True,True,True,0.0,0.0
NYC,2025-07-10,True,light,True,True,True,0.0,0.0
NYC,2025-07-11,False,,False,False,True,388.6,6.7
NYC,2025-07-12,True,light,True,True,True,0.0,0.0
NYC,2025-07-13,False,,False,True,True,205.7,346.0
NYC,2025-07-14,False,,False,False,True,325.1,314.7
NYC,2025-07-15,True,light,True,True,True,0.0,0.0
NYC,2025-07-16,True,light,True,True,True,0.0,0.0
NYC,2025-07-17,True,light,True,True,True,0.0,0.0
NYC,2025-07-18,True,light,True,True,True,0.0,0.0
NYC,2025-07-19,True,light,True,True,True,0.0,0.0
NYC,2025-07-20,False,,False,True,True,285.6,358.8
NYC,2025-07-21,True,light,True,True,True,0.0,0.0
NYC,2025-07-22,True,light,True,True,True,0.0,0.0
NYC,2025-07-23,True,light,True,True,True,0.0,0.0
NYC,2025-07-24,False,,True,True,True,2.0,325.8
NYC,2025-07-25,False,,False,True,True,299.3,356.0
NYC,2025-07-26,True,light,True,True,True,0.0,0.0
NYC,2025-07-27,True,light,True,True,True,0.0,0.0
NYC,2025-07-28,True,light,True,True,True,0.0,0.0
NYC,2025-07-29,True,medium,True,True,True,0.0,0.0
NYC,2025-07-30,True,light,True,True,True,0.0,0.0
NYC,2025-07-31,True,light,True,True,True,0.0,0.0
NYC,2025-08-01,False,,True,True,True,2.6,349.5
NYC,2025-08-02,True,light,True,True,True,0.0,0.0
NYC,2025-08-03,True,light,True,True,True,0.0,0.0
NYC,2025-08-04,True,medium,True,True,True,0.0,0.0
NYC,2025-08-05,True,heavy,True,True,True,0.0,0.0
NYC,2025-08-06,True,medium,True,True,True,0.0,0.0
NYC,2025-08-07,True,medium,True,True,True,0.0,0.0
NYC,2025-08-08,True,light,True,True,True,0.0,0.0
NYC,2025-08-09,True,light,True,True,True,0.0,0.0
NYC,2025-08-10,True,medium,True,True,True,0.0,0.0
NYC,2025-08-11,True,medium,True,True,True,0.0,0.0
NYC,2025-08-12,True,light,True,True,True,0.0,0.0
NYC,2025-08-13,True,light,True,True,True,0.0,0.0
NYC,2025-08-14,False,,False,True,True,240.5,339.8
NYC,2025-08-15,True,light,True,True,True,0.0,0.0
NYC,2025-08-16,True,light,True,True,True,0.0,0.0
NYC,2025-08-17,True,light,True,True,True,0.0,0.0
NYC,2025-08-18,True,light,True,True,True,0.0,0.0
NYC,2025-08-19,True,light,True,True,True,0.0,0.0
NYC,2025-08-20,True,light,True,True,True,0.0,0.0
NYC,2025-08-21,False,,False,False,False,793.3,56.2
NYC,2025-08-22,False,,False,False,False,624.1,335.2
NYC,2025-08-23,False,,False,True,True,191.4,276.0
NYC,2025-08-24,True,light,True,True,True,0.0,0.0
NYC,2025-08-25,True,light,True,True,True,0.0,0.0
NYC,2025-08-26,False,,False,False,False,576.9,178.8
NYC,2025-08-27,False,,False,False,True,355.4,177.6
NYC,2025-08-28,False,,False,False,True,341.2,144.9
NYC,2025-08-29,True,light,True,True,True,0.0,0.0
NYC,2025-08-30,False,,True,True,True,38.0,264.6
NYC,2025-08-31,False,,False,False,False,636.0,309.5
NYC,2025-09-01,False,,False,False,True,435.4,63.3
NYC,2025-09-02,False,,False,True,True,133.3,349.7
NYC,2025-09-03,False,,False,False,False,565.8,219.9
NYC,2025-09-04,False,,False,True,True,262.6,271.5
NYC,2025-09-05,True,heavy,True,True,True,0.0,0.0
NYC,2025-09-06,True,medium,True,True,True,0.0,0.0
NYC,2025-09-07,False,,True,True,True,85.3,313.6
NYC,2025-09-08,False,,False,False,True,474.0,279.6
NYC,2025-09-09,True,light,True,True,True,0.0,0.0
NYC,2025-09-10,False,,False,True,True,263.8,5.1
NYC,2025-09-11,True,light,True,True,True,0.0,0.0
NYC,2025-09-12,False,,False,True,True,197.4,165.8
NYC,2025-09-13,True,light,True,True,True,0.0,0.0
NYC,2025-09-14,False,,False,False,True,312.9,318.0
NYC,2025-09-15,False,,False,True,True,174.5,345.2
NYC,2025-09-16,False,,False,True,True,241.1,326.8
NYC,2025-09-17,False,,True,True,True,95.4,332.9
NYC,2025-09-18,True,light,True,True,True,0.0,0.0
NYC,2025-09-19,True,light,True,True,True,0.0,0.0
NYC,2025-09-20,True,light,True,True,True,0.0,0.0
NYC,2025-09-21,False,,True,True,True,4.5,305.3
NYC,2025-09-22,True,light,True,True,True,0.0,0.0
NYC,2025-09-23,True,light,True,True,True,0.0,0.0
NYC,2025-09-24,True,light,True,True,True,0.0,0.0
NYC,2025-09-25,False,,True,True,True,10.9,193.2
NYC,2025-09-26,False,,False,False,True,427.3,317.8
NYC,2025-09-27,False,,False,False,False,509.9,292.1
NYC,2025-09-28,False,,False,False,True,326.7,325.4
NYC,2025-09-29,False,,False,False,True,440.9,354.9
NYC,2025-09-30,False,,True,True,True,53.0,351.7
NYC,2025-10-01,False,,False,False,False,530.4,331.4
NYC,2025-10-02,False,,False,False,False,1053.4,313.4
NYC,2025-10-03,True,light,True,True,True,0.0,0.0
NYC,2025-10-04,True,light,True,True,True,0.0,0.0
NYC,2025-10-05,True,light,True,True,True,0.0,0.0
NYC,2025-10-06,True,light,True,True,True,0.0,0.0
NYC,2025-10-07,False,,False,True,True,185.9,135.4
NYC,2025-10-08,False,,False,False,False,1319.4,250.8
NYC,2025-10-09,False,,False,False,False,594.4,211.1
NYC,2025-10-10,False,,False,False,False,804.3,242.7
NYC,2025-10-11,False,,False,True,True,298.0,287.2
NYC,2025-10-12,False,,False,False,False,728.5,258.1
NYC,2025-10-13,False,,False,False,False,509.7,257.3
NYC,2025-10-14,False,,False,False,False,994.7,218.5
NYC,2025-10-15,False,,False,False,False,762.7,222.4
NYC,2025-10-16,False,,False,False,False,568.3,223.3
NYC,2025-10-17,False,,False,False,False,930.1,222.7
NYC,2025-10-18,False,,False,False,True,457.2,220.6
NYC,2025-10-19,True,light,True,True,True,0.0,0.0
NYC,2025-10-20,False,,False,False,False,768.1,215.8
NYC,2025-10-21,False,,False,False,True,479.5,194.5
NYC,2025-10-22,False,,False,False,True,351.5,108.8
NYC,2025-10-23,False,,False,False,False,667.5,167.2
NYC,2025-10-24,False,,False,False,True,364.3,179.2
NYC,2025-10-25,False,,False,False,False,1117.2,220.8
NYC,2025-10-26,False,,False,False,False,2182.6,246.2
NYC,2025-10-27,False,,False,False,False,1428.4,284.8
NYC,2025-10-28,False,,False,False,False,1607.0,201.9
NYC,2025-10-29,False,,False,False,False,1535.0,201.9
NYC,2025-10-30,False,,False,False,False,1361.7,204.9
NYC,2025-10-31,False,,False,False,False,1165.7,217.4
NYC,2025-11-01,False,,False,False,False,1179.3,219.4
NYC,2025-11-02,False,,False,False,False,1343.5,222.5
NYC,2025-11-03,False,,False,False,False,1002.9,59.9
NYC,2025-11-04,False,,False,False,True,337.4,257.8
NYC,2025-11-05,False,,False,False,False,839.2,216.6
NYC,2025-11-06,False,,False,False,True,440.6,173.8
NYC,2025-11-07,False,,False,False,False,999.4,206.7
NYC,2025-11-08,False,,False,False,True,427.3,153.3
NYC,2025-11-09,False,,False,False,True,305.0,192.7
NYC,2025-11-10,False,,False,False,False,1752.8,229.3
NYC,2025-11-11,False,,False,False,False,533.4,229.1
NYC,2025-11-12,False,,False,False,True,380.7,219.0
NYC,2025-11-13,False,,False,False,False,835.5,207.3
NYC,2025-11-14,False,,False,False,False,776.0,222.6
NYC,2025-11-15,False,,False,False,False,671.0,217.0
NYC,2025-11-16,False,,False,False,True,445.7,187.6
NYC,2025-11-17,False,,False,False,True,489.2,211.7
NYC,2025-11-18,False,,False,False,False,509.2,220.6
NYC,2025-11-19,False,,False,False,False,712.9,205.3
NYC,2025-11-20,False,,False,False,False,660.0,193.6
NYC,2025-11-21,False,,False,False,False,1089.6,223.2
NYC,2025-11-22,False,,False,False,False,809.0,203.1
NYC,2025-11-23,False,,False,False,False,1101.0,196.8
NYC,2025-11-24,False,,False,False,False,574.7,219.8
NYC,2025-11-25,False,,False,False,False,1119.3,216.0
NYC,2025-11-26,False,,False,False,False,636.7,196.3
NYC,2025-11-27,False,,False,False,False,1349.6,225.6
NYC,2025-11-28,False,,False,False,False,771.9,211.7
NYC,2025-11-29,False,,False,False,False,759.5,205.3
NYC,2025-11-30,False,,False,False,False,1079.3,213.6
NYC,2025-12-01,False,,False,False,False,2227.7,215.1
NYC,2025-12-02,False,,False,False,False,2001.3,247.2
NYC,2025-12-03,False,,False,False,False,1404.8,212.9
NYC,2025-12-04,False,,False,False,False,1426.7,204.9
NYC,2025-12-05,False,,False,False,False,1440.9,199.5
NYC,2025-12-06,False,,False,False,False,1485.5,307.1
NYC,2025-12-07,False,,False,False,False,1478.8,215.5
NYC,2025-12-08,False,,False,False,False,1470.9,207.9
NYC,2025-12-09,False,,False,False,False,1127.4,224.6
NYC,2025-12-10,False,,False,False,False,1288.1,215.5
NYC,2025-12-11,False,,False,False,False,728.2,212.7
NYC,2025-12-12,False,,False,False,False,708.7,194.6
NYC,2025-12-13,False,,False,False,False,685.4,197.9
NYC,2025-12-14,False,,False,False,False,920.5,200.6
NYC,2025-12-15,False,,False,False,False,1065.6,218.1
NYC,2025-12-16,False,,False,False,False,896.5,222.2
NYC,2025-12-17,False,,False,False,False,1069.2,223.3
NYC,2025-12-18,True,light,True,True,True,0.0,0.0
NYC,2025-12-19,False,,False,False,False,1247.1,207.0
NYC,2025-12-20,False,,False,False,False,1076.2,217.6
NYC,2025-12-21,False,,False,False,False,1143.9,217.9
NYC,2025-12-22,False,,False,False,False,952.3,211.8
NYC,2025-12-23,False,,False,False,False,739.7,180.0
NYC,2025-12-24,False,,False,False,False,1024.9,192.5
NYC,2025-12-25,False,,False,False,False,1131.4,214.5
NYC,2025-12-26,False,,False,False,False,1107.5,215.3
NYC,2025-12-27,False,,False,False,False,791.4,219.3
NYC,2025-12-28,False,,False,False,False,2045.2,231.3
NYC,2025-12-29,False,,False,False,False,1401.3,195.8
NYC,2025-12-30,False,,False,False,False,631.4,217.0
NYC,2025-12-31,False,,False,False,False,647.5,216.6
NYC,2026-01-01,False,,False,False,False,661.8,196.9
NYC,2026-01-02,False,,False,False,False,1545.1,201.7
NYC,2026-01-03,False,,False,False,False,1296.9,238.2
NYC,2026-01-04,False,,False,False,True,424.4,224.1
NYC,2026-01-05,False,,False,False,False,1118.5,218.8
NYC,2026-01-06,False,,False,False,False,714.0,215.3
NYC,2026-01-07,False,,False,False,False,524.6,204.0
NYC,2026-01-08,False,,False,False,False,562.4,194.7
NYC,2026-01-09,False,,False,False,False,1255.1,216.3
NYC,2026-01-10,False,,False,False,False,1411.4,204.1
NYC,2026-01-11,False,,False,False,False,751.4,214.0
NYC,2026-01-12,False,,False,False,False,554.5,215.4
NYC,2026-01-13,False,,False,False,False,533.8,205.3
NYC,2026-01-14,False,,False,False,False,1689.0,249.4
NYC,2026-01-15,False,,False,False,False,755.1,214.5
NYC,2026-01-16,False,,False,False,False,523.0,208.7
NYC,2026-01-17,False,,False,True,True,192.1,182.6
NYC,2026-01-18,False,,False,False,False,1127.2,231.0
NYC,2026-01-19,False,,False,False,False,694.3,207.8
NYC,2026-01-20,False,,False,False,False,730.3,213.7
NYC,2026-01-21,False,,False,False,False,1185.8,260.4
NYC,2026-01-22,True,light,True,True,True,0.0,0.0
NYC,2026-01-23,False,,False,False,False,1152.8,214.5
NYC,2026-01-24,False,,False,False,False,1605.2,200.7
NYC,2026-01-25,False,,False,False,False,1272.5,200.8
NYC,2026-01-26,False,,False,False,False,1306.0,234.7
NYC,2026-01-27,False,,True,True,True,75.7,134.8
NYC,2026-01-28,False,,False,False,False,698.4,206.4
NYC,2026-01-29,False,,False,False,False,727.8,203.3
NYC,2026-01-30,False,,False,False,False,854.9,216.3
NYC,2026-01-31,False,,False,False,False,1081.1,214.9
NYC,2026-02-01,False,,False,False,False,1234.1,231.3
NYC,2026-02-02,False,,False,False,False,1115.0,229.4
NYC,2026-02-03,False,,False,False,False,1118.2,218.7
NYC,2026-02-04,False,,False,False,False,1269.5,204.2
NYC,2026-02-05,False,,False,False,False,536.3,254.5
NYC,2026-02-06,False,,False,False,False,1160.4,224.4
NYC,2026-02-07,False,,False,False,False,778.8,216.4
NYC,2026-02-08,False,,False,False,False,1035.9,209.5
NYC,2026-02-09,False,,False,False,False,724.6,213.6
NYC,2026-02-10,False,,False,False,False,582.8,193.0
NYC,2026-02-11,False,,False,False,False,1549.0,251.3
NYC,2026-02-12,False,,False,False,False,818.5,215.1
NYC,2026-02-13,False,,False,False,False,532.2,193.3
NYC,2026-02-14,False,,False,False,True,482.5,193.0
NYC,2026-02-15,False,,False,False,False,1351.5,204.6
NYC,2026-02-16,False,,False,False,False,1062.9,218.0
NYC,2026-02-17,False,,False,False,False,782.0,216.4
NYC,2026-02-18,False,,False,False,False,1504.7,256.6
NYC,2026-02-19,False,,False,False,False,1452.7,212.8
NYC,2026-02-20,False,,False,False,False,916.5,221.6
NYC,2026-02-21,False,,False,False,False,1391.0,205.4
NYC,2026-02-22,False,,False,False,False,709.2,231.6
NYC,2026-02-23,False,,False,False,False,848.9,216.2
NYC,2026-02-24,False,,False,False,False,698.2,201.4
NYC,2026-02-25,False,,False,False,False,740.6,262.6
NYC,2026-02-26,False,,False,False,False,1339.9,257.4
NYC,2026-02-27,False,,False,False,False,1060.0,232.0
NYC,2026-02-28,False,,False,False,False,1019.9,260.4
NYC,2026-03-01,False,,False,True,True,272.3,208.6
NYC,2026-03-02,False,,False,False,False,958.9,210.5
NYC,2026-03-03,False,,False,False,False,1188.1,234.5
NYC,2026-03-04,False,,False,False,False,711.3,212.9
NYC,2026-03-05,False,,False,True,True,151.1,171.5
NYC,2026-03-06,False,,False,False,True,359.7,185.7
NYC,2026-03-07,False,,False,False,False,544.3,195.4
NYC,2026-03-08,False,,False,False,False,1420.8,212.9
NYC,2026-03-09,False,,False,False,True,320.4,261.2
NYC,2026-03-10,False,,False,True,True,286.8,234.5
NYC,2026-03-11,False,,True,True,True,63.5,133.6
NYC,2026-03-12,False,,False,False,False,994.0,222.7
NYC,2026-03-13,False,,False,True,True,191.2,163.4
NYC,2026-03-14,False,,False,False,True,403.6,170.2
NYC,2026-03-15,False,,False,False,False,1326.9,215.9
NYC,2026-03-16,False,,False,False,False,1526.5,221.1
NYC,2026-03-17,False,,False,False,False,537.0,184.6
NYC,2026-03-18,False,,False,False,True,492.4,220.4
NYC,2026-03-19,False,,False,False,True,499.3,216.1
NYC,2026-03-20,False,,False,False,True,384.1,222.6
NYC,2026-03-21,False,,False,False,True,361.4,177.2
NYC,2026-03-22,False,,False,True,True,100.2,182.0
NYC,2026-03-23,False,,False,True,True,225.6,150.4
NYC,2026-03-24,False,,False,True,True,100.2,201.2
NYC,2026-03-25,False,,False,False,True,492.0,221.3
NYC,2026-03-26,True,light,True,True,True,0.0,0.0
NYC,2026-03-27,False,,False,False,True,342.4,181.6
NYC,2026-03-28,True,light,True,True,True,0.0,0.0
NYC,2026-03-29,False,,True,True,True,94.7,209.4
NYC,2026-03-30,False,,False,False,False,749.7,231.3
NYC,2026-03-31,False,,False,False,False,635.4,261.5
NYC,2026-04-01,True,light,True,True,True,0.0,0.0
NYC,2026-04-02,False,,True,True,True,89.7,190.8
NYC,2026-04-03,False,,False,False,True,430.8,234.4
NYC,2026-04-04,False,,True,True,True,4.4,154.9
NYC,2026-04-05,False,,False,False,False,1228.3,279.3
NYC,2026-04-06,False,,False,False,False,1276.8,251.9
NYC,2026-04-07,False,,False,False,True,397.5,220.6
NYC,2026-04-08,False,,False,False,True,317.8,257.8
NYC,2026-04-09,False,,False,False,True,301.4,66.8
NYC,2026-04-10,False,,False,True,True,289.9,219.8
NYC,2026-04-11,False,,True,True,True,11.1,163.5
NYC,2026-04-12,False,,False,True,True,210.3,204.6
NYC,2026-04-13,False,,False,False,False,789.4,210.2
NYC,2026-04-14,False,,False,False,True,459.2,235.3
NYC,2026-04-15,True,light,True,True,True,0.0,0.0
NYC,2026-04-16,False,,False,False,True,342.6,245.5
NYC,2026-04-17,False,,False,False,False,756.3,215.0
NYC,2026-04-18,False,,False,False,False,1235.8,210.7
NYC,2026-04-19,False,,False,False,False,873.5,252.9
NYC,2026-04-20,False,,False,False,False,805.1,296.5
NYC,2026-04-21,False,,False,True,True,223.2,295.1
NYC,2026-04-22,False,,False,False,True,424.4,305.4
NYC,2026-04-23,False,,True,True,True,70.8,189.7
NYC,2026-04-24,False,,False,True,True,186.7,180.0
NYC,2026-04-25,True,light,True,True,True,0.0,0.0
NYC,2026-04-26,False,,False,False,False,740.9,56.5
NYC,2026-04-27,False,,False,False,False,610.3,331.7
NYC,2026-04-28,False,,False,False,False,1182.0,242.5
NYC,2026-04-29,False,,False,False,False,1318.5,225.0
NYC,2026-04-30,False,,False,False,False,1563.3,198.0
NYC,2026-05-01,False,,False,False,False,1193.4,202.1
NYC,2026-05-02,False,,False,False,False,953.9,176.1
NYC,2026-05-03,False,,False,False,False,1190.6,225.9
NYC,2026-05-04,False,,False,True,True,152.0,292.4
NYC,2026-05-05,False,,False,False,False,911.7,219.1
NYC,2026-05-06,False,,False,False,False,889.2,210.3
NYC,2026-05-07,False,,False,False,False,1292.7,209.0
NYC,2026-05-08,False,,False,False,False,726.5,215.6
NYC,2026-05-09,False,,False,False,True,486.5,317.9
NYC,2026-05-10,False,,False,False,False,1151.8,227.9
NYC,2026-05-11,False,,False,False,False,1048.3,290.2
NYC,2026-05-12,False,,False,True,True,101.7,305.8
NYC,2026-05-13,False,,False,False,False,689.2,213.9
NYC,2026-05-14,False,,False,False,True,388.9,188.5
NYC,2026-05-15,False,,False,False,False,759.5,220.0
NYC,2026-05-16,False,,False,False,True,367.5,152.4
NYC,2026-05-17,False,,False,True,True,262.5,146.6
NYC,2026-05-18,False,,False,False,False,,
