city,date,smoke_overhead,smoke_density,within_100km,within_300km,within_500km,nearest_km,nearest_bearing
TOR,2018-01-01,False,,False,False,False,1386.0,242.4
TOR,2018-01-02,False,,False,False,False,1119.7,188.3
TOR,2018-01-03,False,,False,False,False,1066.7,198.5
TOR,2018-01-04,False,,False,False,False,906.1,183.2
TOR,2018-01-05,False,,False,False,False,885.5,230.8
TOR,2018-01-06,False,,False,False,False,943.2,216.5
TOR,2018-01-07,False,,False,False,False,1124.4,203.5
TOR,2018-01-08,False,,False,False,False,1347.6,245.8
TOR,2018-01-09,False,,False,False,False,1428.5,197.2
TOR,2018-01-10,False,,False,False,True,335.0,143.2
TOR,2018-01-11,False,,False,False,False,1737.4,185.1
TOR,2018-01-12,False,,False,False,False,1775.7,226.8
TOR,2018-01-13,False,,False,False,False,1505.8,231.2
TOR,2018-01-14,False,,False,False,False,1147.2,185.3
TOR,2018-01-15,False,,False,False,False,544.7,168.4
TOR,2018-01-16,False,,False,False,False,840.7,264.6
TOR,2018-01-17,False,,False,False,False,1128.0,240.6
TOR,2018-01-18,False,,False,False,False,1066.2,175.1
TOR,2018-01-19,False,,False,False,False,1034.8,197.1
TOR,2018-01-20,False,,False,False,False,913.5,189.4
TOR,2018-01-21,False,,False,False,False,902.9,179.0
TOR,2018-01-22,False,,False,False,False,1742.5,231.6
TOR,2018-01-23,False,,False,False,False,1208.0,186.4
TOR,2018-01-24,False,,False,False,False,902.8,181.5
TOR,2018-01-25,False,,False,False,False,805.4,188.5
TOR,2018-01-26,False,,False,False,False,563.0,166.4
TOR,2018-01-27,False,,False,False,False,1101.6,243.7
TOR,2018-01-28,False,,False,False,False,1529.6,234.2
TOR,2018-01-29,False,,False,False,False,1257.7,242.9
TOR,2018-01-30,False,,False,False,False,638.7,171.6
TOR,2018-01-31,False,,False,False,False,890.8,179.4
TOR,2018-02-01,False,,False,False,False,1034.8,174.4
TOR,2018-02-02,False,,False,False,False,883.0,250.7
TOR,2018-02-03,False,,False,False,False,1093.6,180.5
TOR,2018-02-04,False,,False,False,False,1074.4,253.5
TOR,2018-02-05,False,,False,False,False,1089.1,191.0
TOR,2018-02-06,False,,False,False,False,1065.6,174.6
TOR,2018-02-07,False,,False,False,False,1227.8,241.7
TOR,2018-02-08,False,,False,False,False,1063.6,234.3
TOR,2018-02-09,False,,False,False,False,903.2,178.5
TOR,2018-02-10,False,,False,False,False,1491.8,186.9
TOR,2018-02-11,False,,False,False,False,1368.4,249.4
TOR,2018-02-12,False,,False,False,False,1261.9,249.9
TOR,2018-02-13,False,,False,False,False,1228.9,251.2
TOR,2018-02-14,False,,False,False,False,1231.0,186.6
TOR,2018-02-15,False,,False,False,False,1057.7,184.7
TOR,2018-02-16,False,,False,False,False,971.1,174.8
TOR,2018-02-17,False,,False,False,False,1267.2,189.8
TOR,2018-02-18,False,,False,False,False,1000.3,182.6
TOR,2018-02-19,False,,False,False,False,1098.6,190.8
TOR,2018-02-20,False,,False,False,False,1544.7,200.6
TOR,2018-02-21,False,,False,False,False,1400.4,190.5
TOR,2018-02-22,False,,False,False,False,908.0,159.7
TOR,2018-02-23,False,,False,False,False,1001.2,190.4
TOR,2018-02-24,False,,False,False,False,858.0,159.3
TOR,2018-02-25,False,,False,False,False,959.3,166.5
TOR,2018-02-26,False,,False,False,True,374.8,262.3
TOR,2018-02-27,False,,False,False,False,646.7,155.0
TOR,2018-02-28,False,,False,False,False,566.0,134.4
TOR,2018-03-01,False,,False,False,False,1194.1,253.8
TOR,2018-03-02,False,,False,False,False,660.6,175.8
TOR,2018-03-03,False,,False,False,False,705.3,245.6
TOR,2018-03-04,False,,False,False,False,638.5,164.8
TOR,2018-03-05,False,,False,False,False,632.7,164.7
TOR,2018-03-06,False,,False,False,False,829.6,213.5
TOR,2018-03-07,False,,False,False,False,1170.9,179.5
TOR,2018-03-08,False,,False,False,False,995.1,236.2
TOR,2018-03-09,False,,False,False,False,625.8,164.5
TOR,2018-03-10,False,,False,False,False,557.1,159.6
TOR,2018-03-11,False,,False,False,True,467.1,238.5
TOR,2018-03-12,False,,False,False,False,932.1,248.0
TOR,2018-03-13,False,,False,False,False,947.9,243.8
TOR,2018-03-14,False,,False,False,False,681.4,258.9
TOR,2018-03-15,False,,False,False,False,671.6,241.8
TOR,2018-03-16,False,,False,False,False,659.0,176.9
TOR,2018-03-17,False,,False,False,False,595.9,137.8
TOR,2018-03-18,False,,False,True,True,266.4,239.3
TOR,2018-03-19,False,,False,False,False,576.3,136.0
TOR,2018-03-20,False,,False,False,False,1543.2,233.7
TOR,2018-03-21,False,,False,False,False,686.9,239.8
TOR,2018-03-22,False,,False,False,False,632.8,239.8
TOR,2018-03-23,False,,False,False,False,507.8,270.5
TOR,2018-03-24,False,,False,True,True,137.6,223.1
TOR,2018-03-25,False,,False,False,False,763.1,271.8
TOR,2018-03-26,False,,False,True,True,233.5,144.7
TOR,2018-03-27,False,,False,False,False,784.3,163.7
TOR,2018-03-28,False,,False,False,False,1060.9,170.9
TOR,2018-03-29,False,,False,False,False,619.0,162.1
TOR,2018-03-30,False,,False,False,False,1302.0,257.7
TOR,2018-03-31,False,,False,False,False,539.8,133.4
TOR,2018-04-01,False,,False,False,False,930.2,181.6
TOR,2018-04-02,False,,False,False,False,878.6,166.8
TOR,2018-04-03,False,,False,False,False,680.5,161.2
TOR,2018-04-04,False,,False,False,False,648.1,164.8
TOR,2018-04-05,False,,False,False,False,592.9,165.3
TOR,2018-04-06,False,,False,False,False,557.5,161.5
TOR,2018-04-07,False,,False,False,False,613.6,256.3
TOR,2018-04-08,False,,False,False,False,1493.7,252.4
TOR,2018-04-09,False,,False,False,False,576.5,106.9
TOR,2018-04-10,False,,False,False,False,644.3,164.3
TOR,2018-04-11,False,,False,False,False,559.0,202.4
TOR,2018-04-12,False,,False,False,False,562.4,193.1
TOR,2018-04-13,False,,False,False,True,362.5,198.9
TOR,2018-04-14,False,,False,False,True,406.7,160.4
TOR,2018-04-15,False,,False,False,False,887.6,235.8
TOR,2018-04-16,False,,False,False,False,1174.0,249.1
TOR,2018-04-17,False,,False,False,False,881.9,257.8
TOR,2018-04-18,False,,False,False,False,571.8,146.8
TOR,2018-04-19,False,,False,False,False,906.4,250.7
TOR,2018-04-20,False,,False,False,True,411.3,255.3
TOR,2018-04-21,False,,False,True,True,238.0,120.4
TOR,2018-04-22,False,,False,True,True,243.4,119.9
TOR,2018-04-23,False,,False,True,True,251.3,156.0
TOR,2018-04-24,False,,False,False,False,732.4,258.7
TOR,2018-04-25,False,,False,False,False,540.2,249.4
TOR,2018-04-26,False,,False,False,True,367.7,249.0
TOR,2018-04-27,False,,False,False,False,926.2,228.9
TOR,2018-04-28,False,,False,False,True,330.4,274.4
TOR,2018-04-29,False,,False,True,True,282.7,241.5
TOR,2018-04-30,False,,False,True,True,247.1,55.1
TOR,2018-05-01,False,,False,True,True,281.8,156.9
TOR,2018-05-02,False,,False,False,True,303.1,156.2
TOR,2018-05-03,False,,False,False,False,655.6,182.0
TOR,2018-05-04,False,,False,False,False,608.0,172.5
TOR,2018-05-05,False,,False,False,True,369.8,267.5
TOR,2018-05-06,False,,False,False,False,562.1,254.2
TOR,2018-05-07,False,,False,True,True,257.3,284.1
TOR,2018-05-08,False,,True,True,True,38.0,239.9
TOR,2018-05-09,False,,False,False,True,447.0,102.6
TOR,2018-05-10,False,,False,False,False,902.3,192.4
TOR,2018-05-11,False,,False,False,False,1064.8,188.5
TOR,2018-05-12,False,,False,False,False,1040.2,315.8
TOR,2018-05-13,False,,False,False,False,606.6,299.9
TOR,2018-05-14,False,,False,False,True,380.1,348.9
TOR,2018-05-15,False,,False,False,False,745.4,269.1
TOR,2018-05-16,False,,False,False,False,508.0,267.5
TOR,2018-05-17,False,,False,False,False,1234.5,282.7
TOR,2018-05-18,False,,False,False,False,621.4,57.7
TOR,2018-05-19,False,,False,False,False,1107.4,204.0
TOR,2018-05-20,False,,False,False,False,754.3,280.9
TOR,2018-05-21,False,,False,False,False,964.7,318.8
TOR,2018-05-22,False,,False,False,False,654.0,330.5
TOR,2018-05-23,True,medium,True,True,True,0.0,0.0
TOR,2018-05-24,True,medium,True,True,True,0.0,0.0
TOR,2018-05-25,False,,False,True,True,169.5,112.0
TOR,2018-05-26,False,,False,False,False,578.0,36.7
TOR,2018-05-27,False,,False,False,False,742.1,56.7
TOR,2018-05-28,False,,False,True,True,214.6,358.7
TOR,2018-05-29,False,,False,False,True,400.2,352.3
TOR,2018-05-30,False,,False,False,False,1128.7,227.9
TOR,2018-05-31,False,,False,False,False,1074.0,77.4
TOR,2018-06-01,False,,False,False,False,1068.0,261.1
TOR,2018-06-02,False,,False,False,False,968.6,62.3
TOR,2018-06-03,False,,False,False,False,722.0,51.2
TOR,2018-06-04,False,,False,False,False,884.8,188.4
TOR,2018-06-05,False,,False,False,False,717.1,283.4
TOR,2018-06-06,False,,False,False,False,950.7,229.4
TOR,2018-06-07,False,,False,False,False,814.1,166.0
TOR,2018-06-08,False,,False,False,False,844.6,171.0
TOR,2018-06-09,False,,False,False,False,893.3,221.1
TOR,2018-06-10,False,,False,False,False,830.3,162.4
TOR,2018-06-11,False,,False,False,False,940.4,225.9
TOR,2018-06-12,False,,False,False,False,977.8,205.4
TOR,2018-06-13,False,,False,False,False,840.4,162.8
TOR,2018-06-14,False,,False,False,False,558.0,292.4
TOR,2018-06-15,False,,False,True,True,299.7,251.6
TOR,2018-06-16,False,,False,True,True,258.4,237.6
TOR,2018-06-17,True,light,True,True,True,0.0,0.0
TOR,2018-06-18,False,,False,False,False,504.6,345.1
TOR,2018-06-19,False,,False,False,True,386.3,352.6
TOR,2018-06-20,True,light,True,True,True,0.0,0.0
TOR,2018-06-21,True,light,True,True,True,0.0,0.0
TOR,2018-06-22,False,,False,False,True,306.2,26.9
TOR,2018-06-23,False,,False,False,True,401.8,354.8
TOR,2018-06-24,True,light,True,True,True,0.0,0.0
TOR,2018-06-25,False,,False,False,True,397.1,351.4
TOR,2018-06-26,False,,False,False,False,569.3,18.6
TOR,2018-06-27,False,,False,True,True,222.1,316.1
TOR,2018-06-28,False,,False,True,True,121.6,351.8
TOR,2018-06-29,False,,False,True,True,171.2,358.6
TOR,2018-06-30,True,light,True,True,True,0.0,0.0
TOR,2018-07-01,True,light,True,True,True,0.0,0.0
TOR,2018-07-02,True,light,True,True,True,0.0,0.0
TOR,2018-07-03,False,,True,True,True,77.1,345.2
TOR,2018-07-04,True,light,True,True,True,0.0,0.0
TOR,2018-07-05,False,,False,False,True,336.3,347.1
TOR,2018-07-06,True,light,True,True,True,0.0,0.0
TOR,2018-07-07,False,,True,True,True,43.8,270.0
TOR,2018-07-08,False,,False,True,True,171.2,329.0
TOR,2018-07-09,True,light,True,True,True,0.0,0.0
TOR,2018-07-10,False,,True,True,True,15.3,1.2
TOR,2018-07-11,False,,False,True,True,144.9,355.1
TOR,2018-07-12,True,light,True,True,True,0.0,0.0
TOR,2018-07-13,True,light,True,True,True,0.0,0.0
TOR,2018-07-14,False,,False,False,True,338.2,332.9
TOR,2018-07-15,False,,False,False,True,307.1,85.4
TOR,2018-07-16,False,,False,True,True,133.6,112.6
TOR,2018-07-17,False,,False,True,True,149.4,138.3
TOR,2018-07-18,False,,False,True,True,241.3,351.4
TOR,2018-07-19,False,,False,True,True,241.1,356.9
TOR,2018-07-20,True,light,True,True,True,0.0,0.0
TOR,2018-07-21,False,,False,True,True,200.7,45.0
TOR,2018-07-22,False,,False,False,True,405.7,338.8
TOR,2018-07-23,False,,False,False,True,457.3,251.4
TOR,2018-07-24,False,,False,True,True,115.7,273.2
TOR,2018-07-25,True,heavy,True,True,True,0.0,0.0
TOR,2018-07-26,True,light,True,True,True,0.0,0.0
TOR,2018-07-27,True,heavy,True,True,True,0.0,0.0
TOR,2018-07-28,True,light,True,True,True,0.0,0.0
TOR,2018-07-29,False,,False,True,True,218.4,357.6
TOR,2018-07-30,False,,False,True,True,241.2,343.3
TOR,2018-07-31,False,,False,True,True,214.8,357.3
TOR,2018-08-01,False,,False,False,False,739.1,254.9
TOR,2018-08-02,True,light,True,True,True,0.0,0.0
TOR,2018-08-03,False,,True,True,True,15.6,282.1
TOR,2018-08-04,True,light,True,True,True,0.0,0.0
TOR,2018-08-05,False,,True,True,True,8.0,346.6
TOR,2018-08-06,True,light,True,True,True,0.0,0.0
TOR,2018-08-07,False,,False,False,False,841.5,306.0
TOR,2018-08-08,True,light,True,True,True,0.0,0.0
TOR,2018-08-09,True,medium,True,True,True,0.0,0.0
TOR,2018-08-10,False,,True,True,True,19.4,331.4
TOR,2018-08-11,True,light,True,True,True,0.0,0.0
TOR,2018-08-12,True,light,True,True,True,0.0,0.0
TOR,2018-08-13,True,light,True,True,True,0.0,0.0
TOR,2018-08-14,True,heavy,True,True,True,0.0,0.0
TOR,2018-08-15,True,medium,True,True,True,0.0,0.0
TOR,2018-08-16,True,medium,True,True,True,0.0,0.0
TOR,2018-08-17,False,,True,True,True,74.7,341.6
TOR,2018-08-18,True,heavy,True,True,True,0.0,0.0
TOR,2018-08-19,True,medium,True,True,True,0.0,0.0
TOR,2018-08-20,True,medium,True,True,True,0.0,0.0
TOR,2018-08-21,True,light,True,True,True,0.0,0.0
TOR,2018-08-22,True,light,True,True,True,0.0,0.0
TOR,2018-08-23,True,heavy,True,True,True,0.0,0.0
TOR,2018-08-24,True,light,True,True,True,0.0,0.0
TOR,2018-08-25,True,light,True,True,True,0.0,0.0
TOR,2018-08-26,True,medium,True,True,True,0.0,0.0
TOR,2018-08-27,False,,True,True,True,70.1,190.6
TOR,2018-08-28,False,,False,False,True,488.0,139.4
TOR,2018-08-29,False,,False,True,True,297.2,130.3
TOR,2018-08-30,True,light,True,True,True,0.0,0.0
TOR,2018-08-31,False,,True,True,True,95.8,37.2
TOR,2018-09-01,False,,False,False,False,1180.5,286.8
TOR,2018-09-02,False,,False,False,False,972.0,309.6
TOR,2018-09-03,False,,False,False,True,395.1,349.2
TOR,2018-09-04,False,,False,False,False,910.5,163.8
TOR,2018-09-05,False,,False,False,False,623.7,338.3
TOR,2018-09-06,False,,False,True,True,249.3,355.6
TOR,2018-09-07,False,,False,False,True,374.9,301.7
TOR,2018-09-08,False,,True,True,True,99.4,337.8
TOR,2018-09-09,False,,False,False,False,582.5,333.9
TOR,2018-09-10,False,,False,False,True,474.9,302.2
TOR,2018-09-11,False,,False,True,True,182.2,301.7
TOR,2018-09-12,False,,False,True,True,253.2,311.2
TOR,2018-09-13,False,,False,False,False,742.3,276.7
TOR,2018-09-14,False,,False,True,True,224.0,14.8
TOR,2018-09-15,False,,False,False,False,776.9,319.5
TOR,2018-09-16,True,heavy,True,True,True,0.0,0.0
TOR,2018-09-17,True,light,True,True,True,0.0,0.0
TOR,2018-09-18,True,light,True,True,True,0.0,0.0
TOR,2018-09-19,True,medium,True,True,True,0.0,0.0
TOR,2018-09-20,False,,False,True,True,192.1,213.2
TOR,2018-09-21,False,,False,False,False,669.1,209.5
TOR,2018-09-22,False,,False,False,False,1087.7,261.2
TOR,2018-09-23,False,,False,False,False,761.7,288.6
TOR,2018-09-24,True,light,True,True,True,0.0,0.0
TOR,2018-09-25,False,,False,False,False,1539.9,286.0
TOR,2018-09-26,False,,False,False,False,867.9,183.1
TOR,2018-09-27,False,,False,False,False,1328.6,243.5
TOR,2018-09-28,False,,False,False,False,1814.8,265.7
TOR,2018-09-29,False,,False,False,False,1071.7,230.3
TOR,2018-09-30,False,,False,False,False,1916.8,265.5
TOR,2018-10-01,False,,False,False,False,1460.8,289.9
TOR,2018-10-02,False,,False,False,False,1060.4,226.1
TOR,2018-10-03,False,,False,False,False,876.8,168.4
TOR,2018-10-04,False,,False,False,False,668.6,163.3
TOR,2018-10-05,False,,False,False,False,788.7,173.2
TOR,2018-10-06,False,,False,False,False,936.7,219.2
TOR,2018-10-07,False,,False,False,False,1064.2,229.1
TOR,2018-10-08,False,,False,False,False,603.9,162.5
TOR,2018-10-09,False,,False,False,False,2015.6,296.9
TOR,2018-10-10,False,,False,False,False,1743.2,214.4
TOR,2018-10-11,False,,False,False,False,1090.8,225.8
TOR,2018-10-12,False,,False,False,False,1171.8,195.7
TOR,2018-10-13,False,,False,False,False,1027.3,186.1
TOR,2018-10-14,False,,False,False,False,1228.0,197.5
TOR,2018-10-15,False,,False,False,False,1065.6,188.7
TOR,2018-10-16,False,,False,True,True,123.7,231.4
TOR,2018-10-17,False,,False,False,False,843.4,272.1
TOR,2018-10-18,False,,False,False,False,633.8,246.9
TOR,2018-10-19,False,,False,False,False,876.1,163.5
TOR,2018-10-20,False,,False,False,False,918.9,227.6
TOR,2018-10-21,False,,False,False,False,865.7,242.2
TOR,2018-10-22,False,,False,False,True,368.5,325.5
TOR,2018-10-23,False,,False,False,False,643.0,163.8
TOR,2018-10-24,False,,False,False,False,727.3,175.7
TOR,2018-10-25,False,,False,False,False,1676.3,288.8
TOR,2018-10-26,False,,False,False,False,1414.5,278.4
TOR,2018-10-27,False,,False,False,False,1430.2,251.7
TOR,2018-10-28,False,,False,False,False,956.2,228.7
TOR,2018-10-29,False,,False,False,False,1059.3,193.8
TOR,2018-10-30,False,,False,False,False,1121.5,193.2
TOR,2018-10-31,False,,False,False,False,886.3,178.3
TOR,2018-11-01,False,,False,False,False,1130.6,268.7
TOR,2018-11-02,False,,False,False,False,1827.2,213.2
TOR,2018-11-03,False,,False,False,False,697.3,319.7
TOR,2018-11-04,False,,False,False,True,357.6,326.9
TOR,2018-11-05,False,,False,False,False,1823.0,184.2
TOR,2018-11-06,False,,False,False,False,1814.7,183.9
TOR,2018-11-07,False,,False,False,False,1816.0,270.0
TOR,2018-11-08,False,,False,False,False,1847.1,183.7
TOR,2018-11-09,False,,False,False,False,1369.6,303.6
TOR,2018-11-10,False,,False,False,False,648.9,165.2
TOR,2018-11-11,False,,False,False,False,1512.7,209.3
TOR,2018-11-12,False,,False,False,False,1827.3,184.3
TOR,2018-11-13,False,,False,False,False,733.8,252.2
TOR,2018-11-14,False,,False,False,False,898.7,260.8
TOR,2018-11-15,False,,False,False,False,856.2,275.1
TOR,2018-11-16,False,,False,False,False,1079.2,256.7
TOR,2018-11-17,False,,False,False,False,1201.8,214.6
TOR,2018-11-18,False,,False,False,False,1181.0,251.0
TOR,2018-11-19,False,,False,False,False,1286.1,197.2
TOR,2018-11-20,False,,False,False,False,1034.3,189.3
TOR,2018-11-21,False,,False,False,False,1031.1,197.3
TOR,2018-11-22,False,,False,False,False,781.6,204.1
TOR,2018-11-23,False,,False,False,False,1585.2,258.6
TOR,2018-11-24,False,,False,False,False,1528.5,244.1
TOR,2018-11-25,False,,False,False,False,2050.1,245.5
TOR,2018-11-26,False,,False,False,False,1503.6,231.3
TOR,2018-11-27,False,,False,False,False,1013.6,182.0
TOR,2018-11-28,False,,False,False,False,744.5,170.7
TOR,2018-11-29,False,,False,False,False,938.9,180.6
TOR,2018-11-30,False,,False,False,False,1161.3,194.8
TOR,2018-12-01,False,,False,False,False,1587.3,226.0
TOR,2018-12-02,False,,False,False,False,1697.3,233.2
TOR,2018-12-03,False,,False,False,False,529.0,338.1
TOR,2018-12-04,False,,False,False,False,1483.7,230.4
TOR,2018-12-05,False,,False,False,False,1061.9,226.9
TOR,2018-12-06,False,,False,False,False,1037.7,188.5
TOR,2018-12-07,False,,False,False,False,1292.5,192.9
TOR,2018-12-08,False,,False,False,False,1821.2,184.2
TOR,2018-12-09,False,,False,False,False,1486.3,241.5
TOR,2018-12-10,False,,False,False,False,720.1,254.0
TOR,2018-12-11,False,,False,False,False,960.9,225.1
TOR,2018-12-12,False,,False,False,False,1084.2,228.1
TOR,2018-12-13,False,,False,False,False,1801.1,304.1
TOR,2018-12-14,False,,False,False,False,1617.5,285.1
TOR,2018-12-15,False,,False,False,False,2060.1,220.9
TOR,2018-12-16,False,,False,False,False,1551.6,201.0
TOR,2018-12-17,False,,False,False,False,1511.2,203.6
TOR,2018-12-18,False,,False,False,False,1023.8,260.9
TOR,2018-12-19,False,,False,False,False,515.6,167.8
TOR,2018-12-20,False,,False,False,False,1472.8,275.8
TOR,2018-12-21,False,,False,False,False,1635.3,241.3
TOR,2018-12-22,False,,False,False,False,1489.6,198.9
TOR,2018-12-23,False,,False,False,False,1726.8,215.1
TOR,2018-12-24,False,,False,False,False,1440.7,200.4
TOR,2018-12-25,False,,False,False,False,1386.6,198.5
TOR,2018-12-26,False,,False,False,False,942.5,181.4
TOR,2018-12-27,False,,False,False,False,2421.7,181.3
TOR,2018-12-28,False,,False,False,False,2284.9,183.5
TOR,2018-12-29,False,,False,False,False,1837.9,183.4
TOR,2018-12-30,False,,False,False,False,1819.0,183.9
TOR,2018-12-31,False,,False,False,False,,
TOR,2019-01-01,False,,False,False,False,1450.0,193.3
TOR,2019-01-02,False,,False,False,False,1761.4,183.9
TOR,2019-01-03,False,,False,False,False,1659.9,187.8
TOR,2019-01-04,False,,False,False,False,1829.7,184.5
TOR,2019-01-05,False,,False,False,False,1780.8,183.1
TOR,2019-01-06,False,,False,False,False,1535.1,194.8
TOR,2019-01-07,False,,False,False,False,925.7,178.2
TOR,2019-01-08,False,,False,False,False,915.9,176.1
TOR,2019-01-09,False,,False,False,False,949.8,179.1
TOR,2019-01-10,False,,False,False,False,934.3,180.6
TOR,2019-01-11,False,,False,False,False,648.2,154.9
TOR,2019-01-12,False,,False,False,False,1814.7,184.5
TOR,2019-01-13,False,,False,False,False,1764.1,184.8
TOR,2019-01-14,False,,False,False,False,1538.1,187.7
TOR,2019-01-15,False,,False,False,False,892.9,166.4
TOR,2019-01-16,False,,False,False,False,936.1,187.5
TOR,2019-01-17,False,,False,False,False,897.0,180.5
TOR,2019-01-18,False,,False,False,False,1523.7,187.3
TOR,2019-01-19,False,,False,False,False,1606.0,184.4
TOR,2019-01-20,False,,False,False,False,1566.9,202.2
TOR,2019-01-21,False,,False,False,False,1125.6,188.8
TOR,2019-01-22,False,,False,False,False,753.4,167.4
TOR,2019-01-23,False,,False,False,False,1630.1,185.9
TOR,2019-01-24,False,,False,False,False,1936.2,229.3
TOR,2019-01-25,False,,False,False,False,945.3,179.1
TOR,2019-01-26,False,,False,False,False,942.5,177.8
TOR,2019-01-27,False,,False,False,False,1627.4,235.4
TOR,2019-01-28,False,,False,False,False,919.6,180.4
TOR,2019-01-29,False,,False,False,False,1593.9,226.5
TOR,2019-01-30,False,,False,False,False,936.7,177.7
TOR,2019-01-31,False,,False,False,False,899.2,184.0
TOR,2019-02-01,False,,False,False,False,896.1,183.5
TOR,2019-02-02,False,,False,False,False,860.3,188.5
TOR,2019-02-03,False,,False,False,False,1106.9,221.6
TOR,2019-02-04,False,,False,False,False,741.7,170.7
TOR,2019-02-05,False,,False,False,False,706.3,177.0
TOR,2019-02-06,False,,False,False,False,1161.3,188.1
TOR,2019-02-07,False,,False,False,False,828.1,159.4
TOR,2019-02-08,False,,False,False,False,914.4,182.9
TOR,2019-02-09,False,,False,False,False,1297.7,188.2
TOR,2019-02-10,False,,False,False,False,853.3,161.0
TOR,2019-02-11,False,,False,False,False,1510.1,194.6
TOR,2019-02-12,False,,False,False,False,1758.5,239.5
TOR,2019-02-13,False,,False,False,False,1339.6,201.0
TOR,2019-02-14,False,,False,False,False,740.2,169.8
TOR,2019-02-15,False,,False,False,False,987.4,182.2
TOR,2019-02-16,False,,False,False,False,1565.7,202.3
TOR,2019-02-17,False,,False,False,False,1507.1,178.9
TOR,2019-02-18,False,,False,False,False,1607.3,186.1
TOR,2019-02-19,False,,False,False,False,1703.3,184.8
TOR,2019-02-20,False,,False,False,False,1789.7,184.3
TOR,2019-02-21,False,,False,False,False,1403.5,190.2
TOR,2019-02-22,False,,False,False,False,1241.3,186.8
TOR,2019-02-23,False,,False,False,False,1496.8,201.5
TOR,2019-02-24,False,,False,False,False,1299.5,229.5
TOR,2019-02-25,False,,False,False,False,927.8,161.6
TOR,2019-02-26,False,,False,False,False,730.1,168.6
TOR,2019-02-27,False,,False,False,False,801.0,203.2
TOR,2019-02-28,False,,False,True,True,266.1,48.8
TOR,2019-03-01,False,,False,False,False,1634.1,186.8
TOR,2019-03-02,False,,False,False,False,948.5,171.3
TOR,2019-03-03,False,,False,False,False,1628.1,188.1
TOR,2019-03-04,False,,False,False,False,1314.3,232.4
TOR,2019-03-05,False,,False,False,False,538.8,150.7
TOR,2019-03-06,False,,False,False,False,850.4,206.2
TOR,2019-03-07,False,,False,False,False,932.3,181.7
TOR,2019-03-08,False,,False,False,False,1384.4,189.9
TOR,2019-03-09,False,,False,False,False,1423.3,197.1
TOR,2019-03-10,False,,False,False,False,1507.2,199.8
TOR,2019-03-11,False,,False,False,False,1013.7,171.3
TOR,2019-03-12,False,,False,False,False,683.4,152.5
TOR,2019-03-13,False,,False,False,False,704.0,168.4
TOR,2019-03-14,False,,False,False,False,560.4,136.8
TOR,2019-03-15,False,,False,False,False,1108.3,178.6
TOR,2019-03-16,False,,False,False,False,590.5,165.1
TOR,2019-03-17,False,,False,False,False,566.7,136.5
TOR,2019-03-18,False,,False,False,False,907.9,230.9
TOR,2019-03-19,False,,False,False,False,576.3,136.0
TOR,2019-03-20,False,,False,True,True,244.4,163.5
TOR,2019-03-21,False,,False,False,False,1090.4,189.2
TOR,2019-03-22,False,,False,False,False,1006.5,244.3
TOR,2019-03-23,False,,False,False,False,630.9,207.7
TOR,2019-03-24,False,,False,False,False,974.5,188.4
TOR,2019-03-25,False,,False,True,True,274.0,243.3
TOR,2019-03-26,False,,False,False,True,486.5,258.9
TOR,2019-03-27,False,,False,False,False,551.8,181.5
TOR,2019-03-28,False,,False,False,False,554.1,137.5
TOR,2019-03-29,False,,False,False,False,638.1,164.2
TOR,2019-03-30,False,,False,False,False,552.4,132.5
TOR,2019-03-31,False,,False,False,False,975.3,264.5
TOR,2019-04-01,False,,False,False,False,641.2,163.9
TOR,2019-04-02,False,,False,False,False,613.9,248.6
TOR,2019-04-03,False,,False,True,True,183.0,229.5
TOR,2019-04-04,False,,False,False,False,565.5,136.9
TOR,2019-04-05,False,,False,False,False,1032.5,256.7
TOR,2019-04-06,False,,False,False,False,800.8,262.6
TOR,2019-04-07,False,,False,False,False,1525.6,245.5
TOR,2019-04-08,False,,False,False,False,707.7,257.9
TOR,2019-04-09,False,,False,False,False,624.7,237.6
TOR,2019-04-10,False,,False,False,False,552.7,171.8
TOR,2019-04-11,False,,False,False,False,801.1,171.8
TOR,2019-04-12,False,,False,False,False,1088.6,228.3
TOR,2019-04-13,False,,False,False,False,542.6,253.5
TOR,2019-04-14,False,,False,False,False,909.5,212.6
TOR,2019-04-15,False,,False,False,False,907.2,216.7
TOR,2019-04-16,False,,False,False,False,729.4,200.5
TOR,2019-04-17,False,,False,False,False,789.9,110.1
TOR,2019-04-18,False,,False,False,False,569.7,193.1
TOR,2019-04-19,False,,False,False,False,763.1,279.5
TOR,2019-04-20,False,,False,False,False,714.6,272.4
TOR,2019-04-21,False,,False,True,True,289.5,283.8
TOR,2019-04-22,False,,False,False,False,1000.8,183.8
TOR,2019-04-23,False,,False,False,True,493.0,165.0
TOR,2019-04-24,False,,False,True,True,236.0,273.4
TOR,2019-04-25,False,,False,False,True,378.9,287.8
TOR,2019-04-26,False,,False,False,False,575.4,253.0
TOR,2019-04-27,False,,False,False,False,929.8,175.0
TOR,2019-04-28,False,,False,True,True,223.9,251.4
TOR,2019-04-29,False,,False,False,False,927.4,181.3
TOR,2019-04-30,False,,False,False,False,747.7,190.8
TOR,2019-05-01,False,,False,False,False,856.9,178.0
TOR,2019-05-02,False,,False,False,False,699.2,162.6
TOR,2019-05-03,False,,False,False,False,1083.3,207.4
TOR,2019-05-04,False,,False,True,True,273.4,274.9
TOR,2019-05-05,False,,False,False,True,386.9,273.7
TOR,2019-05-06,False,,False,False,False,1030.4,283.3
TOR,2019-05-07,False,,False,False,True,435.4,301.1
TOR,2019-05-08,False,,False,False,True,395.4,135.0
TOR,2019-05-09,False,,False,False,False,1060.7,199.9
TOR,2019-05-10,False,,False,False,False,1092.6,265.3
TOR,2019-05-11,False,,False,False,False,1464.9,283.9
TOR,2019-05-12,False,,False,False,False,1571.6,201.7
TOR,2019-05-13,False,,False,False,False,1292.8,278.5
TOR,2019-05-14,False,,False,False,False,957.9,181.3
TOR,2019-05-15,False,,False,False,False,838.3,266.3
TOR,2019-05-16,False,,False,False,False,936.5,175.9
TOR,2019-05-17,False,,False,False,False,1063.0,184.5
TOR,2019-05-18,False,,False,False,False,820.0,246.9
TOR,2019-05-19,False,,False,False,False,805.8,175.5
TOR,2019-05-20,False,,False,False,False,900.8,178.2
TOR,2019-05-21,False,,False,False,False,941.6,179.7
TOR,2019-05-22,True,light,True,True,True,0.0,0.0
TOR,2019-05-23,False,,False,False,False,565.0,170.7
TOR,2019-05-24,False,,False,False,True,356.8,208.2
TOR,2019-05-25,True,light,True,True,True,0.0,0.0
TOR,2019-05-26,False,,False,False,True,390.2,344.3
TOR,2019-05-27,False,,False,False,False,1073.3,330.0
TOR,2019-05-28,False,,False,False,True,418.6,22.4
TOR,2019-05-29,True,light,True,True,True,0.0,0.0
TOR,2019-05-30,True,medium,True,True,True,0.0,0.0
TOR,2019-05-31,True,medium,True,True,True,0.0,0.0
TOR,2019-06-01,True,medium,True,True,True,0.0,0.0
TOR,2019-06-02,True,light,True,True,True,0.0,0.0
TOR,2019-06-03,False,,False,False,True,371.7,165.9
TOR,2019-06-04,True,light,True,True,True,0.0,0.0
TOR,2019-06-05,True,light,True,True,True,0.0,0.0
TOR,2019-06-06,False,,False,False,False,627.8,127.6
TOR,2019-06-07,False,,True,True,True,53.6,5.5
TOR,2019-06-08,True,light,True,True,True,0.0,0.0
TOR,2019-06-09,False,,False,False,True,426.6,69.4
TOR,2019-06-10,False,,False,False,False,524.1,276.0
TOR,2019-06-11,True,light,True,True,True,0.0,0.0
TOR,2019-06-12,False,,False,False,False,687.2,325.2
TOR,2019-06-13,False,,False,False,False,1092.9,226.0
TOR,2019-06-14,False,,False,False,True,460.6,302.6
TOR,2019-06-15,False,,False,True,True,279.4,289.5
TOR,2019-06-16,False,,False,False,False,1266.1,188.0
TOR,2019-06-17,False,,False,False,False,763.0,163.8
TOR,2019-06-18,False,,False,False,False,946.2,327.9
TOR,2019-06-19,False,,False,False,False,1183.6,286.9
TOR,2019-06-20,False,,False,False,False,1135.0,335.0
TOR,2019-06-21,True,light,True,True,True,0.0,0.0
TOR,2019-06-22,True,heavy,True,True,True,0.0,0.0
TOR,2019-06-23,True,light,True,True,True,0.0,0.0
TOR,2019-06-24,False,,False,True,True,204.4,98.9
TOR,2019-06-25,False,,False,False,True,464.9,249.7
TOR,2019-06-26,False,,False,False,True,335.9,60.4
TOR,2019-06-27,False,,False,False,True,488.8,76.1
TOR,2019-06-28,False,,False,True,True,260.5,234.1
TOR,2019-06-29,True,light,True,True,True,0.0,0.0
TOR,2019-06-30,False,,False,True,True,155.7,237.4
TOR,2019-07-01,False,,False,False,False,525.3,350.4
TOR,2019-07-02,False,,True,True,True,92.1,356.7
TOR,2019-07-03,False,,True,True,True,0.8,22.4
TOR,2019-07-04,False,,False,True,True,186.9,38.5
TOR,2019-07-05,True,light,True,True,True,0.0,0.0
TOR,2019-07-06,True,light,True,True,True,0.0,0.0
TOR,2019-07-07,True,heavy,True,True,True,0.0,0.0
TOR,2019-07-08,True,heavy,True,True,True,0.0,0.0
TOR,2019-07-09,True,heavy,True,True,True,0.0,0.0
TOR,2019-07-10,True,medium,True,True,True,0.0,0.0
TOR,2019-07-11,False,,False,False,False,589.2,303.7
TOR,2019-07-12,True,light,True,True,True,0.0,0.0
TOR,2019-07-13,False,,False,False,True,339.9,342.2
TOR,2019-07-14,False,,False,True,True,299.7,65.4
TOR,2019-07-15,False,,False,False,False,624.4,49.7
TOR,2019-07-16,False,,False,False,True,455.2,284.6
TOR,2019-07-17,False,,False,False,True,308.3,342.0
TOR,2019-07-18,False,,False,False,False,1057.5,47.5
TOR,2019-07-19,False,,False,False,False,1075.4,275.1
TOR,2019-07-20,True,light,True,True,True,0.0,0.0
TOR,2019-07-21,False,,False,True,True,134.0,351.3
TOR,2019-07-22,False,,False,True,True,152.8,327.2
TOR,2019-07-23,True,light,True,True,True,0.0,0.0
TOR,2019-07-24,True,light,True,True,True,0.0,0.0
TOR,2019-07-25,True,medium,True,True,True,0.0,0.0
TOR,2019-07-26,True,medium,True,True,True,0.0,0.0
TOR,2019-07-27,True,light,True,True,True,0.0,0.0
TOR,2019-07-28,True,light,True,True,True,0.0,0.0
TOR,2019-07-29,True,light,True,True,True,0.0,0.0
TOR,2019-07-30,True,light,True,True,True,0.0,0.0
TOR,2019-07-31,True,light,True,True,True,0.0,0.0
TOR,2019-08-01,True,light,True,True,True,0.0,0.0
TOR,2019-08-02,True,light,True,True,True,0.0,0.0
TOR,2019-08-03,True,light,True,True,True,0.0,0.0
TOR,2019-08-04,False,,True,True,True,56.2,18.6
TOR,2019-08-05,False,,False,True,True,237.8,273.2
TOR,2019-08-06,False,,False,False,False,522.8,131.1
TOR,2019-08-07,False,,False,False,True,366.4,336.3
TOR,2019-08-08,True,light,True,True,True,0.0,0.0
TOR,2019-08-09,False,,True,True,True,22.7,356.8
TOR,2019-08-10,False,,False,False,True,469.6,304.3
TOR,2019-08-11,False,,False,False,False,827.7,308.4
TOR,2019-08-12,False,,False,False,True,364.6,353.7
TOR,2019-08-13,False,,False,True,True,179.1,23.8
TOR,2019-08-14,False,,False,False,False,859.0,344.6
TOR,2019-08-15,False,,False,False,True,381.5,315.9
TOR,2019-08-16,True,light,True,True,True,0.0,0.0
TOR,2019-08-17,False,,False,False,False,505.6,316.2
TOR,2019-08-18,False,,False,False,True,334.6,144.9
TOR,2019-08-19,False,,False,True,True,284.9,39.2
TOR,2019-08-20,False,,False,False,False,633.0,155.9
TOR,2019-08-21,False,,False,False,True,406.3,320.0
TOR,2019-08-22,False,,False,True,True,218.9,280.6
TOR,2019-08-23,False,,False,False,False,1151.9,71.6
TOR,2019-08-24,False,,False,False,False,1450.4,313.2
TOR,2019-08-25,False,,False,False,False,1760.1,263.4
TOR,2019-08-26,False,,False,False,False,1014.3,176.6
TOR,2019-08-27,False,,False,False,True,445.2,324.1
TOR,2019-08-28,True,light,True,True,True,0.0,0.0
TOR,2019-08-29,False,,False,False,False,604.9,313.8
TOR,2019-08-30,False,,False,True,True,138.2,345.9
TOR,2019-08-31,False,,False,False,True,458.9,152.6
TOR,2019-09-01,False,,False,False,True,459.6,246.2
TOR,2019-09-02,False,,False,False,False,620.3,157.4
TOR,2019-09-03,False,,False,True,True,153.8,273.1
TOR,2019-09-04,False,,False,True,True,260.0,231.6
TOR,2019-09-05,False,,False,True,True,190.3,263.7
TOR,2019-09-06,False,,False,True,True,143.3,177.8
TOR,2019-09-07,False,,False,False,False,671.8,209.8
TOR,2019-09-08,False,,False,False,True,392.2,138.1
TOR,2019-09-09,False,,False,False,False,768.1,205.1
TOR,2019-09-10,False,,False,False,True,388.1,178.3
TOR,2019-09-11,False,,False,False,False,624.1,163.4
TOR,2019-09-12,False,,False,False,False,982.1,182.5
TOR,2019-09-13,False,,False,True,True,166.2,197.4
TOR,2019-09-14,False,,False,True,True,201.2,161.5
TOR,2019-09-15,False,,False,False,False,725.3,201.0
TOR,2019-09-16,False,,False,True,True,239.4,198.2
TOR,2019-09-17,False,,False,False,False,634.9,207.0
TOR,2019-09-18,False,,False,False,True,348.1,63.2
TOR,2019-09-19,False,,False,False,True,384.5,194.2
TOR,2019-09-20,False,,False,True,True,256.3,210.8
TOR,2019-09-21,True,light,True,True,True,0.0,0.0
TOR,2019-09-22,False,,False,False,False,922.7,215.4
TOR,2019-09-23,False,,False,False,False,556.2,268.5
TOR,2019-09-24,False,,False,True,True,261.4,233.6
TOR,2019-09-25,False,,False,False,True,384.3,163.0
TOR,2019-09-26,False,,False,False,True,439.4,219.0
TOR,2019-09-27,False,,False,False,False,615.9,194.8
TOR,2019-09-28,False,,False,False,True,419.7,292.4
TOR,2019-09-29,False,,False,False,True,405.9,122.5
TOR,2019-09-30,False,,False,False,False,719.8,200.9
TOR,2019-10-01,False,,False,False,False,672.7,161.0
TOR,2019-10-02,False,,False,False,False,611.5,192.1
TOR,2019-10-03,False,,False,False,False,604.1,190.8
TOR,2019-10-04,False,,False,False,False,635.5,180.8
TOR,2019-10-05,False,,False,False,True,349.7,212.7
TOR,2019-10-06,False,,False,True,True,112.6,151.6
TOR,2019-10-07,False,,False,False,False,687.4,238.4
TOR,2019-10-08,False,,False,False,False,558.5,348.5
TOR,2019-10-09,False,,False,False,False,521.2,220.8
TOR,2019-10-10,False,,False,True,True,256.1,15.8
TOR,2019-10-11,False,,False,False,False,703.1,170.3
TOR,2019-10-12,False,,False,False,False,935.5,177.8
TOR,2019-10-13,True,light,True,True,True,0.0,0.0
TOR,2019-10-14,False,,False,False,False,885.7,174.7
TOR,2019-10-15,False,,False,False,False,1285.3,261.8
TOR,2019-10-16,False,,False,False,False,814.1,177.4
TOR,2019-10-17,False,,False,False,False,1024.7,180.3
TOR,2019-10-18,False,,False,False,False,818.1,220.0
TOR,2019-10-19,False,,False,False,False,576.1,106.9
TOR,2019-10-20,False,,False,False,True,465.6,221.1
TOR,2019-10-21,False,,False,True,True,287.4,175.8
TOR,2019-10-22,False,,False,False,False,792.7,225.7
TOR,2019-10-23,False,,False,False,False,950.1,221.3
TOR,2019-10-24,False,,False,False,True,487.9,147.5
TOR,2019-10-25,False,,False,False,False,851.8,276.7
TOR,2019-10-26,False,,False,False,True,429.1,345.3
TOR,2019-10-27,False,,False,False,False,1823.8,184.3
TOR,2019-10-28,False,,False,False,True,475.4,189.8
TOR,2019-10-29,False,,False,False,False,1754.0,218.4
TOR,2019-10-30,False,,False,False,False,1876.3,184.2
TOR,2019-10-31,False,,False,False,False,1165.8,280.2
TOR,2019-11-01,False,,False,False,False,1234.3,233.4
TOR,2019-11-02,False,,False,False,True,449.9,184.6
TOR,2019-11-03,False,,False,False,False,894.1,169.1
TOR,2019-11-04,False,,False,False,False,630.0,165.8
TOR,2019-11-05,False,,False,False,False,776.9,170.5
TOR,2019-11-06,False,,False,False,True,410.8,145.4
TOR,2019-11-07,False,,False,False,False,942.5,180.8
TOR,2019-11-08,False,,False,False,False,716.4,192.5
TOR,2019-11-09,False,,False,False,False,739.2,174.5
TOR,2019-11-10,False,,False,False,False,564.1,174.5
TOR,2019-11-11,False,,False,False,False,780.6,190.3
TOR,2019-11-12,False,,False,False,False,1640.6,183.0
TOR,2019-11-13,False,,False,False,False,1223.9,183.9
TOR,2019-11-14,False,,False,False,False,522.2,149.0
TOR,2019-11-15,False,,False,False,True,436.4,141.2
TOR,2019-11-16,False,,False,False,False,552.6,172.4
TOR,2019-11-17,False,,False,False,False,1319.5,195.3
TOR,2019-11-18,False,,False,False,False,1268.9,197.4
TOR,2019-11-19,False,,False,False,False,1126.8,204.0
TOR,2019-11-20,False,,False,False,False,966.2,201.8
TOR,2019-11-21,False,,False,False,False,967.5,184.1
TOR,2019-11-22,False,,False,False,False,1151.6,179.9
TOR,2019-11-23,False,,False,False,False,1465.5,263.0
TOR,2019-11-24,False,,False,False,False,1368.3,187.8
TOR,2019-11-25,False,,False,False,False,973.5,207.1
TOR,2019-11-26,False,,False,False,False,924.1,175.0
TOR,2019-11-27,False,,False,False,False,1370.2,189.3
TOR,2019-11-28,False,,False,False,False,1204.9,193.0
TOR,2019-11-29,False,,False,False,True,492.3,151.8
TOR,2019-11-30,False,,False,False,False,1239.2,191.9
TOR,2019-12-01,False,,False,False,False,1753.0,172.9
TOR,2019-12-02,False,,False,False,False,1161.5,179.6
TOR,2019-12-03,False,,False,False,False,617.9,169.4
TOR,2019-12-04,False,,False,False,False,902.8,164.8
TOR,2019-12-05,False,,False,False,False,782.1,170.2
TOR,2019-12-06,False,,False,False,False,736.7,254.2
TOR,2019-12-07,False,,False,False,True,484.9,169.4
TOR,2019-12-08,False,,False,False,False,1208.7,196.4
TOR,2019-12-09,False,,False,False,False,1743.4,185.3
TOR,2019-12-10,False,,False,False,False,1084.4,178.9
TOR,2019-12-11,False,,False,False,False,1099.9,235.2
TOR,2019-12-12,False,,False,False,False,920.6,179.3
TOR,2019-12-13,False,,False,False,False,1152.4,247.7
TOR,2019-12-14,False,,False,False,False,1370.6,195.5
TOR,2019-12-15,False,,False,False,False,1328.9,188.9
TOR,2019-12-16,False,,False,False,False,1192.0,191.1
TOR,2019-12-17,False,,False,False,False,1688.8,230.7
TOR,2019-12-18,False,,False,False,False,617.0,169.3
TOR,2019-12-19,False,,False,False,False,922.5,166.5
TOR,2019-12-20,False,,False,False,False,980.8,174.1
TOR,2019-12-21,False,,False,False,False,1097.1,77.7
TOR,2019-12-22,False,,False,False,False,1575.1,228.0
TOR,2019-12-23,False,,False,False,False,1334.0,241.6
TOR,2019-12-24,False,,False,False,False,1408.6,226.2
TOR,2019-12-25,False,,False,False,False,1152.2,239.7
TOR,2019-12-26,False,,False,False,False,1189.9,191.6
TOR,2019-12-27,False,,False,False,False,3329.7,255.9
TOR,2019-12-28,False,,False,False,False,618.7,202.8
TOR,2019-12-29,False,,False,False,False,3034.9,292.2
TOR,2019-12-30,False,,False,False,False,928.9,184.9
TOR,2019-12-31,False,,False,False,False,1196.8,196.7
TOR,2020-01-01,False,,False,False,False,1592.5,189.7
TOR,2020-01-02,False,,False,False,False,1467.5,191.4
TOR,2020-01-03,False,,False,False,False,1289.7,187.2
TOR,2020-01-04,False,,False,False,False,1272.9,232.8
TOR,2020-01-05,False,,False,False,False,1076.6,245.8
TOR,2020-01-06,False,,False,False,False,1150.8,189.3
TOR,2020-01-07,False,,False,False,False,1135.9,233.2
TOR,2020-01-08,False,,False,False,False,710.7,226.7
TOR,2020-01-09,False,,False,False,False,920.7,162.6
TOR,2020-01-10,False,,False,False,False,1416.7,197.3
TOR,2020-01-11,False,,False,False,False,1782.7,184.6
TOR,2020-01-12,False,,False,False,False,1818.1,184.8
TOR,2020-01-13,False,,False,False,False,1479.8,189.4
TOR,2020-01-14,False,,False,False,False,1471.0,192.3
TOR,2020-01-15,False,,False,False,False,1297.2,187.4
TOR,2020-01-16,False,,False,False,False,1296.1,187.9
TOR,2020-01-17,False,,False,False,False,842.3,160.9
TOR,2020-01-18,False,,False,False,False,1360.3,193.9
TOR,2020-01-19,False,,False,False,False,1653.4,247.0
TOR,2020-01-20,False,,False,False,False,940.9,177.3
TOR,2020-01-21,False,,False,False,False,620.7,208.0
TOR,2020-01-22,False,,False,False,False,536.4,150.7
TOR,2020-01-23,False,,False,False,False,1422.2,199.3
TOR,2020-01-24,False,,False,False,False,1761.7,210.9
TOR,2020-01-25,False,,False,False,False,965.3,184.3
TOR,2020-01-26,False,,False,False,False,949.6,180.6
TOR,2020-01-27,False,,False,False,False,1346.8,242.0
TOR,2020-01-28,False,,False,False,False,960.5,179.5
TOR,2020-01-29,False,,False,False,False,777.0,175.4
TOR,2020-01-30,False,,False,False,False,908.2,176.9
TOR,2020-01-31,False,,False,False,False,1552.0,251.3
TOR,2020-02-01,False,,False,False,False,1305.1,230.4
TOR,2020-02-02,False,,False,False,False,1091.0,186.4
TOR,2020-02-03,False,,False,False,False,944.3,180.2
TOR,2020-02-04,False,,False,False,False,963.1,167.8
TOR,2020-02-05,False,,False,False,False,1301.6,187.6
TOR,2020-02-06,False,,False,False,False,1402.3,243.7
TOR,2020-02-07,False,,False,False,False,1466.5,248.3
TOR,2020-02-08,False,,False,False,False,574.5,159.0
TOR,2020-02-09,False,,False,False,False,642.7,154.2
TOR,2020-02-10,False,,False,False,False,967.1,167.3
TOR,2020-02-11,False,,False,False,False,1155.5,180.0
TOR,2020-02-12,False,,False,False,False,1143.2,184.3
TOR,2020-02-13,False,,False,False,False,1478.5,265.5
TOR,2020-02-14,False,,False,False,False,1150.5,183.7
TOR,2020-02-15,False,,False,False,False,870.4,161.4
TOR,2020-02-16,False,,False,False,False,1319.4,230.5
TOR,2020-02-17,False,,False,False,False,568.3,135.7
TOR,2020-02-18,False,,False,False,False,1401.7,253.2
TOR,2020-02-19,False,,False,False,False,2293.6,183.5
TOR,2020-02-20,False,,False,False,False,1023.9,232.2
TOR,2020-02-21,False,,False,False,False,558.1,132.8
TOR,2020-02-22,False,,False,False,True,382.6,163.9
TOR,2020-02-23,False,,False,False,True,360.3,161.8
TOR,2020-02-24,False,,False,False,False,599.6,136.9
TOR,2020-02-25,False,,False,False,False,1796.2,183.5
TOR,2020-02-26,False,,False,False,False,574.7,181.5
TOR,2020-02-27,False,,False,False,False,938.6,180.7
TOR,2020-02-28,False,,False,False,False,846.5,157.7
TOR,2020-02-29,False,,False,False,False,930.2,182.8
TOR,2020-03-01,False,,False,False,False,589.7,138.8
TOR,2020-03-02,False,,False,False,False,546.8,132.1
TOR,2020-03-03,False,,False,False,False,1044.0,235.5
TOR,2020-03-04,False,,False,False,False,578.6,163.3
TOR,2020-03-05,False,,False,False,False,572.1,135.1
TOR,2020-03-06,False,,False,False,False,717.0,267.0
TOR,2020-03-07,False,,False,False,False,642.6,164.0
TOR,2020-03-08,True,light,True,True,True,0.0,0.0
TOR,2020-03-09,False,,False,False,False,562.2,134.7
TOR,2020-03-10,False,,False,False,False,1132.2,187.3
TOR,2020-03-11,False,,False,False,False,987.8,181.2
TOR,2020-03-12,False,,False,False,False,822.5,174.6
TOR,2020-03-13,False,,False,False,False,1149.1,187.7
TOR,2020-03-14,False,,False,False,False,591.4,135.7
TOR,2020-03-15,False,,False,True,True,276.6,243.9
TOR,2020-03-16,False,,False,False,False,838.5,169.7
TOR,2020-03-17,False,,False,False,False,730.2,261.8
TOR,2020-03-18,False,,False,False,False,549.2,144.0
TOR,2020-03-19,False,,False,False,False,1031.2,172.7
TOR,2020-03-20,False,,False,False,False,1100.9,190.3
TOR,2020-03-21,False,,False,True,True,279.6,243.2
TOR,2020-03-22,False,,False,False,False,1423.1,195.9
TOR,2020-03-23,False,,False,False,False,1465.9,193.3
TOR,2020-03-24,False,,False,False,False,1045.0,252.6
TOR,2020-03-25,False,,False,False,False,500.2,245.7
TOR,2020-03-26,False,,False,False,False,500.4,129.3
TOR,2020-03-27,False,,False,False,False,868.9,193.3
TOR,2020-03-28,False,,False,False,False,929.9,178.1
TOR,2020-03-29,False,,False,False,False,648.0,158.3
TOR,2020-03-30,False,,False,False,False,772.0,239.7
TOR,2020-03-31,False,,False,False,False,1025.0,269.5
TOR,2020-04-01,False,,False,False,False,847.5,258.0
TOR,2020-04-02,False,,False,False,False,509.3,240.8
TOR,2020-04-03,False,,False,False,False,571.0,208.2
TOR,2020-04-04,False,,False,False,False,531.3,213.3
TOR,2020-04-05,False,,False,False,False,711.0,244.9
TOR,2020-04-06,False,,False,False,False,1108.0,180.8
TOR,2020-04-07,False,,False,False,False,570.4,236.9
TOR,2020-04-08,False,,False,False,True,336.0,179.1
TOR,2020-04-09,False,,False,False,False,596.9,144.6
TOR,2020-04-10,False,,False,False,False,595.0,144.4
TOR,2020-04-11,False,,False,False,False,882.0,181.6
TOR,2020-04-12,False,,False,False,False,1586.2,209.2
TOR,2020-04-13,False,,False,False,False,1394.5,253.6
TOR,2020-04-14,False,,False,False,False,1439.7,248.6
TOR,2020-04-15,False,,False,False,False,1256.7,173.3
TOR,2020-04-16,False,,False,False,False,716.9,192.9
TOR,2020-04-17,False,,False,False,False,944.1,207.7
TOR,2020-04-18,False,,False,False,False,1285.4,201.7
TOR,2020-04-19,False,,False,False,False,782.9,258.8
TOR,2020-04-20,False,,False,False,False,1414.4,248.9
TOR,2020-04-21,False,,False,False,False,741.7,265.7
TOR,2020-04-22,False,,False,False,False,710.7,163.1
TOR,2020-04-23,False,,False,False,False,1346.4,293.4
TOR,2020-04-24,False,,False,False,False,1336.3,279.8
TOR,2020-04-25,False,,False,False,False,1607.8,250.5
TOR,2020-04-26,False,,False,False,False,1301.4,229.6
TOR,2020-04-27,False,,False,False,False,942.5,179.0
TOR,2020-04-28,False,,False,False,False,910.1,176.0
TOR,2020-04-29,False,,False,False,False,1366.5,291.2
TOR,2020-04-30,False,,False,False,False,851.9,261.3
TOR,2020-05-01,False,,False,False,False,1010.6,191.9
TOR,2020-05-02,False,,False,False,False,756.4,175.0
TOR,2020-05-03,False,,False,False,True,403.8,257.0
TOR,2020-05-04,False,,False,False,False,945.2,179.8
TOR,2020-05-05,False,,False,False,False,612.0,120.5
TOR,2020-05-06,False,,False,False,False,1105.3,184.8
TOR,2020-05-07,False,,False,False,False,1093.9,181.6
TOR,2020-05-08,False,,False,False,False,1161.2,271.9
TOR,2020-05-09,False,,False,False,False,924.7,246.1
TOR,2020-05-10,False,,False,False,False,1413.8,249.3
TOR,2020-05-11,False,,False,True,True,276.0,37.0
TOR,2020-05-12,False,,False,False,False,935.4,175.6
TOR,2020-05-13,False,,False,False,False,1205.7,188.3
TOR,2020-05-14,False,,False,False,False,929.5,179.6
TOR,2020-05-15,False,,False,False,False,914.0,178.5
TOR,2020-05-16,False,,False,False,False,645.1,163.1
TOR,2020-05-17,False,,False,False,False,775.8,310.6
TOR,2020-05-18,False,,False,False,False,642.8,320.0
TOR,2020-05-19,False,,False,False,False,685.9,312.0
TOR,2020-05-20,False,,False,False,False,716.6,64.9
TOR,2020-05-21,False,,True,True,True,67.5,32.8
TOR,2020-05-22,False,,True,True,True,77.8,54.9
TOR,2020-05-23,False,,False,False,True,353.4,51.2
TOR,2020-05-24,False,,False,False,False,1169.7,72.5
TOR,2020-05-25,False,,False,False,False,1088.5,89.2
TOR,2020-05-26,False,,False,False,False,551.9,159.2
TOR,2020-05-27,False,,False,False,False,1234.8,289.7
TOR,2020-05-28,False,,False,False,False,1323.2,282.0
TOR,2020-05-29,False,,False,False,False,1288.7,275.0
TOR,2020-05-30,False,,False,False,False,976.1,262.1
TOR,2020-05-31,False,,False,False,False,569.3,230.9
TOR,2020-06-01,False,,False,False,False,1463.1,284.2
TOR,2020-06-02,False,,False,False,False,975.8,75.8
TOR,2020-06-03,False,,False,False,False,912.2,177.8
TOR,2020-06-04,False,,False,False,False,877.5,177.0
TOR,2020-06-05,False,,False,False,False,1354.5,196.0
TOR,2020-06-06,False,,False,False,True,445.4,265.1
TOR,2020-06-07,False,,False,False,False,1837.0,253.0
TOR,2020-06-08,False,,False,False,False,754.5,158.5
TOR,2020-06-09,False,,False,False,False,1589.2,235.8
TOR,2020-06-10,False,,False,False,False,686.9,170.6
TOR,2020-06-11,False,,False,False,False,1180.7,224.8
TOR,2020-06-12,False,,False,False,False,900.4,234.1
TOR,2020-06-13,False,,False,False,False,938.8,179.3
TOR,2020-06-14,False,,False,False,True,446.8,307.5
TOR,2020-06-15,False,,False,True,True,164.7,271.8
TOR,2020-06-16,True,light,True,True,True,0.0,0.0
TOR,2020-06-17,True,light,True,True,True,0.0,0.0
TOR,2020-06-18,False,,False,True,True,105.5,343.5
TOR,2020-06-19,False,,True,True,True,9.8,300.4
TOR,2020-06-20,True,light,True,True,True,0.0,0.0
TOR,2020-06-21,False,,False,False,False,907.7,46.4
TOR,2020-06-22,False,,False,False,True,316.3,80.7
TOR,2020-06-23,False,,False,False,False,867.4,61.5
TOR,2020-06-24,False,,False,False,False,594.2,147.7
TOR,2020-06-25,False,,False,True,True,172.2,256.8
TOR,2020-06-26,False,,False,False,True,315.3,80.1
TOR,2020-06-27,False,,False,False,False,821.5,156.8
TOR,2020-06-28,False,,False,False,False,2237.0,254.0
TOR,2020-06-29,False,,False,False,False,954.6,181.1
TOR,2020-06-30,False,,False,False,True,461.8,288.8
TOR,2020-07-01,False,,False,False,False,975.7,172.1
TOR,2020-07-02,False,,False,False,True,490.0,219.9
TOR,2020-07-03,False,,False,False,True,351.1,320.9
TOR,2020-07-04,False,,False,False,True,440.3,329.1
TOR,2020-07-05,False,,False,False,False,1535.3,314.6
TOR,2020-07-06,False,,False,False,True,463.0,187.5
TOR,2020-07-07,False,,False,False,False,615.8,159.7
TOR,2020-07-08,False,,False,False,False,1047.9,219.4
TOR,2020-07-09,False,,False,False,True,487.0,133.2
TOR,2020-07-10,False,,False,False,False,1543.9,194.1
TOR,2020-07-11,False,,False,False,False,1372.0,198.4
TOR,2020-07-12,False,,False,False,False,1523.2,193.9
TOR,2020-07-13,False,,False,False,False,566.9,219.4
TOR,2020-07-14,False,,False,False,False,1038.4,8.9
TOR,2020-07-15,False,,False,False,False,764.2,174.1
TOR,2020-07-16,False,,False,False,False,503.4,146.5
TOR,2020-07-17,False,,False,True,True,193.1,284.6
TOR,2020-07-18,False,,False,False,False,519.9,190.7
TOR,2020-07-19,False,,False,False,False,1585.8,213.5
TOR,2020-07-20,False,,False,False,False,650.3,172.2
TOR,2020-07-21,False,,False,False,False,922.2,166.0
TOR,2020-07-22,False,,False,False,False,631.6,134.2
TOR,2020-07-23,False,,False,False,False,877.4,324.3
TOR,2020-07-24,False,,False,False,False,993.4,316.4
TOR,2020-07-25,False,,False,False,False,1217.4,257.2
TOR,2020-07-26,False,,False,False,False,1426.9,231.6
TOR,2020-07-27,False,,False,False,False,893.0,166.1
TOR,2020-07-28,False,,False,False,False,708.4,163.1
TOR,2020-07-29,False,,False,False,False,856.6,288.0
TOR,2020-07-30,True,light,True,True,True,0.0,0.0
TOR,2020-07-31,False,,False,True,True,124.6,187.1
TOR,2020-08-01,False,,True,True,True,92.4,30.6
TOR,2020-08-02,False,,False,False,False,711.6,340.1
TOR,2020-08-03,False,,False,False,False,1419.6,291.8
TOR,2020-08-04,False,,False,False,False,1070.6,3.3
TOR,2020-08-05,False,,True,True,True,40.1,337.4
TOR,2020-08-06,False,,False,False,True,307.1,334.6
TOR,2020-08-07,False,,False,False,False,953.9,34.7
TOR,2020-08-08,False,,False,False,False,1243.9,200.5
TOR,2020-08-09,False,,False,False,False,733.2,248.4
TOR,2020-08-10,False,,False,False,False,991.6,329.4
TOR,2020-08-11,False,,False,True,True,135.0,314.5
TOR,2020-08-12,True,light,True,True,True,0.0,0.0
TOR,2020-08-13,False,,True,True,True,40.2,11.8
TOR,2020-08-14,True,light,True,True,True,0.0,0.0
TOR,2020-08-15,False,,False,False,False,805.9,243.8
TOR,2020-08-16,False,,False,False,False,1332.0,226.2
TOR,2020-08-17,False,,False,False,False,957.9,219.1
TOR,2020-08-18,False,,False,False,False,1044.9,217.2
TOR,2020-08-19,False,,False,False,False,800.9,244.3
TOR,2020-08-20,False,,False,False,True,421.7,184.7
TOR,2020-08-21,False,,False,False,True,427.4,288.5
TOR,2020-08-22,True,light,True,True,True,0.0,0.0
TOR,2020-08-23,False,,False,False,True,374.2,260.8
TOR,2020-08-24,True,light,True,True,True,0.0,0.0
TOR,2020-08-25,True,medium,True,True,True,0.0,0.0
TOR,2020-08-26,False,,False,False,True,370.2,217.8
TOR,2020-08-27,True,light,True,True,True,0.0,0.0
TOR,2020-08-28,False,,False,False,True,404.4,253.6
TOR,2020-08-29,True,light,True,True,True,0.0,0.0
TOR,2020-08-30,False,,False,False,False,815.6,181.6
TOR,2020-08-31,False,,False,False,True,376.4,249.4
TOR,2020-09-01,False,,False,False,False,1058.8,266.3
TOR,2020-09-02,False,,False,False,False,1861.7,273.8
TOR,2020-09-03,True,light,True,True,True,0.0,0.0
TOR,2020-09-04,False,,False,False,True,451.8,138.4
TOR,2020-09-05,False,,False,False,True,386.7,240.2
TOR,2020-09-06,False,,False,False,False,602.8,285.8
TOR,2020-09-07,True,light,True,True,True,0.0,0.0
TOR,2020-09-08,False,,False,False,True,427.1,178.6
TOR,2020-09-09,True,light,True,True,True,0.0,0.0
TOR,2020-09-10,False,,False,False,False,630.7,206.1
TOR,2020-09-11,True,light,True,True,True,0.0,0.0
TOR,2020-09-12,True,light,True,True,True,0.0,0.0
TOR,2020-09-13,True,medium,True,True,True,0.0,0.0
TOR,2020-09-14,True,heavy,True,True,True,0.0,0.0
TOR,2020-09-15,True,heavy,True,True,True,0.0,0.0
TOR,2020-09-16,True,heavy,True,True,True,0.0,0.0
TOR,2020-09-17,True,heavy,True,True,True,0.0,0.0
TOR,2020-09-18,False,,False,True,True,110.7,254.4
TOR,2020-09-19,False,,False,True,True,140.9,163.0
TOR,2020-09-20,False,,False,True,True,169.1,37.4
TOR,2020-09-21,True,light,True,True,True,0.0,0.0
TOR,2020-09-22,True,medium,True,True,True,0.0,0.0
TOR,2020-09-23,True,light,True,True,True,0.0,0.0
TOR,2020-09-24,False,,False,True,True,101.8,189.9
TOR,2020-09-25,True,light,True,True,True,0.0,0.0
TOR,2020-09-26,True,medium,True,True,True,0.0,0.0
TOR,2020-09-27,True,medium,True,True,True,0.0,0.0
TOR,2020-09-28,True,light,True,True,True,0.0,0.0
TOR,2020-09-29,False,,False,False,False,1151.5,90.0
TOR,2020-09-30,False,,False,False,False,937.9,225.2
TOR,2020-10-01,False,,False,False,True,389.6,138.9
TOR,2020-10-02,False,,False,False,False,622.2,113.2
TOR,2020-10-03,False,,False,False,False,664.6,221.1
TOR,2020-10-04,False,,False,False,True,363.1,154.3
TOR,2020-10-05,True,light,True,True,True,0.0,0.0
TOR,2020-10-06,True,heavy,True,True,True,0.0,0.0
TOR,2020-10-07,False,,False,True,True,287.9,181.7
TOR,2020-10-08,False,,False,False,False,714.3,171.1
TOR,2020-10-09,True,light,True,True,True,0.0,0.0
TOR,2020-10-10,True,light,True,True,True,0.0,0.0
TOR,2020-10-11,True,medium,True,True,True,0.0,0.0
TOR,2020-10-12,False,,False,False,False,616.9,31.8
TOR,2020-10-13,False,,False,False,False,848.8,55.4
TOR,2020-10-14,False,,False,False,True,361.0,261.8
TOR,2020-10-15,False,,True,True,True,63.5,139.4
TOR,2020-10-16,False,,False,True,True,136.5,180.0
TOR,2020-10-17,False,,False,True,True,235.2,243.6
TOR,2020-10-18,False,,False,False,True,407.6,129.0
TOR,2020-10-19,False,,False,False,True,479.8,117.4
TOR,2020-10-20,False,,False,False,True,476.9,167.3
TOR,2020-10-21,False,,False,False,True,429.6,190.6
TOR,2020-10-22,False,,False,False,False,757.1,173.1
TOR,2020-10-23,False,,False,False,False,580.3,343.1
TOR,2020-10-24,False,,False,True,True,204.4,166.8
TOR,2020-10-25,True,light,True,True,True,0.0,0.0
TOR,2020-10-26,False,,False,False,False,1629.2,86.0
TOR,2020-10-27,False,,False,False,False,1183.2,192.3
TOR,2020-10-28,False,,False,False,False,3073.6,237.2
TOR,2020-10-29,False,,False,False,False,1138.2,312.1
TOR,2020-10-30,False,,False,False,False,1309.8,197.8
TOR,2020-10-31,False,,False,False,True,435.9,188.8
TOR,2020-11-01,False,,False,False,False,868.9,271.9
TOR,2020-11-02,False,,False,False,False,833.6,237.9
TOR,2020-11-03,False,,False,False,False,924.0,238.3
TOR,2020-11-04,False,,False,False,True,401.9,145.9
TOR,2020-11-05,False,,False,False,False,609.1,258.9
TOR,2020-11-06,False,,False,False,True,333.4,161.8
TOR,2020-11-07,False,,False,False,False,565.4,136.3
TOR,2020-11-08,False,,False,False,True,331.7,179.5
TOR,2020-11-09,False,,False,True,True,264.3,250.4
TOR,2020-11-10,False,,False,False,True,327.0,162.7
TOR,2020-11-11,False,,False,False,False,935.0,308.6
TOR,2020-11-12,False,,False,False,False,764.5,259.8
TOR,2020-11-13,False,,False,False,False,1224.1,224.3
TOR,2020-11-14,False,,False,True,True,129.6,130.1
TOR,2020-11-15,False,,False,False,False,1281.9,240.3
TOR,2020-11-16,False,,False,False,False,1196.6,192.1
TOR,2020-11-17,False,,False,False,False,1034.2,208.6
TOR,2020-11-18,False,,False,False,False,691.7,199.3
TOR,2020-11-19,False,,False,False,False,688.6,198.0
TOR,2020-11-20,False,,False,False,True,443.5,185.7
TOR,2020-11-21,False,,False,False,False,606.4,158.4
TOR,2020-11-22,False,,False,False,False,1364.4,249.8
TOR,2020-11-23,False,,False,False,False,900.7,186.4
TOR,2020-11-24,False,,False,False,True,422.3,149.1
TOR,2020-11-25,False,,False,False,False,1329.8,191.1
TOR,2020-11-26,False,,False,False,False,1838.4,183.9
TOR,2020-11-27,False,,False,False,False,1181.5,186.3
TOR,2020-11-28,False,,False,False,False,1483.5,283.5
TOR,2020-11-29,False,,False,False,False,1856.8,184.1
TOR,2020-11-30,False,,False,False,False,1764.8,239.8
TOR,2020-12-01,False,,False,False,False,1021.0,305.3
TOR,2020-12-02,False,,False,False,False,1222.1,189.5
TOR,2020-12-03,False,,False,False,False,1557.3,286.9
TOR,2020-12-04,False,,False,False,False,1406.8,273.1
TOR,2020-12-05,False,,False,False,False,999.9,254.3
TOR,2020-12-06,False,,False,False,False,1257.2,275.1
TOR,2020-12-07,False,,False,False,False,1242.1,228.1
TOR,2020-12-08,False,,False,False,False,1164.0,179.6
TOR,2020-12-09,False,,False,False,False,500.6,251.6
TOR,2020-12-10,False,,False,False,False,678.7,256.6
TOR,2020-12-11,False,,False,False,False,664.3,185.4
TOR,2020-12-12,False,,False,False,False,1241.1,191.5
TOR,2020-12-13,False,,False,False,False,1833.9,183.2
TOR,2020-12-14,False,,False,False,False,1294.2,249.2
TOR,2020-12-15,False,,False,False,False,1544.5,197.9
TOR,2020-12-16,False,,False,False,False,1827.2,182.9
TOR,2020-12-17,False,,False,False,False,1741.7,216.3
TOR,2020-12-18,False,,False,False,False,1520.3,193.9
TOR,2020-12-19,False,,False,False,False,1173.4,198.9
TOR,2020-12-20,False,,False,False,False,1789.0,185.0
TOR,2020-12-21,False,,False,False,False,951.0,232.9
TOR,2020-12-22,False,,False,False,False,1096.1,240.1
TOR,2020-12-23,False,,False,False,False,1259.8,193.1
TOR,2020-12-24,False,,False,False,False,1538.4,241.8
TOR,2020-12-25,False,,False,False,False,1765.0,212.7
TOR,2020-12-26,False,,False,False,False,1705.6,214.8
TOR,2020-12-27,False,,False,False,False,1258.3,190.6
TOR,2020-12-28,False,,False,False,False,1151.1,187.8
TOR,2020-12-29,False,,False,False,False,1153.0,192.9
TOR,2020-12-30,False,,False,False,False,1432.0,207.4
TOR,2020-12-31,False,,False,False,False,1818.7,183.9
TOR,2021-01-01,False,,False,False,False,1800.1,183.9
TOR,2021-01-02,False,,False,False,False,1939.1,217.0
TOR,2021-01-03,False,,False,False,False,1755.4,213.8
TOR,2021-01-04,False,,False,False,False,1117.1,185.0
TOR,2021-01-05,False,,False,False,False,1259.1,211.3
TOR,2021-01-06,False,,False,False,False,1525.3,187.8
TOR,2021-01-07,False,,False,False,False,1867.2,183.6
TOR,2021-01-08,False,,False,False,False,1773.6,184.3
TOR,2021-01-09,False,,False,False,False,1608.1,207.7
TOR,2021-01-10,False,,False,False,False,1835.2,183.5
TOR,2021-01-11,False,,False,False,False,1359.8,240.4
TOR,2021-01-12,False,,False,False,False,1082.3,237.5
TOR,2021-01-13,False,,False,False,False,1997.0,228.0
TOR,2021-01-14,False,,False,False,False,1161.0,189.9
TOR,2021-01-15,False,,False,False,False,1495.0,200.2
TOR,2021-01-16,False,,False,False,False,1214.2,195.1
TOR,2021-01-17,False,,False,False,False,1181.2,202.3
TOR,2021-01-18,False,,False,False,False,1020.5,170.5
TOR,2021-01-19,False,,False,False,False,984.4,183.0
TOR,2021-01-20,False,,False,False,False,840.3,161.0
TOR,2021-01-21,False,,False,False,False,645.2,164.3
TOR,2021-01-22,False,,False,False,False,634.5,163.6
TOR,2021-01-23,False,,False,False,False,788.1,174.4
TOR,2021-01-24,False,,False,False,False,1849.3,182.6
TOR,2021-01-25,False,,False,False,False,1622.3,186.8
TOR,2021-01-26,False,,False,False,False,1719.3,235.5
TOR,2021-01-27,False,,False,False,False,1742.5,233.9
TOR,2021-01-28,False,,False,False,False,1541.1,203.2
TOR,2021-01-29,False,,False,False,False,999.5,196.8
TOR,2021-01-30,False,,False,False,False,529.3,126.6
TOR,2021-01-31,False,,False,False,False,1824.6,212.6
TOR,2021-02-01,False,,False,False,False,1632.7,209.4
TOR,2021-02-02,False,,False,False,False,1227.6,211.4
TOR,2021-02-03,False,,False,False,False,1017.5,171.3
TOR,2021-02-04,False,,False,False,False,1475.9,189.4
TOR,2021-02-05,False,,False,False,False,1371.7,226.4
TOR,2021-02-06,False,,False,False,False,1926.3,241.9
TOR,2021-02-07,False,,False,False,False,1798.9,223.8
TOR,2021-02-08,False,,False,False,False,913.4,159.3
TOR,2021-02-09,False,,False,False,False,1615.2,204.5
TOR,2021-02-10,False,,False,False,False,1115.3,192.1
TOR,2021-02-11,False,,False,False,False,1793.4,187.1
TOR,2021-02-12,False,,False,False,False,1777.5,185.1
TOR,2021-02-13,False,,False,False,False,3097.0,210.3
TOR,2021-02-14,False,,False,False,False,2064.4,195.6
TOR,2021-02-15,False,,False,False,False,1823.7,183.9
TOR,2021-02-16,False,,False,False,False,1574.8,189.4
TOR,2021-02-17,False,,False,False,False,2648.6,205.4
TOR,2021-02-18,False,,False,False,False,1768.8,183.2
TOR,2021-02-19,False,,False,False,False,1550.9,205.9
TOR,2021-02-20,False,,False,False,False,1261.2,198.9
TOR,2021-02-21,False,,False,False,False,1008.0,197.4
TOR,2021-02-22,False,,False,False,False,1343.9,206.1
TOR,2021-02-23,False,,False,False,False,1183.8,208.9
TOR,2021-02-24,False,,False,False,False,873.2,193.3
TOR,2021-02-25,False,,False,False,False,545.1,152.8
TOR,2021-02-26,False,,False,False,False,1127.0,181.4
TOR,2021-02-27,False,,False,False,False,1145.5,186.9
TOR,2021-02-28,False,,False,False,False,1807.7,187.4
TOR,2021-03-01,False,,False,False,False,1302.1,240.4
TOR,2021-03-02,False,,False,False,False,1136.0,239.8
TOR,2021-03-03,False,,False,False,False,542.7,170.2
TOR,2021-03-04,False,,False,False,False,602.7,136.9
TOR,2021-03-05,False,,False,False,False,572.5,135.1
TOR,2021-03-06,False,,False,False,True,471.3,232.5
TOR,2021-03-07,False,,False,True,True,151.9,202.1
TOR,2021-03-08,False,,False,False,False,569.1,139.5
TOR,2021-03-09,False,,False,False,True,486.0,242.8
TOR,2021-03-10,False,,False,True,True,273.1,186.0
TOR,2021-03-11,False,,False,False,True,462.0,148.5
TOR,2021-03-12,False,,False,False,False,684.0,151.5
TOR,2021-03-13,False,,False,False,False,572.1,135.5
TOR,2021-03-14,False,,False,False,False,580.0,133.7
TOR,2021-03-15,False,,False,False,False,1113.3,177.2
TOR,2021-03-16,False,,False,False,False,1481.8,246.8
TOR,2021-03-17,False,,False,False,False,1327.0,177.4
TOR,2021-03-18,False,,False,False,False,1576.8,194.2
TOR,2021-03-19,False,,False,False,False,854.7,274.0
TOR,2021-03-20,False,,False,True,True,162.3,193.4
TOR,2021-03-21,False,,False,True,True,222.6,186.2
TOR,2021-03-22,False,,False,True,True,245.4,165.8
TOR,2021-03-23,False,,False,False,False,843.2,209.1
TOR,2021-03-24,False,,False,False,False,1270.4,232.2
TOR,2021-03-25,False,,False,False,False,1089.7,188.7
TOR,2021-03-26,False,,False,False,True,394.1,130.2
TOR,2021-03-27,False,,False,False,False,721.7,196.0
TOR,2021-03-28,False,,False,False,False,1160.4,261.2
TOR,2021-03-29,False,,False,False,False,718.1,247.0
TOR,2021-03-30,False,,False,False,False,517.8,162.6
TOR,2021-03-31,False,,False,False,False,1185.6,231.4
TOR,2021-04-01,False,,False,False,False,707.4,246.2
TOR,2021-04-02,False,,False,False,True,499.6,251.3
TOR,2021-04-03,False,,True,True,True,18.9,258.5
TOR,2021-04-04,False,,False,True,True,230.7,110.0
TOR,2021-04-05,False,,True,True,True,27.9,207.7
TOR,2021-04-06,False,,False,False,True,329.5,181.9
TOR,2021-04-07,False,,True,True,True,61.9,208.3
TOR,2021-04-08,False,,False,True,True,296.2,223.0
TOR,2021-04-09,False,,True,True,True,65.6,80.8
TOR,2021-04-10,False,,False,False,False,1326.8,271.6
TOR,2021-04-11,False,,False,False,False,1032.3,256.9
TOR,2021-04-12,False,,False,False,False,645.6,209.1
TOR,2021-04-13,False,,False,False,False,579.3,68.5
TOR,2021-04-14,False,,False,False,False,706.7,179.5
TOR,2021-04-15,False,,False,False,False,1060.5,78.4
TOR,2021-04-16,False,,False,False,False,708.2,245.9
TOR,2021-04-17,False,,False,False,False,817.2,274.6
TOR,2021-04-18,False,,False,False,False,530.5,218.0
TOR,2021-04-19,False,,True,True,True,6.8,273.3
TOR,2021-04-20,False,,False,False,False,591.4,180.0
TOR,2021-04-21,False,,False,False,True,447.3,139.0
TOR,2021-04-22,False,,False,True,True,172.4,271.3
TOR,2021-04-23,False,,False,False,True,496.6,115.4
TOR,2021-04-24,False,,True,True,True,0.6,11.6
TOR,2021-04-25,False,,False,False,False,1205.4,149.8
TOR,2021-04-26,False,,False,True,True,267.8,169.0
TOR,2021-04-27,False,,False,False,True,301.9,203.1
TOR,2021-04-28,False,,True,True,True,82.1,165.1
TOR,2021-04-29,False,,False,False,False,640.8,145.5
TOR,2021-04-30,False,,False,False,True,400.7,253.8
TOR,2021-05-01,False,,False,False,False,523.7,216.4
TOR,2021-05-02,False,,False,False,False,616.3,179.4
TOR,2021-05-03,False,,False,False,False,1512.2,184.4
TOR,2021-05-04,False,,False,False,False,681.0,185.0
TOR,2021-05-05,False,,False,False,False,1468.4,247.6
TOR,2021-05-06,False,,False,False,False,1184.7,162.1
TOR,2021-05-07,False,,False,False,False,1110.1,261.7
TOR,2021-05-08,False,,False,False,False,1009.2,182.8
TOR,2021-05-09,False,,False,False,False,1477.6,294.2
TOR,2021-05-10,False,,False,False,False,816.4,259.3
TOR,2021-05-11,False,,False,True,True,188.9,163.2
TOR,2021-05-12,False,,False,False,False,1000.1,275.9
TOR,2021-05-13,False,,False,False,True,329.7,286.0
TOR,2021-05-14,False,,False,False,False,535.3,138.7
TOR,2021-05-15,True,medium,True,True,True,0.0,0.0
TOR,2021-05-16,False,,True,True,True,38.5,27.7
TOR,2021-05-17,True,light,True,True,True,0.0,0.0
TOR,2021-05-18,False,,True,True,True,10.4,60.1
TOR,2021-05-19,False,,False,False,True,331.5,104.2
TOR,2021-05-20,False,,True,True,True,85.5,74.4
TOR,2021-05-21,False,,False,True,True,269.9,97.7
TOR,2021-05-22,False,,False,False,False,752.2,15.8
TOR,2021-05-23,False,,False,False,True,363.4,160.3
TOR,2021-05-24,False,,False,False,False,888.2,169.9
TOR,2021-05-25,False,,False,False,True,370.8,210.1
TOR,2021-05-26,False,,False,False,True,440.4,131.4
TOR,2021-05-27,False,,False,False,False,787.1,144.5
TOR,2021-05-28,False,,False,False,False,561.8,149.3
TOR,2021-05-29,False,,False,False,False,533.2,146.1
TOR,2021-05-30,False,,False,False,False,615.7,3.6
TOR,2021-05-31,False,,False,False,False,1273.5,189.6
TOR,2021-06-01,True,light,True,True,True,0.0,0.0
TOR,2021-06-02,True,light,True,True,True,0.0,0.0
TOR,2021-06-03,False,,False,False,False,1244.8,281.5
TOR,2021-06-04,False,,False,False,True,470.4,214.2
TOR,2021-06-05,False,,False,False,False,1731.1,307.4
TOR,2021-06-06,False,,False,False,False,1596.4,305.4
TOR,2021-06-07,False,,False,False,True,391.8,341.0
TOR,2021-06-08,False,,True,True,True,92.1,90.0
TOR,2021-06-09,True,light,True,True,True,0.0,0.0
TOR,2021-06-10,False,,False,True,True,240.2,163.5
TOR,2021-06-11,True,light,True,True,True,0.0,0.0
TOR,2021-06-12,True,light,True,True,True,0.0,0.0
TOR,2021-06-13,True,light,True,True,True,0.0,0.0
TOR,2021-06-14,False,,True,True,True,80.4,208.1
TOR,2021-06-15,False,,False,False,True,489.8,135.9
TOR,2021-06-16,False,,False,True,True,105.2,17.9
TOR,2021-06-17,True,light,True,True,True,0.0,0.0
TOR,2021-06-18,True,light,True,True,True,0.0,0.0
TOR,2021-06-19,False,,False,False,True,334.9,147.6
TOR,2021-06-20,False,,True,True,True,79.9,171.7
TOR,2021-06-21,False,,False,True,True,207.3,131.9
TOR,2021-06-22,False,,False,False,True,437.0,242.4
TOR,2021-06-23,True,light,True,True,True,0.0,0.0
TOR,2021-06-24,False,,False,False,True,309.9,81.3
TOR,2021-06-25,False,,False,False,True,362.3,216.9
TOR,2021-06-26,True,light,True,True,True,0.0,0.0
TOR,2021-06-27,False,,False,False,False,783.5,336.9
TOR,2021-06-28,False,,False,False,False,563.6,349.0
TOR,2021-06-29,False,,False,False,False,662.6,327.5
TOR,2021-06-30,False,,True,True,True,57.7,343.3
TOR,2021-07-01,True,light,True,True,True,0.0,0.0
TOR,2021-07-02,False,,False,True,True,151.8,301.5
TOR,2021-07-03,True,medium,True,True,True,0.0,0.0
TOR,2021-07-04,True,light,True,True,True,0.0,0.0
TOR,2021-07-05,True,medium,True,True,True,0.0,0.0
TOR,2021-07-06,True,medium,True,True,True,0.0,0.0
TOR,2021-07-07,True,light,True,True,True,0.0,0.0
TOR,2021-07-08,False,,False,True,True,230.6,280.3
TOR,2021-07-09,True,light,True,True,True,0.0,0.0
TOR,2021-07-10,False,,False,True,True,173.2,6.5
TOR,2021-07-11,False,,False,True,True,103.4,6.2
TOR,2021-07-12,False,,False,True,True,247.3,356.9
TOR,2021-07-13,False,,False,True,True,248.8,276.9
TOR,2021-07-14,True,light,True,True,True,0.0,0.0
TOR,2021-07-15,True,medium,True,True,True,0.0,0.0
TOR,2021-07-16,True,light,True,True,True,0.0,0.0
TOR,2021-07-17,True,heavy,True,True,True,0.0,0.0
TOR,2021-07-18,True,medium,True,True,True,0.0,0.0
TOR,2021-07-19,True,heavy,True,True,True,0.0,0.0
TOR,2021-07-20,True,medium,True,True,True,0.0,0.0
TOR,2021-07-21,True,medium,True,True,True,0.0,0.0
TOR,2021-07-22,True,medium,True,True,True,0.0,0.0
TOR,2021-07-23,True,medium,True,True,True,0.0,0.0
TOR,2021-07-24,False,,True,True,True,14.1,241.7
TOR,2021-07-25,True,medium,True,True,True,0.0,0.0
TOR,2021-07-26,True,medium,True,True,True,0.0,0.0
TOR,2021-07-27,True,medium,True,True,True,0.0,0.0
TOR,2021-07-28,True,medium,True,True,True,0.0,0.0
TOR,2021-07-29,True,medium,True,True,True,0.0,0.0
TOR,2021-07-30,True,light,True,True,True,0.0,0.0
TOR,2021-07-31,True,medium,True,True,True,0.0,0.0
TOR,2021-08-01,False,,False,True,True,100.2,238.3
TOR,2021-08-02,False,,False,False,True,300.2,218.1
TOR,2021-08-03,True,light,True,True,True,0.0,0.0
TOR,2021-08-04,True,medium,True,True,True,0.0,0.0
TOR,2021-08-05,True,medium,True,True,True,0.0,0.0
TOR,2021-08-06,True,light,True,True,True,0.0,0.0
TOR,2021-08-07,True,light,True,True,True,0.0,0.0
TOR,2021-08-08,True,medium,True,True,True,0.0,0.0
TOR,2021-08-09,True,medium,True,True,True,0.0,0.0
TOR,2021-08-10,True,medium,True,True,True,0.0,0.0
TOR,2021-08-11,True,medium,True,True,True,0.0,0.0
TOR,2021-08-12,True,light,True,True,True,0.0,0.0
TOR,2021-08-13,True,light,True,True,True,0.0,0.0
TOR,2021-08-14,True,light,True,True,True,0.0,0.0
TOR,2021-08-15,True,light,True,True,True,0.0,0.0
TOR,2021-08-16,False,,False,True,True,107.1,222.0
TOR,2021-08-17,True,light,True,True,True,0.0,0.0
TOR,2021-08-18,False,,False,True,True,116.0,308.2
TOR,2021-08-19,False,,True,True,True,27.0,163.6
TOR,2021-08-20,True,medium,True,True,True,0.0,0.0
TOR,2021-08-21,True,medium,True,True,True,0.0,0.0
TOR,2021-08-22,False,,True,True,True,45.5,290.8
TOR,2021-08-23,True,light,True,True,True,0.0,0.0
TOR,2021-08-24,True,medium,True,True,True,0.0,0.0
TOR,2021-08-25,True,light,True,True,True,0.0,0.0
TOR,2021-08-26,True,light,True,True,True,0.0,0.0
TOR,2021-08-27,True,light,True,True,True,0.0,0.0
TOR,2021-08-28,True,light,True,True,True,0.0,0.0
TOR,2021-08-29,False,,False,False,True,438.5,295.6
TOR,2021-08-30,False,,False,True,True,205.3,346.2
TOR,2021-08-31,True,light,True,True,True,0.0,0.0
TOR,2021-09-01,False,,False,False,False,596.1,187.8
TOR,2021-09-02,False,,False,False,False,937.1,285.4
TOR,2021-09-03,False,,False,True,True,196.2,245.2
TOR,2021-09-04,True,light,True,True,True,0.0,0.0
TOR,2021-09-05,True,light,True,True,True,0.0,0.0
TOR,2021-09-06,True,light,True,True,True,0.0,0.0
TOR,2021-09-07,True,light,True,True,True,0.0,0.0
TOR,2021-09-08,True,light,True,True,True,0.0,0.0
TOR,2021-09-09,False,,True,True,True,45.6,275.8
TOR,2021-09-10,True,light,True,True,True,0.0,0.0
TOR,2021-09-11,True,light,True,True,True,0.0,0.0
TOR,2021-09-12,True,medium,True,True,True,0.0,0.0
TOR,2021-09-13,True,medium,True,True,True,0.0,0.0
TOR,2021-09-14,True,medium,True,True,True,0.0,0.0
TOR,2021-09-15,False,,False,False,True,316.7,140.5
TOR,2021-09-16,False,,False,True,True,191.6,294.7
TOR,2021-09-17,True,light,True,True,True,0.0,0.0
TOR,2021-09-18,True,light,True,True,True,0.0,0.0
TOR,2021-09-19,True,light,True,True,True,0.0,0.0
TOR,2021-09-20,True,light,True,True,True,0.0,0.0
TOR,2021-09-21,False,,False,False,True,316.0,90.0
TOR,2021-09-22,False,,False,False,False,648.8,104.6
TOR,2021-09-23,False,,False,False,False,594.5,92.9
TOR,2021-09-24,False,,False,False,True,392.1,238.9
TOR,2021-09-25,False,,False,False,True,406.2,210.2
TOR,2021-09-26,False,,False,False,False,967.7,228.4
TOR,2021-09-27,False,,False,False,True,365.1,237.5
TOR,2021-09-28,False,,False,True,True,245.9,160.0
TOR,2021-09-29,False,,False,False,True,353.4,240.0
TOR,2021-09-30,True,light,True,True,True,0.0,0.0
TOR,2021-10-01,True,light,True,True,True,0.0,0.0
TOR,2021-10-02,True,light,True,True,True,0.0,0.0
TOR,2021-10-03,False,,False,False,True,310.1,146.3
TOR,2021-10-04,False,,False,False,False,562.8,332.6
TOR,2021-10-05,False,,False,True,True,282.7,181.4
TOR,2021-10-06,False,,False,False,True,374.8,66.3
TOR,2021-10-07,False,,False,False,True,363.3,15.8
TOR,2021-10-08,False,,False,True,True,131.6,46.8
TOR,2021-10-09,False,,False,False,True,494.3,69.0
TOR,2021-10-10,False,,False,True,True,111.5,220.3
TOR,2021-10-11,True,light,True,True,True,0.0,0.0
TOR,2021-10-12,False,,False,False,False,946.9,227.7
TOR,2021-10-13,False,,False,False,False,590.4,0.4
TOR,2021-10-14,False,,False,False,False,3221.1,238.7
TOR,2021-10-15,False,,True,True,True,79.5,156.5
TOR,2021-10-16,False,,False,False,True,330.3,262.5
TOR,2021-10-17,False,,True,True,True,65.0,215.9
TOR,2021-10-18,False,,False,False,True,345.3,211.6
TOR,2021-10-19,False,,False,False,False,710.5,176.7
TOR,2021-10-20,False,,False,False,False,643.8,160.8
TOR,2021-10-21,False,,False,False,False,824.7,122.8
TOR,2021-10-22,False,,False,False,False,716.1,129.0
TOR,2021-10-23,False,,False,False,False,850.5,229.0
TOR,2021-10-24,False,,False,False,False,629.1,211.5
TOR,2021-10-25,False,,False,True,True,281.9,179.9
TOR,2021-10-26,False,,False,False,False,925.5,181.7
TOR,2021-10-27,False,,False,False,False,919.7,182.8
TOR,2021-10-28,False,,False,False,False,1667.6,203.3
TOR,2021-10-29,False,,False,False,False,1590.1,285.1
TOR,2021-10-30,False,,False,False,False,1551.3,226.3
TOR,2021-10-31,False,,False,False,False,1188.0,228.1
TOR,2021-11-01,False,,False,False,False,905.0,171.9
TOR,2021-11-02,False,,False,False,False,968.3,171.6
TOR,2021-11-03,False,,False,False,False,1205.0,189.1
TOR,2021-11-04,False,,False,False,False,1030.2,220.5
TOR,2021-11-05,False,,False,False,False,1020.6,302.0
TOR,2021-11-06,False,,False,False,True,418.4,289.8
TOR,2021-11-07,False,,False,False,False,1149.1,226.6
TOR,2021-11-08,False,,False,False,True,350.8,240.7
TOR,2021-11-09,False,,False,False,True,373.1,202.2
TOR,2021-11-10,False,,False,False,True,323.7,181.0
TOR,2021-11-11,False,,False,False,False,542.9,131.5
TOR,2021-11-12,False,,False,False,True,417.9,199.7
TOR,2021-11-13,False,,False,False,False,1494.1,204.2
TOR,2021-11-14,False,,False,False,False,1057.4,198.4
TOR,2021-11-15,False,,False,False,False,950.9,179.2
TOR,2021-11-16,False,,False,False,False,780.8,185.0
TOR,2021-11-17,False,,False,False,False,651.4,173.5
TOR,2021-11-18,False,,False,False,True,464.3,125.3
TOR,2021-11-19,False,,False,False,False,884.5,179.7
TOR,2021-11-20,False,,False,False,False,1124.0,200.5
TOR,2021-11-21,False,,False,False,False,963.9,208.5
TOR,2021-11-22,False,,False,False,False,949.0,309.0
TOR,2021-11-23,False,,False,False,False,1047.3,240.1
TOR,2021-11-24,False,,False,False,False,1234.9,197.9
TOR,2021-11-25,False,,False,False,False,904.1,301.5
TOR,2021-11-26,False,,False,False,False,1394.5,198.7
TOR,2021-11-27,False,,False,False,False,916.8,191.6
TOR,2021-11-28,False,,False,False,False,1242.0,238.8
TOR,2021-11-29,False,,False,False,False,815.8,185.9
TOR,2021-11-30,False,,False,False,False,668.2,171.9
TOR,2021-12-01,False,,False,False,False,905.1,192.6
TOR,2021-12-02,False,,False,False,False,541.2,134.9
TOR,2021-12-03,False,,False,False,False,592.9,192.3
TOR,2021-12-04,False,,False,False,False,876.3,168.4
TOR,2021-12-05,False,,False,False,False,556.9,179.9
TOR,2021-12-06,False,,False,False,False,511.5,144.3
TOR,2021-12-07,False,,False,False,False,605.9,177.7
TOR,2021-12-08,False,,False,False,False,719.9,251.5
TOR,2021-12-09,False,,False,False,False,1177.0,247.1
TOR,2021-12-10,False,,False,False,False,1695.6,240.8
TOR,2021-12-11,False,,False,False,False,1170.4,249.9
TOR,2021-12-12,False,,False,False,False,1447.5,239.6
TOR,2021-12-13,False,,False,False,False,1050.4,235.0
TOR,2021-12-14,False,,False,False,True,415.4,151.6
TOR,2021-12-15,False,,False,False,False,1444.0,251.5
TOR,2021-12-16,False,,False,False,False,1245.3,244.8
TOR,2021-12-17,False,,False,False,False,1591.4,186.2
TOR,2021-12-18,False,,False,False,False,2548.4,176.3
TOR,2021-12-19,False,,False,False,False,1120.8,238.4
TOR,2021-12-20,False,,False,False,False,1558.5,242.6
TOR,2021-12-21,False,,False,False,False,1679.6,237.5
TOR,2021-12-22,False,,False,False,False,1288.8,205.2
TOR,2021-12-23,False,,False,False,False,971.8,178.0
TOR,2021-12-24,False,,False,False,False,1833.3,184.0
TOR,2021-12-25,False,,False,False,False,1843.6,183.1
TOR,2021-12-26,False,,False,False,False,1842.4,182.6
TOR,2021-12-27,False,,False,False,False,864.6,193.2
TOR,2021-12-28,False,,False,False,False,909.5,180.5
TOR,2021-12-29,False,,False,False,False,1626.2,183.0
TOR,2021-12-30,False,,False,False,False,1470.7,203.4
TOR,2021-12-31,False,,False,False,False,1493.8,197.0
TOR,2022-01-01,False,,False,False,False,1225.5,183.6
TOR,2022-01-02,False,,False,False,False,1530.7,200.2
TOR,2022-01-03,False,,False,False,False,1725.2,215.5
TOR,2022-01-04,False,,False,False,False,1081.5,186.3
TOR,2022-01-05,False,,False,False,False,1001.8,201.2
TOR,2022-01-06,False,,False,False,False,917.7,177.0
TOR,2022-01-07,False,,False,False,False,957.2,179.5
TOR,2022-01-08,False,,False,False,False,1352.0,194.0
TOR,2022-01-09,False,,False,False,False,1263.4,187.5
TOR,2022-01-10,False,,False,False,False,1493.9,239.8
TOR,2022-01-11,False,,False,False,False,937.5,179.3
TOR,2022-01-12,False,,False,False,False,941.0,178.2
TOR,2022-01-13,False,,False,False,False,1119.8,239.3
TOR,2022-01-14,False,,False,False,False,1009.1,170.9
TOR,2022-01-15,False,,False,False,False,1304.5,187.7
TOR,2022-01-16,False,,False,False,False,1754.7,216.4
TOR,2022-01-17,False,,False,False,False,1570.2,202.2
TOR,2022-01-18,False,,False,False,False,1186.4,189.2
TOR,2022-01-19,False,,False,False,False,936.2,178.8
TOR,2022-01-20,False,,False,False,False,1302.1,188.0
TOR,2022-01-21,False,,False,False,False,1387.0,227.5
TOR,2022-01-22,False,,False,False,False,1343.6,227.7
TOR,2022-01-23,False,,False,False,False,1103.2,206.0
TOR,2022-01-24,False,,False,False,False,1287.1,173.7
TOR,2022-01-25,False,,False,False,False,1274.0,229.5
TOR,2022-01-26,False,,False,False,False,543.2,152.5
TOR,2022-01-27,False,,False,False,False,536.3,150.2
TOR,2022-01-28,False,,False,False,False,1067.2,198.6
TOR,2022-01-29,False,,False,False,False,1097.4,190.1
TOR,2022-01-30,False,,False,False,False,889.0,187.7
TOR,2022-01-31,False,,False,False,False,1064.8,186.3
TOR,2022-02-01,False,,False,False,False,758.4,214.1
TOR,2022-02-02,False,,False,False,False,930.1,164.0
TOR,2022-02-03,False,,False,False,False,908.5,161.6
TOR,2022-02-04,False,,False,False,False,1543.2,184.2
TOR,2022-02-05,False,,False,False,False,1743.2,225.4
TOR,2022-02-06,False,,False,False,False,941.8,179.0
TOR,2022-02-07,False,,False,False,False,1330.1,261.8
TOR,2022-02-08,False,,False,False,False,1107.2,205.8
TOR,2022-02-09,False,,False,False,False,763.0,208.6
TOR,2022-02-10,False,,False,False,False,855.8,170.5
TOR,2022-02-11,False,,False,False,False,564.8,189.8
TOR,2022-02-12,False,,False,False,True,421.3,152.7
TOR,2022-02-13,False,,False,False,False,1046.9,199.0
TOR,2022-02-14,False,,False,False,False,893.8,176.5
TOR,2022-02-15,False,,False,False,True,475.1,160.1
TOR,2022-02-16,False,,False,False,False,636.2,154.6
TOR,2022-02-17,False,,False,False,False,1270.9,184.5
TOR,2022-02-18,False,,False,False,False,1583.0,181.2
TOR,2022-02-19,False,,False,False,False,865.8,160.2
TOR,2022-02-20,False,,False,False,False,801.9,192.0
TOR,2022-02-21,False,,False,False,False,508.1,134.0
TOR,2022-02-22,False,,False,False,False,1081.4,181.0
TOR,2022-02-23,False,,False,False,False,1106.8,175.6
TOR,2022-02-24,False,,False,False,False,883.6,170.4
TOR,2022-02-25,False,,False,False,False,829.8,162.6
TOR,2022-02-26,False,,False,False,False,1029.0,180.0
TOR,2022-02-27,False,,False,False,False,1080.1,174.1
TOR,2022-02-28,False,,False,False,True,364.1,187.1
TOR,2022-03-01,False,,False,False,False,593.8,136.1
TOR,2022-03-02,False,,False,False,False,566.0,139.1
TOR,2022-03-03,False,,False,False,False,538.3,150.8
TOR,2022-03-04,False,,False,False,False,527.3,135.1
TOR,2022-03-05,False,,False,True,True,118.4,180.0
TOR,2022-03-06,False,,False,False,False,805.7,179.1
TOR,2022-03-07,False,,False,False,False,564.0,154.9
TOR,2022-03-08,False,,False,False,False,591.4,137.3
TOR,2022-03-09,False,,False,False,False,1276.4,231.6
TOR,2022-03-10,False,,False,False,False,1063.0,212.3
TOR,2022-03-11,False,,False,False,False,1591.9,194.2
TOR,2022-03-12,False,,False,False,False,1184.5,234.8
TOR,2022-03-13,False,,False,False,False,928.2,179.2
TOR,2022-03-14,False,,False,False,False,548.6,255.5
TOR,2022-03-15,True,light,True,True,True,0.0,0.0
TOR,2022-03-16,True,light,True,True,True,0.0,0.0
TOR,2022-03-17,True,light,True,True,True,0.0,0.0
TOR,2022-03-18,False,,False,True,True,228.7,94.0
TOR,2022-03-19,False,,False,False,False,582.8,143.5
TOR,2022-03-20,False,,True,True,True,5.9,273.4
TOR,2022-03-21,False,,False,True,True,242.7,239.4
TOR,2022-03-22,False,,False,False,False,511.8,146.2
TOR,2022-03-23,False,,False,False,False,648.0,131.6
TOR,2022-03-24,False,,False,False,False,898.7,197.8
TOR,2022-03-25,False,,False,False,False,869.5,164.2
TOR,2022-03-26,False,,False,False,False,701.5,169.4
TOR,2022-03-27,False,,False,False,False,684.0,238.0
TOR,2022-03-28,False,,False,False,False,919.5,183.2
TOR,2022-03-29,False,,False,False,False,538.2,150.9
TOR,2022-03-30,False,,False,True,True,292.3,156.7
TOR,2022-03-31,False,,False,False,False,631.1,181.2
TOR,2022-04-01,False,,False,False,False,715.8,155.8
TOR,2022-04-02,False,,False,False,False,649.9,155.1
TOR,2022-04-03,False,,False,False,False,929.2,187.7
TOR,2022-04-04,False,,False,False,False,610.0,179.5
TOR,2022-04-05,False,,False,False,False,838.4,171.4
TOR,2022-04-06,False,,False,False,False,1400.9,199.6
TOR,2022-04-07,True,light,True,True,True,0.0,0.0
TOR,2022-04-08,False,,False,False,False,845.5,180.0
TOR,2022-04-09,False,,False,False,False,738.5,269.1
TOR,2022-04-10,False,,False,False,True,412.6,232.3
TOR,2022-04-11,False,,False,True,True,274.2,151.2
TOR,2022-04-12,False,,False,False,False,851.3,177.9
TOR,2022-04-13,False,,False,False,True,411.6,181.3
TOR,2022-04-14,False,,False,True,True,187.5,274.9
TOR,2022-04-15,False,,True,True,True,13.6,139.3
TOR,2022-04-16,False,,False,False,False,573.0,225.2
TOR,2022-04-17,False,,False,False,False,617.1,180.0
TOR,2022-04-18,False,,False,False,False,836.4,238.0
TOR,2022-04-19,False,,False,False,False,1172.1,180.1
TOR,2022-04-20,False,,False,False,False,674.6,152.0
TOR,2022-04-21,False,,False,False,False,610.0,241.5
TOR,2022-04-22,False,,False,False,True,451.2,178.5
TOR,2022-04-23,False,,False,True,True,253.2,187.8
TOR,2022-04-24,False,,False,True,True,155.0,134.1
TOR,2022-04-25,False,,False,True,True,269.4,163.7
TOR,2022-04-26,False,,False,False,False,620.6,230.6
TOR,2022-04-27,False,,False,False,True,412.2,243.4
TOR,2022-04-28,False,,False,True,True,110.4,197.0
TOR,2022-04-29,False,,False,False,True,457.4,74.9
TOR,2022-04-30,False,,False,True,True,233.3,180.0
TOR,2022-05-01,False,,False,True,True,260.2,174.8
TOR,2022-05-02,False,,False,False,False,601.3,176.0
TOR,2022-05-03,False,,False,False,False,519.8,186.4
TOR,2022-05-04,False,,False,False,False,609.3,272.5
TOR,2022-05-05,False,,False,False,False,1062.3,172.5
TOR,2022-05-06,False,,False,False,False,685.2,166.7
TOR,2022-05-07,False,,False,False,False,896.0,285.6
TOR,2022-05-08,False,,False,False,False,722.0,244.9
TOR,2022-05-09,False,,True,True,True,16.7,286.5
TOR,2022-05-10,True,medium,True,True,True,0.0,0.0
TOR,2022-05-11,True,light,True,True,True,0.0,0.0
TOR,2022-05-12,True,light,True,True,True,0.0,0.0
TOR,2022-05-13,False,,False,True,True,193.4,104.8
TOR,2022-05-14,False,,False,True,True,130.2,320.5
TOR,2022-05-15,True,light,True,True,True,0.0,0.0
TOR,2022-05-16,True,light,True,True,True,0.0,0.0
TOR,2022-05-17,False,,False,True,True,176.1,168.9
TOR,2022-05-18,False,,False,False,True,402.7,219.5
TOR,2022-05-19,False,,False,False,False,657.4,174.0
TOR,2022-05-20,True,light,True,True,True,0.0,0.0
TOR,2022-05-21,True,light,True,True,True,0.0,0.0
TOR,2022-05-22,False,,True,True,True,46.9,139.6
TOR,2022-05-23,False,,False,False,True,367.2,254.6
TOR,2022-05-24,False,,False,False,False,2169.3,221.9
TOR,2022-05-25,False,,False,False,False,1844.8,229.1
TOR,2022-05-26,False,,False,False,False,1348.9,272.3
TOR,2022-05-27,False,,False,False,True,458.0,197.6
TOR,2022-05-28,False,,False,False,False,552.8,139.0
TOR,2022-05-29,False,,False,True,True,246.5,245.3
TOR,2022-05-30,True,light,True,True,True,0.0,0.0
TOR,2022-05-31,True,light,True,True,True,0.0,0.0
TOR,2022-06-01,True,light,True,True,True,0.0,0.0
TOR,2022-06-02,False,,False,False,True,450.6,172.9
TOR,2022-06-03,False,,False,False,False,685.2,151.4
TOR,2022-06-04,False,,False,False,False,790.9,144.4
TOR,2022-06-05,False,,False,True,True,163.6,335.4
TOR,2022-06-06,False,,False,False,True,428.5,236.7
TOR,2022-06-07,False,,False,False,False,625.9,155.4
TOR,2022-06-08,False,,False,False,False,530.4,161.0
TOR,2022-06-09,False,,False,False,False,670.6,150.2
TOR,2022-06-10,False,,False,False,False,567.0,170.2
TOR,2022-06-11,False,,False,False,False,660.9,156.1
TOR,2022-06-12,False,,False,True,True,184.7,222.0
TOR,2022-06-13,False,,False,True,True,267.8,194.2
TOR,2022-06-14,True,light,True,True,True,0.0,0.0
TOR,2022-06-15,True,light,True,True,True,0.0,0.0
TOR,2022-06-16,True,light,True,True,True,0.0,0.0
TOR,2022-06-17,True,medium,True,True,True,0.0,0.0
TOR,2022-06-18,False,,False,True,True,214.3,343.6
TOR,2022-06-19,True,light,True,True,True,0.0,0.0
TOR,2022-06-20,False,,False,True,True,154.4,82.0
TOR,2022-06-21,True,light,True,True,True,0.0,0.0
TOR,2022-06-22,True,light,True,True,True,0.0,0.0
TOR,2022-06-23,True,light,True,True,True,0.0,0.0
TOR,2022-06-24,True,light,True,True,True,0.0,0.0
TOR,2022-06-25,True,light,True,True,True,0.0,0.0
TOR,2022-06-26,True,light,True,True,True,0.0,0.0
TOR,2022-06-27,False,,False,False,True,382.4,315.7
TOR,2022-06-28,True,light,True,True,True,0.0,0.0
TOR,2022-06-29,True,light,True,True,True,0.0,0.0
TOR,2022-06-30,True,light,True,True,True,0.0,0.0
TOR,2022-07-01,False,,True,True,True,15.8,154.5
TOR,2022-07-02,True,medium,True,True,True,0.0,0.0
TOR,2022-07-03,True,light,True,True,True,0.0,0.0
TOR,2022-07-04,True,light,True,True,True,0.0,0.0
TOR,2022-07-05,False,,False,False,True,399.8,224.5
TOR,2022-07-06,False,,False,True,True,186.6,237.0
TOR,2022-07-07,False,,False,False,False,589.3,207.8
TOR,2022-07-08,True,light,True,True,True,0.0,0.0
TOR,2022-07-09,True,light,True,True,True,0.0,0.0
TOR,2022-07-10,True,light,True,True,True,0.0,0.0
TOR,2022-07-11,True,light,True,True,True,0.0,0.0
TOR,2022-07-12,True,light,True,True,True,0.0,0.0
TOR,2022-07-13,True,light,True,True,True,0.0,0.0
TOR,2022-07-14,True,medium,True,True,True,0.0,0.0
TOR,2022-07-15,True,light,True,True,True,0.0,0.0
TOR,2022-07-16,True,light,True,True,True,0.0,0.0
TOR,2022-07-17,True,light,True,True,True,0.0,0.0
TOR,2022-07-18,True,light,True,True,True,0.0,0.0
TOR,2022-07-19,True,medium,True,True,True,0.0,0.0
TOR,2022-07-20,True,light,True,True,True,0.0,0.0
TOR,2022-07-21,True,light,True,True,True,0.0,0.0
TOR,2022-07-22,True,light,True,True,True,0.0,0.0
TOR,2022-07-23,True,light,True,True,True,0.0,0.0
TOR,2022-07-24,True,light,True,True,True,0.0,0.0
TOR,2022-07-25,False,,False,False,True,467.6,313.9
TOR,2022-07-26,False,,False,False,True,467.6,313.9
TOR,2022-07-27,False,,False,False,True,330.4,280.5
TOR,2022-07-28,False,,False,False,False,1756.3,276.9
TOR,2022-07-29,False,,False,False,False,784.4,292.6
TOR,2022-07-30,True,light,True,True,True,0.0,0.0
TOR,2022-07-31,True,light,True,True,True,0.0,0.0
TOR,2022-08-01,True,light,True,True,True,0.0,0.0
TOR,2022-08-02,False,,False,True,True,281.9,214.1
TOR,2022-08-03,True,light,True,True,True,0.0,0.0
TOR,2022-08-04,True,light,True,True,True,0.0,0.0
TOR,2022-08-05,True,light,True,True,True,0.0,0.0
TOR,2022-08-06,False,,False,False,True,397.9,87.5
TOR,2022-08-07,False,,True,True,True,53.4,164.5
TOR,2022-08-08,False,,True,True,True,61.2,132.9
TOR,2022-08-09,False,,False,False,True,381.5,313.6
TOR,2022-08-10,True,light,True,True,True,0.0,0.0
TOR,2022-08-11,False,,True,True,True,28.0,176.0
TOR,2022-08-12,False,,False,False,True,311.7,192.2
TOR,2022-08-13,False,,False,False,False,543.9,245.8
TOR,2022-08-14,False,,False,False,False,713.6,186.6
TOR,2022-08-15,False,,False,False,False,852.4,189.9
TOR,2022-08-16,True,light,True,True,True,0.0,0.0
TOR,2022-08-17,True,light,True,True,True,0.0,0.0
TOR,2022-08-18,True,light,True,True,True,0.0,0.0
TOR,2022-08-19,True,light,True,True,True,0.0,0.0
TOR,2022-08-20,True,light,True,True,True,0.0,0.0
TOR,2022-08-21,True,light,True,True,True,0.0,0.0
TOR,2022-08-22,False,,False,True,True,137.1,323.9
TOR,2022-08-23,True,light,True,True,True,0.0,0.0
TOR,2022-08-24,True,light,True,True,True,0.0,0.0
TOR,2022-08-25,True,light,True,True,True,0.0,0.0
TOR,2022-08-26,True,light,True,True,True,0.0,0.0
TOR,2022-08-27,True,light,True,True,True,0.0,0.0
TOR,2022-08-28,True,light,True,True,True,0.0,0.0
TOR,2022-08-29,False,,True,True,True,76.1,140.0
TOR,2022-08-30,True,light,True,True,True,0.0,0.0
TOR,2022-08-31,False,,False,False,False,913.7,180.0
TOR,2022-09-01,False,,False,False,False,890.7,275.2
TOR,2022-09-02,True,light,True,True,True,0.0,0.0
TOR,2022-09-03,True,light,True,True,True,0.0,0.0
TOR,2022-09-04,False,,False,False,False,517.8,113.0
TOR,2022-09-05,False,,False,True,True,160.6,1.4
TOR,2022-09-06,False,,False,True,True,203.1,328.9
TOR,2022-09-07,True,light,True,True,True,0.0,0.0
TOR,2022-09-08,True,light,True,True,True,0.0,0.0
TOR,2022-09-09,True,medium,True,True,True,0.0,0.0
TOR,2022-09-10,True,medium,True,True,True,0.0,0.0
TOR,2022-09-11,False,,False,False,False,546.9,102.5
TOR,2022-09-12,True,light,True,True,True,0.0,0.0
TOR,2022-09-13,False,,False,True,True,219.9,277.3
TOR,2022-09-14,True,medium,True,True,True,0.0,0.0
TOR,2022-09-15,True,medium,True,True,True,0.0,0.0
TOR,2022-09-16,True,medium,True,True,True,0.0,0.0
TOR,2022-09-17,True,medium,True,True,True,0.0,0.0
TOR,2022-09-18,True,light,True,True,True,0.0,0.0
TOR,2022-09-19,True,light,True,True,True,0.0,0.0
TOR,2022-09-20,True,light,True,True,True,0.0,0.0
TOR,2022-09-21,True,light,True,True,True,0.0,0.0
TOR,2022-09-22,False,,False,False,False,578.1,136.8
TOR,2022-09-23,False,,False,False,False,854.6,217.4
TOR,2022-09-24,False,,False,False,False,655.0,217.5
TOR,2022-09-25,False,,False,False,False,503.6,185.9
TOR,2022-09-26,False,,False,False,False,604.3,135.3
TOR,2022-09-27,False,,False,False,False,819.1,232.5
TOR,2022-09-28,False,,False,False,False,1030.0,220.4
TOR,2022-09-29,False,,False,False,False,1021.8,208.3
TOR,2022-09-30,False,,False,False,True,358.3,358.1
TOR,2022-10-01,True,light,True,True,True,0.0,0.0
TOR,2022-10-02,False,,False,True,True,219.5,269.8
TOR,2022-10-03,True,light,True,True,True,0.0,0.0
TOR,2022-10-04,True,light,True,True,True,0.0,0.0
TOR,2022-10-05,True,light,True,True,True,0.0,0.0
TOR,2022-10-06,False,,False,False,False,502.2,276.3
TOR,2022-10-07,False,,False,False,True,330.5,147.6
TOR,2022-10-08,False,,False,False,False,533.4,288.1
TOR,2022-10-09,True,light,True,True,True,0.0,0.0
TOR,2022-10-10,False,,True,True,True,6.4,148.0
TOR,2022-10-11,True,light,True,True,True,0.0,0.0
TOR,2022-10-12,False,,False,False,True,493.1,313.5
TOR,2022-10-13,False,,False,True,True,187.3,247.1
TOR,2022-10-14,True,light,True,True,True,0.0,0.0
TOR,2022-10-15,True,light,True,True,True,0.0,0.0
TOR,2022-10-16,True,light,True,True,True,0.0,0.0
TOR,2022-10-17,False,,False,False,True,474.3,170.3
TOR,2022-10-18,False,,False,False,False,899.8,179.5
TOR,2022-10-19,False,,False,False,False,912.7,180.2
TOR,2022-10-20,False,,False,False,False,689.5,222.8
TOR,2022-10-21,False,,True,True,True,9.7,250.3
TOR,2022-10-22,True,light,True,True,True,0.0,0.0
TOR,2022-10-23,True,light,True,True,True,0.0,0.0
TOR,2022-10-24,False,,False,False,True,360.8,193.5
TOR,2022-10-25,False,,False,False,False,1294.6,191.0
TOR,2022-10-26,False,,False,False,False,1108.1,227.9
TOR,2022-10-27,False,,False,False,False,655.0,163.3
TOR,2022-10-28,False,,False,False,True,414.4,246.0
TOR,2022-10-29,False,,False,False,False,792.5,206.4
TOR,2022-10-30,False,,False,False,False,645.0,340.5
TOR,2022-10-31,False,,False,False,True,383.7,325.9
TOR,2022-11-01,False,,False,False,False,994.6,249.0
TOR,2022-11-02,True,light,True,True,True,0.0,0.0
TOR,2022-11-03,False,,False,False,False,896.5,183.0
TOR,2022-11-04,False,,False,False,True,344.0,193.5
TOR,2022-11-05,False,,False,False,False,1174.5,325.5
TOR,2022-11-06,False,,False,False,False,1270.9,274.9
TOR,2022-11-07,False,,False,False,False,659.2,169.2
TOR,2022-11-08,False,,False,True,True,177.6,118.1
TOR,2022-11-09,False,,False,True,True,236.4,158.5
TOR,2022-11-10,True,light,True,True,True,0.0,0.0
TOR,2022-11-11,False,,False,False,False,952.3,229.8
TOR,2022-11-12,False,,False,False,False,1337.9,190.8
TOR,2022-11-13,False,,False,False,False,1254.4,216.3
TOR,2022-11-14,False,,False,False,False,1245.7,213.9
TOR,2022-11-15,False,,False,False,False,1956.2,194.1
TOR,2022-11-16,False,,False,False,False,1749.4,224.0
TOR,2022-11-17,False,,False,False,False,952.2,178.6
TOR,2022-11-18,False,,False,False,False,866.4,182.7
TOR,2022-11-19,False,,False,False,False,1835.2,184.2
TOR,2022-11-20,False,,False,False,False,1166.6,229.8
TOR,2022-11-21,False,,False,False,False,629.7,163.4
TOR,2022-11-22,False,,False,False,True,402.6,144.2
TOR,2022-11-23,False,,True,True,True,62.5,250.0
TOR,2022-11-24,False,,False,False,False,874.8,207.4
TOR,2022-11-25,False,,False,False,False,993.6,245.4
TOR,2022-11-26,False,,False,False,False,867.4,175.7
TOR,2022-11-27,False,,False,False,False,1308.8,270.4
TOR,2022-11-28,False,,False,False,False,867.9,175.8
TOR,2022-11-29,False,,False,False,False,839.7,177.0
TOR,2022-11-30,False,,False,False,False,1253.6,207.2
TOR,2022-12-01,False,,False,False,False,1113.4,194.3
TOR,2022-12-02,False,,False,False,False,1189.1,190.2
TOR,2022-12-03,False,,False,False,False,1171.7,235.7
TOR,2022-12-04,False,,False,False,False,1548.8,200.9
TOR,2022-12-05,False,,False,False,False,1842.8,183.1
TOR,2022-12-06,False,,False,False,False,1825.6,184.5
TOR,2022-12-07,False,,False,False,False,1306.9,187.6
TOR,2022-12-08,False,,False,False,False,1168.1,200.6
TOR,2022-12-09,False,,False,False,False,1214.3,195.1
TOR,2022-12-10,False,,False,False,False,1454.7,194.5
TOR,2022-12-11,False,,False,False,False,1571.3,195.3
TOR,2022-12-12,False,,False,False,False,1866.9,182.5
TOR,2022-12-13,False,,False,False,False,986.9,178.5
TOR,2022-12-14,False,,False,False,False,1589.4,196.6
TOR,2022-12-15,False,,False,False,False,1592.7,193.5
TOR,2022-12-16,False,,False,False,False,1178.7,161.1
TOR,2022-12-17,False,,False,False,False,1462.3,167.1
TOR,2022-12-18,False,,False,False,False,941.2,178.8
TOR,2022-12-19,False,,False,False,False,1160.7,191.6
TOR,2022-12-20,False,,False,False,False,1900.6,183.3
TOR,2022-12-21,False,,False,False,False,2297.1,182.6
TOR,2022-12-22,False,,False,False,False,2212.8,202.6
TOR,2022-12-23,False,,False,False,False,1742.5,214.0
TOR,2022-12-24,False,,False,False,False,1737.3,215.1
TOR,2022-12-25,False,,False,False,False,937.9,187.7
TOR,2022-12-26,False,,False,False,False,1171.5,192.5
TOR,2022-12-27,False,,False,False,False,953.9,181.6
TOR,2022-12-28,False,,False,False,False,1118.5,224.5
TOR,2022-12-29,False,,False,False,False,509.5,168.1
TOR,2022-12-30,False,,False,False,True,497.6,164.4
TOR,2022-12-31,False,,False,False,False,1803.5,183.3
TOR,2023-01-01,False,,False,False,False,1868.4,212.6
TOR,2023-01-02,False,,False,False,False,1113.4,181.2
TOR,2023-01-03,False,,False,False,False,861.1,225.1
TOR,2023-01-04,False,,False,False,False,1264.4,205.7
TOR,2023-01-05,False,,False,False,False,1428.6,194.4
TOR,2023-01-06,False,,False,False,False,937.2,178.0
TOR,2023-01-07,False,,False,False,False,1206.5,192.3
TOR,2023-01-08,False,,False,False,False,1553.7,189.8
TOR,2023-01-09,False,,False,False,False,924.3,178.9
TOR,2023-01-10,False,,False,False,False,1053.6,183.7
TOR,2023-01-11,False,,False,False,False,887.0,167.3
TOR,2023-01-12,False,,False,False,False,1009.4,163.0
TOR,2023-01-13,False,,False,False,False,750.1,160.3
TOR,2023-01-14,False,,False,False,False,1224.2,185.0
TOR,2023-01-15,False,,False,False,False,885.9,179.9
TOR,2023-01-16,False,,False,False,False,922.9,161.4
TOR,2023-01-17,False,,False,False,False,1138.6,175.6
TOR,2023-01-18,False,,False,False,False,1611.6,191.0
TOR,2023-01-19,False,,False,False,False,1511.2,202.7
TOR,2023-01-20,False,,False,False,False,938.8,178.2
TOR,2023-01-21,False,,False,False,False,2171.4,212.8
TOR,2023-01-22,False,,False,False,False,2266.4,204.0
TOR,2023-01-23,False,,False,False,False,1435.5,156.9
TOR,2023-01-24,False,,False,False,False,891.4,177.1
TOR,2023-01-25,False,,False,False,False,1372.9,203.3
TOR,2023-01-26,False,,False,False,False,1545.4,203.1
TOR,2023-01-27,False,,False,False,False,1103.1,181.4
TOR,2023-01-28,False,,False,False,False,918.5,177.8
TOR,2023-01-29,False,,False,False,False,1632.1,204.6
TOR,2023-01-30,False,,False,False,False,1538.6,184.9
TOR,2023-01-31,False,,False,False,False,1335.8,178.9
TOR,2023-02-01,False,,False,False,False,1299.1,185.9
TOR,2023-02-02,False,,False,False,False,1099.7,243.0
TOR,2023-02-03,False,,False,False,False,1057.1,241.9
TOR,2023-02-04,False,,False,False,False,886.9,175.2
TOR,2023-02-05,False,,False,False,False,928.3,234.5
TOR,2023-02-06,False,,False,False,False,649.2,155.4
TOR,2023-02-07,False,,False,False,False,948.9,177.4
TOR,2023-02-08,False,,False,False,False,590.1,140.7
TOR,2023-02-09,False,,False,False,False,1253.2,198.9
TOR,2023-02-10,False,,False,False,False,1067.3,224.6
TOR,2023-02-11,False,,False,False,True,352.1,142.7
TOR,2023-02-12,False,,False,False,False,780.4,233.9
TOR,2023-02-13,False,,False,False,True,420.1,147.4
TOR,2023-02-14,False,,False,False,True,354.5,149.9
TOR,2023-02-15,False,,False,False,True,473.1,128.1
TOR,2023-02-16,False,,False,False,False,1262.2,202.9
TOR,2023-02-17,False,,False,False,False,1209.1,243.1
TOR,2023-02-18,False,,False,False,False,814.2,210.3
TOR,2023-02-19,False,,False,False,False,1196.4,187.8
TOR,2023-02-20,False,,False,False,False,1010.0,170.5
TOR,2023-02-21,False,,False,False,False,1388.3,193.6
TOR,2023-02-22,False,,False,False,False,519.7,200.9
TOR,2023-02-23,False,,False,False,False,574.8,176.9
TOR,2023-02-24,False,,False,False,False,656.8,158.0
TOR,2023-02-25,False,,False,False,False,991.3,252.8
TOR,2023-02-26,False,,False,False,False,566.9,142.2
TOR,2023-02-27,False,,False,False,False,637.3,128.8
TOR,2023-02-28,False,,False,False,False,771.2,177.5
TOR,2023-03-01,False,,False,False,False,950.7,186.4
TOR,2023-03-02,False,,False,False,False,1107.6,158.2
TOR,2023-03-03,False,,False,False,False,569.6,182.1
TOR,2023-03-04,False,,False,False,False,879.4,146.3
TOR,2023-03-05,False,,False,False,False,862.9,208.9
TOR,2023-03-06,False,,False,False,False,545.2,161.5
TOR,2023-03-07,False,,False,False,False,600.1,137.5
TOR,2023-03-08,False,,False,False,False,644.1,241.6
TOR,2023-03-09,False,,False,False,False,545.2,152.6
TOR,2023-03-10,False,,False,False,False,1450.0,187.1
TOR,2023-03-11,False,,False,False,False,1304.9,191.7
TOR,2023-03-12,False,,False,False,False,1241.6,180.6
TOR,2023-03-13,False,,False,False,False,1190.9,230.4
TOR,2023-03-14,False,,False,False,False,690.3,241.5
TOR,2023-03-15,False,,False,False,False,765.4,254.3
TOR,2023-03-16,False,,False,False,False,537.0,150.3
TOR,2023-03-17,False,,False,False,False,1011.4,166.4
TOR,2023-03-18,False,,False,False,False,1263.7,156.7
TOR,2023-03-19,False,,False,False,False,594.8,254.0
TOR,2023-03-20,False,,False,False,True,422.4,147.8
TOR,2023-03-21,True,light,True,True,True,0.0,0.0
TOR,2023-03-22,False,,False,False,False,1218.3,200.3
TOR,2023-03-23,False,,False,False,False,947.1,184.2
TOR,2023-03-24,False,,False,False,False,618.9,163.3
TOR,2023-03-25,False,,False,False,True,311.8,187.7
TOR,2023-03-26,False,,False,True,True,234.8,205.0
TOR,2023-03-27,False,,False,False,False,707.5,245.9
TOR,2023-03-28,False,,False,False,False,639.4,251.1
TOR,2023-03-29,False,,False,True,True,298.6,192.0
TOR,2023-03-30,False,,False,False,True,407.6,147.5
TOR,2023-03-31,False,,False,False,False,1265.8,239.8
TOR,2023-04-01,False,,True,True,True,49.3,222.5
TOR,2023-04-02,False,,False,False,False,918.6,182.8
TOR,2023-04-03,False,,False,True,True,191.1,243.7
TOR,2023-04-04,False,,False,False,True,381.7,142.0
TOR,2023-04-05,False,,False,True,True,254.5,171.6
TOR,2023-04-06,False,,False,False,False,611.8,137.4
TOR,2023-04-07,False,,False,False,True,372.1,258.3
TOR,2023-04-08,True,light,True,True,True,0.0,0.0
TOR,2023-04-09,False,,True,True,True,57.2,248.5
TOR,2023-04-10,True,light,True,True,True,0.0,0.0
TOR,2023-04-11,False,,False,True,True,173.5,222.0
TOR,2023-04-12,True,light,True,True,True,0.0,0.0
TOR,2023-04-13,True,light,True,True,True,0.0,0.0
TOR,2023-04-14,True,light,True,True,True,0.0,0.0
TOR,2023-04-15,True,light,True,True,True,0.0,0.0
TOR,2023-04-16,True,light,True,True,True,0.0,0.0
TOR,2023-04-17,False,,False,False,False,1115.1,180.7
TOR,2023-04-18,False,,False,False,True,486.9,159.5
TOR,2023-04-19,False,,False,False,True,492.9,176.8
TOR,2023-04-20,False,,False,True,True,184.4,161.9
TOR,2023-04-21,False,,True,True,True,62.7,143.8
TOR,2023-04-22,False,,False,False,False,941.3,168.1
TOR,2023-04-23,False,,False,False,False,1100.7,246.8
TOR,2023-04-24,False,,False,False,False,892.0,250.5
TOR,2023-04-25,False,,False,False,False,548.8,166.7
TOR,2023-04-26,False,,False,False,False,559.6,245.0
TOR,2023-04-27,False,,False,True,True,244.6,150.2
TOR,2023-04-28,False,,False,False,False,1060.6,182.1
TOR,2023-04-29,False,,False,False,False,1740.8,200.7
TOR,2023-04-30,False,,False,False,False,835.0,159.0
TOR,2023-05-01,False,,False,False,False,1146.4,274.1
TOR,2023-05-02,False,,False,False,False,943.6,156.3
TOR,2023-05-03,False,,False,False,False,632.8,238.3
TOR,2023-05-04,False,,False,False,True,324.3,234.0
TOR,2023-05-05,False,,True,True,True,2.8,215.3
TOR,2023-05-06,False,,False,False,True,481.5,250.6
TOR,2023-05-07,False,,False,False,True,359.2,10.0
TOR,2023-05-08,True,medium,True,True,True,0.0,0.0
TOR,2023-05-09,True,heavy,True,True,True,0.0,0.0
TOR,2023-05-10,True,heavy,True,True,True,0.0,0.0
TOR,2023-05-11,True,light,True,True,True,0.0,0.0
TOR,2023-05-12,True,light,True,True,True,0.0,0.0
TOR,2023-05-13,True,light,True,True,True,0.0,0.0
TOR,2023-05-14,True,light,True,True,True,0.0,0.0
TOR,2023-05-15,True,medium,True,True,True,0.0,0.0
TOR,2023-05-16,True,medium,True,True,True,0.0,0.0
TOR,2023-05-17,True,heavy,True,True,True,0.0,0.0
TOR,2023-05-18,True,medium,True,True,True,0.0,0.0
TOR,2023-05-19,True,light,True,True,True,0.0,0.0
TOR,2023-05-20,True,light,True,True,True,0.0,0.0
TOR,2023-05-21,True,heavy,True,True,True,0.0,0.0
TOR,2023-05-22,True,heavy,True,True,True,0.0,0.0
TOR,2023-05-23,True,medium,True,True,True,0.0,0.0
TOR,2023-05-24,True,light,True,True,True,0.0,0.0
TOR,2023-05-25,True,light,True,True,True,0.0,0.0
TOR,2023-05-26,True,light,True,True,True,0.0,0.0
TOR,2023-05-27,True,light,True,True,True,0.0,0.0
TOR,2023-05-28,True,medium,True,True,True,0.0,0.0
TOR,2023-05-29,True,light,True,True,True,0.0,0.0
TOR,2023-05-30,True,medium,True,True,True,0.0,0.0
TOR,2023-05-31,True,medium,True,True,True,0.0,0.0
TOR,2023-06-01,True,medium,True,True,True,0.0,0.0
TOR,2023-06-02,True,medium,True,True,True,0.0,0.0
TOR,2023-06-03,True,heavy,True,True,True,0.0,0.0
TOR,2023-06-04,True,heavy,True,True,True,0.0,0.0
TOR,2023-06-05,True,heavy,True,True,True,0.0,0.0
TOR,2023-06-06,True,heavy,True,True,True,0.0,0.0
TOR,2023-06-07,True,heavy,True,True,True,0.0,0.0
TOR,2023-06-08,True,light,True,True,True,0.0,0.0
TOR,2023-06-09,True,medium,True,True,True,0.0,0.0
TOR,2023-06-10,True,light,True,True,True,0.0,0.0
TOR,2023-06-11,True,medium,True,True,True,0.0,0.0
TOR,2023-06-12,False,,False,True,True,221.7,61.4
TOR,2023-06-13,True,light,True,True,True,0.0,0.0
TOR,2023-06-14,True,medium,True,True,True,0.0,0.0
TOR,2023-06-15,True,medium,True,True,True,0.0,0.0
TOR,2023-06-16,True,medium,True,True,True,0.0,0.0
TOR,2023-06-17,True,medium,True,True,True,0.0,0.0
TOR,2023-06-18,True,heavy,True,True,True,0.0,0.0
TOR,2023-06-19,True,medium,True,True,True,0.0,0.0
TOR,2023-06-20,True,medium,True,True,True,0.0,0.0
TOR,2023-06-21,True,medium,True,True,True,0.0,0.0
TOR,2023-06-22,True,light,True,True,True,0.0,0.0
TOR,2023-06-23,False,,True,True,True,6.7,338.2
TOR,2023-06-24,True,light,True,True,True,0.0,0.0
TOR,2023-06-25,True,light,True,True,True,0.0,0.0
TOR,2023-06-26,True,light,True,True,True,0.0,0.0
TOR,2023-06-27,True,light,True,True,True,0.0,0.0
TOR,2023-06-28,True,heavy,True,True,True,0.0,0.0
TOR,2023-06-29,True,heavy,True,True,True,0.0,0.0
TOR,2023-06-30,True,medium,True,True,True,0.0,0.0
TOR,2023-07-01,True,medium,True,True,True,0.0,0.0
TOR,2023-07-02,True,light,True,True,True,0.0,0.0
TOR,2023-07-03,True,medium,True,True,True,0.0,0.0
TOR,2023-07-04,True,light,True,True,True,0.0,0.0
TOR,2023-07-05,True,light,True,True,True,0.0,0.0
TOR,2023-07-06,True,light,True,True,True,0.0,0.0
TOR,2023-07-07,True,light,True,True,True,0.0,0.0
TOR,2023-07-08,True,light,True,True,True,0.0,0.0
TOR,2023-07-09,True,light,True,True,True,0.0,0.0
TOR,2023-07-10,True,medium,True,True,True,0.0,0.0
TOR,2023-07-11,True,medium,True,True,True,0.0,0.0
TOR,2023-07-12,True,medium,True,True,True,0.0,0.0
TOR,2023-07-13,True,medium,True,True,True,0.0,0.0
TOR,2023-07-14,True,medium,True,True,True,0.0,0.0
TOR,2023-07-15,True,light,True,True,True,0.0,0.0
TOR,2023-07-16,True,heavy,True,True,True,0.0,0.0
TOR,2023-07-17,True,heavy,True,True,True,0.0,0.0
TOR,2023-07-18,True,medium,True,True,True,0.0,0.0
TOR,2023-07-19,True,medium,True,True,True,0.0,0.0
TOR,2023-07-20,True,light,True,True,True,0.0,0.0
TOR,2023-07-21,True,light,True,True,True,0.0,0.0
TOR,2023-07-22,True,medium,True,True,True,0.0,0.0
TOR,2023-07-23,True,medium,True,True,True,0.0,0.0
TOR,2023-07-24,True,medium,True,True,True,0.0,0.0
TOR,2023-07-25,True,heavy,True,True,True,0.0,0.0
TOR,2023-07-26,True,medium,True,True,True,0.0,0.0
TOR,2023-07-27,True,medium,True,True,True,0.0,0.0
TOR,2023-07-28,True,light,True,True,True,0.0,0.0
TOR,2023-07-29,True,light,True,True,True,0.0,0.0
TOR,2023-07-30,True,medium,True,True,True,0.0,0.0
TOR,2023-07-31,True,heavy,True,True,True,0.0,0.0
TOR,2023-08-01,True,medium,True,True,True,0.0,0.0
TOR,2023-08-02,True,medium,True,True,True,0.0,0.0
TOR,2023-08-03,True,medium,True,True,True,0.0,0.0
TOR,2023-08-04,True,medium,True,True,True,0.0,0.0
TOR,2023-08-05,True,medium,True,True,True,0.0,0.0
TOR,2023-08-06,True,light,True,True,True,0.0,0.0
TOR,2023-08-07,True,light,True,True,True,0.0,0.0
TOR,2023-08-08,True,light,True,True,True,0.0,0.0
TOR,2023-08-09,True,light,True,True,True,0.0,0.0
TOR,2023-08-10,True,medium,True,True,True,0.0,0.0
TOR,2023-08-11,True,light,True,True,True,0.0,0.0
TOR,2023-08-12,True,light,True,True,True,0.0,0.0
TOR,2023-08-13,False,,False,True,True,161.5,230.6
TOR,2023-08-14,True,light,True,True,True,0.0,0.0
TOR,2023-08-15,True,light,True,True,True,0.0,0.0
TOR,2023-08-16,True,light,True,True,True,0.0,0.0
TOR,2023-08-17,True,light,True,True,True,0.0,0.0
TOR,2023-08-18,True,light,True,True,True,0.0,0.0
TOR,2023-08-19,True,medium,True,True,True,0.0,0.0
TOR,2023-08-20,True,medium,True,True,True,0.0,0.0
TOR,2023-08-21,True,light,True,True,True,0.0,0.0
TOR,2023-08-22,True,light,True,True,True,0.0,0.0
TOR,2023-08-23,True,light,True,True,True,0.0,0.0
TOR,2023-08-24,True,light,True,True,True,0.0,0.0
TOR,2023-08-25,True,light,True,True,True,0.0,0.0
TOR,2023-08-26,True,medium,True,True,True,0.0,0.0
TOR,2023-08-27,True,light,True,True,True,0.0,0.0
TOR,2023-08-28,True,light,True,True,True,0.0,0.0
TOR,2023-08-29,True,light,True,True,True,0.0,0.0
TOR,2023-08-30,False,,False,True,True,216.6,270.0
TOR,2023-08-31,True,heavy,True,True,True,0.0,0.0
TOR,2023-09-01,True,medium,True,True,True,0.0,0.0
TOR,2023-09-02,True,light,True,True,True,0.0,0.0
TOR,2023-09-03,True,light,True,True,True,0.0,0.0
TOR,2023-09-04,True,light,True,True,True,0.0,0.0
TOR,2023-09-05,True,light,True,True,True,0.0,0.0
TOR,2023-09-06,True,light,True,True,True,0.0,0.0
TOR,2023-09-07,True,light,True,True,True,0.0,0.0
TOR,2023-09-08,False,,False,False,True,411.6,277.2
TOR,2023-09-09,True,light,True,True,True,0.0,0.0
TOR,2023-09-10,True,light,True,True,True,0.0,0.0
TOR,2023-09-11,True,light,True,True,True,0.0,0.0
TOR,2023-09-12,True,light,True,True,True,0.0,0.0
TOR,2023-09-13,True,light,True,True,True,0.0,0.0
TOR,2023-09-14,True,light,True,True,True,0.0,0.0
TOR,2023-09-15,True,light,True,True,True,0.0,0.0
TOR,2023-09-16,True,light,True,True,True,0.0,0.0
TOR,2023-09-17,True,light,True,True,True,0.0,0.0
TOR,2023-09-18,True,light,True,True,True,0.0,0.0
TOR,2023-09-19,True,light,True,True,True,0.0,0.0
TOR,2023-09-20,True,light,True,True,True,0.0,0.0
TOR,2023-09-21,True,light,True,True,True,0.0,0.0
TOR,2023-09-22,True,light,True,True,True,0.0,0.0
TOR,2023-09-23,True,light,True,True,True,0.0,0.0
TOR,2023-09-24,True,light,True,True,True,0.0,0.0
TOR,2023-09-25,False,,True,True,True,19.9,9.9
TOR,2023-09-26,True,medium,True,True,True,0.0,0.0
TOR,2023-09-27,True,light,True,True,True,0.0,0.0
TOR,2023-09-28,True,medium,True,True,True,0.0,0.0
TOR,2023-09-29,True,light,True,True,True,0.0,0.0
TOR,2023-09-30,True,light,True,True,True,0.0,0.0
TOR,2023-10-01,True,light,True,True,True,0.0,0.0
TOR,2023-10-02,True,light,True,True,True,0.0,0.0
TOR,2023-10-03,True,light,True,True,True,0.0,0.0
TOR,2023-10-04,True,light,True,True,True,0.0,0.0
TOR,2023-10-05,False,,False,True,True,102.6,129.1
TOR,2023-10-06,True,light,True,True,True,0.0,0.0
TOR,2023-10-07,True,light,True,True,True,0.0,0.0
TOR,2023-10-08,False,,False,True,True,178.2,249.5
TOR,2023-10-09,False,,False,False,False,675.0,253.4
TOR,2023-10-10,False,,False,False,False,523.4,166.7
TOR,2023-10-11,False,,False,False,False,655.7,230.7
TOR,2023-10-12,False,,True,True,True,39.9,172.8
TOR,2023-10-13,False,,False,True,True,285.7,203.5
TOR,2023-10-14,False,,False,False,False,900.0,193.0
TOR,2023-10-15,False,,False,False,False,710.2,17.9
TOR,2023-10-16,False,,False,False,False,934.4,297.0
TOR,2023-10-17,False,,False,False,False,1064.0,227.0
TOR,2023-10-18,False,,False,True,True,178.7,275.9
TOR,2023-10-19,True,light,True,True,True,0.0,0.0
TOR,2023-10-20,False,,False,False,True,445.6,155.4
TOR,2023-10-21,False,,False,False,False,997.2,252.4
TOR,2023-10-22,False,,False,False,False,1063.8,232.6
TOR,2023-10-23,False,,False,True,True,175.0,277.8
TOR,2023-10-24,True,light,True,True,True,0.0,0.0
TOR,2023-10-25,False,,False,False,True,484.4,150.1
TOR,2023-10-26,False,,False,False,False,588.4,179.1
TOR,2023-10-27,True,light,True,True,True,0.0,0.0
TOR,2023-10-28,False,,False,False,True,306.3,133.4
TOR,2023-10-29,False,,False,False,False,859.6,180.7
TOR,2023-10-30,False,,False,False,False,829.1,171.7
TOR,2023-10-31,False,,False,False,False,999.2,178.4
TOR,2023-11-01,False,,False,False,False,579.2,171.6
TOR,2023-11-02,False,,False,False,False,529.6,166.7
TOR,2023-11-03,True,light,True,True,True,0.0,0.0
TOR,2023-11-04,False,,True,True,True,15.9,356.1
TOR,2023-11-05,False,,True,True,True,15.3,177.5
TOR,2023-11-06,False,,False,True,True,171.9,186.9
TOR,2023-11-07,False,,False,False,True,380.7,178.9
TOR,2023-11-08,False,,False,True,True,160.4,196.2
TOR,2023-11-09,False,,True,True,True,6.5,204.6
TOR,2023-11-10,False,,False,False,False,716.1,220.2
TOR,2023-11-11,False,,False,True,True,234.2,162.0
TOR,2023-11-12,False,,False,False,True,357.6,175.4
TOR,2023-11-13,False,,False,False,True,399.1,143.3
TOR,2023-11-14,False,,False,False,False,538.0,150.9
TOR,2023-11-15,False,,True,True,True,34.4,270.0
TOR,2023-11-16,False,,True,True,True,11.9,173.7
TOR,2023-11-17,False,,False,False,False,704.7,255.6
TOR,2023-11-18,False,,False,False,False,674.5,180.1
TOR,2023-11-19,False,,False,False,False,625.2,170.3
TOR,2023-11-20,False,,False,False,False,1333.5,199.8
TOR,2023-11-21,False,,False,False,False,1787.6,185.0
TOR,2023-11-22,False,,False,False,False,1487.2,230.9
TOR,2023-11-23,False,,False,False,False,1853.6,182.1
TOR,2023-11-24,False,,False,False,False,1213.9,192.6
TOR,2023-11-25,False,,False,False,False,519.8,191.2
TOR,2023-11-26,False,,False,False,False,1726.9,213.9
TOR,2023-11-27,False,,False,False,False,1646.7,218.1
TOR,2023-11-28,False,,False,False,False,768.0,198.1
TOR,2023-11-29,False,,False,False,False,1027.9,202.4
TOR,2023-11-30,False,,False,False,False,723.2,207.4
TOR,2023-12-01,False,,False,False,False,1478.6,283.7
TOR,2023-12-02,False,,False,False,False,1504.2,286.3
TOR,2023-12-03,False,,False,False,False,1682.9,286.8
TOR,2023-12-04,False,,False,False,False,932.2,178.1
TOR,2023-12-05,False,,False,False,False,932.9,181.7
TOR,2023-12-06,False,,False,False,False,947.8,178.5
TOR,2023-12-07,False,,False,False,False,803.0,189.5
TOR,2023-12-08,False,,False,True,True,146.8,269.3
TOR,2023-12-09,False,,False,False,False,930.4,178.4
TOR,2023-12-10,False,,False,False,False,1489.2,236.5
TOR,2023-12-11,False,,False,False,False,908.6,242.1
TOR,2023-12-12,False,,False,False,False,869.9,231.1
TOR,2023-12-13,False,,False,False,False,553.0,179.6
TOR,2023-12-14,False,,False,False,True,497.9,258.0
TOR,2023-12-15,False,,False,False,False,1161.6,191.2
TOR,2023-12-16,False,,False,False,False,3240.5,202.1
TOR,2023-12-17,False,,False,False,False,2276.0,306.2
TOR,2023-12-18,False,,False,False,False,1328.6,243.4
TOR,2023-12-19,False,,False,False,False,856.7,184.2
TOR,2023-12-20,False,,False,False,False,1622.5,220.7
TOR,2023-12-21,False,,False,False,False,1505.6,192.0
TOR,2023-12-22,False,,False,False,False,1390.0,214.2
TOR,2023-12-23,False,,False,False,False,1089.8,202.2
TOR,2023-12-24,False,,False,False,False,2413.5,217.9
TOR,2023-12-25,False,,False,False,False,3164.3,196.3
TOR,2023-12-26,False,,False,False,False,1392.0,217.8
TOR,2023-12-27,False,,False,False,False,1472.9,223.4
TOR,2023-12-28,False,,False,False,False,1488.2,196.6
TOR,2023-12-29,False,,False,False,False,755.0,180.4
TOR,2023-12-30,False,,False,False,False,1301.9,184.5
TOR,2023-12-31,False,,False,False,False,1284.6,186.3
TOR,2024-01-01,False,,False,False,False,1275.6,196.6
TOR,2024-01-02,False,,False,False,False,937.4,180.2
TOR,2024-01-03,False,,False,False,False,1370.8,229.9
TOR,2024-01-04,False,,False,False,False,896.7,182.8
TOR,2024-01-05,False,,False,False,False,1133.0,189.2
TOR,2024-01-06,False,,False,False,False,1909.4,271.4
TOR,2024-01-07,False,,False,False,False,1647.9,226.6
TOR,2024-01-08,False,,False,False,False,912.0,182.1
TOR,2024-01-09,False,,False,False,False,2057.2,213.6
TOR,2024-01-10,False,,False,False,False,2594.0,238.9
TOR,2024-01-11,False,,False,False,False,904.1,176.7
TOR,2024-01-12,False,,False,False,False,630.1,179.2
TOR,2024-01-13,False,,False,False,False,1550.0,211.4
TOR,2024-01-14,False,,False,False,False,1359.2,198.5
TOR,2024-01-15,False,,False,False,False,2306.3,185.8
TOR,2024-01-16,False,,False,False,False,2470.8,174.1
TOR,2024-01-17,False,,False,False,False,1016.0,171.3
TOR,2024-01-18,False,,False,False,False,1164.1,190.8
TOR,2024-01-19,False,,False,False,False,1158.1,179.9
TOR,2024-01-20,False,,False,False,False,933.5,178.0
TOR,2024-01-21,False,,False,False,False,744.8,170.6
TOR,2024-01-22,False,,False,False,False,3189.2,292.2
TOR,2024-01-23,False,,False,False,False,1885.7,184.0
TOR,2024-01-24,False,,False,False,False,1876.3,183.6
TOR,2024-01-25,False,,False,False,False,1473.7,185.0
TOR,2024-01-26,False,,False,False,False,1931.1,185.5
TOR,2024-01-27,False,,False,False,False,1429.3,184.7
TOR,2024-01-28,False,,False,False,False,3244.3,201.3
TOR,2024-01-29,False,,False,False,False,933.2,178.0
TOR,2024-01-30,False,,False,False,False,875.1,179.4
TOR,2024-01-31,False,,False,False,False,1248.9,201.4
TOR,2024-02-01,False,,False,False,False,977.3,174.9
TOR,2024-02-02,False,,False,False,False,877.6,215.5
TOR,2024-02-03,False,,False,False,False,839.7,167.8
TOR,2024-02-04,False,,False,False,False,2444.7,213.2
TOR,2024-02-05,False,,False,False,False,908.2,183.4
TOR,2024-02-06,False,,False,False,False,925.7,181.1
TOR,2024-02-07,False,,False,False,False,663.8,160.4
TOR,2024-02-08,False,,False,False,False,1023.3,183.4
TOR,2024-02-09,False,,False,False,False,804.9,242.7
TOR,2024-02-10,False,,False,False,False,1874.2,207.5
TOR,2024-02-11,False,,False,False,False,2232.0,204.4
TOR,2024-02-12,False,,False,False,False,1829.8,189.7
TOR,2024-02-13,False,,False,False,False,883.5,234.1
TOR,2024-02-14,False,,False,False,True,470.4,202.3
TOR,2024-02-15,False,,False,False,False,827.4,175.7
TOR,2024-02-16,False,,False,False,False,1795.3,183.3
TOR,2024-02-17,False,,False,False,False,953.4,213.7
TOR,2024-02-18,False,,False,False,False,756.5,253.3
TOR,2024-02-19,False,,False,False,False,835.3,165.0
TOR,2024-02-20,False,,False,False,True,491.5,151.2
TOR,2024-02-21,True,light,True,True,True,0.0,0.0
TOR,2024-02-22,False,,True,True,True,55.0,334.5
TOR,2024-02-23,False,,False,False,False,587.4,247.7
TOR,2024-02-24,False,,False,False,False,752.2,139.9
TOR,2024-02-25,False,,False,False,False,824.0,239.8
TOR,2024-02-26,True,light,True,True,True,0.0,0.0
TOR,2024-02-27,True,light,True,True,True,0.0,0.0
TOR,2024-02-28,False,,False,False,False,1008.1,289.4
TOR,2024-02-29,False,,False,False,False,609.7,254.6
TOR,2024-03-01,False,,False,True,True,171.6,200.4
TOR,2024-03-02,False,,False,True,True,278.8,286.7
TOR,2024-03-03,False,,False,False,False,912.8,230.4
TOR,2024-03-04,True,light,True,True,True,0.0,0.0
TOR,2024-03-05,False,,False,False,False,1357.4,234.0
TOR,2024-03-06,False,,False,False,False,1088.1,238.6
TOR,2024-03-07,False,,False,False,False,688.9,274.5
TOR,2024-03-08,False,,False,False,False,1768.7,199.5
TOR,2024-03-09,False,,False,False,False,1133.7,283.8
TOR,2024-03-10,False,,False,False,False,685.2,247.4
TOR,2024-03-11,False,,False,False,True,403.3,266.0
TOR,2024-03-12,False,,False,False,True,387.1,258.4
TOR,2024-03-13,False,,True,True,True,6.2,150.6
TOR,2024-03-14,False,,True,True,True,4.6,141.5
TOR,2024-03-15,False,,False,True,True,164.3,162.1
TOR,2024-03-16,False,,False,False,False,1364.1,263.6
TOR,2024-03-17,False,,False,False,False,934.3,217.3
TOR,2024-03-18,False,,False,False,False,851.5,170.7
TOR,2024-03-19,False,,False,False,False,661.9,239.0
TOR,2024-03-20,False,,False,False,True,482.3,174.1
TOR,2024-03-21,False,,False,False,True,367.0,183.0
TOR,2024-03-22,False,,False,True,True,146.6,181.0
TOR,2024-03-23,True,light,True,True,True,0.0,0.0
TOR,2024-03-24,False,,False,True,True,264.8,187.1
TOR,2024-03-25,False,,False,False,False,653.8,190.8
TOR,2024-03-26,True,light,True,True,True,0.0,0.0
TOR,2024-03-27,False,,False,False,False,610.8,160.4
TOR,2024-03-28,False,,False,False,True,497.7,241.5
TOR,2024-03-29,False,,False,False,True,320.8,195.8
TOR,2024-03-30,False,,True,True,True,6.9,207.9
TOR,2024-03-31,False,,False,False,False,833.4,177.6
TOR,2024-04-01,False,,False,False,False,1587.8,202.2
TOR,2024-04-02,False,,False,False,False,638.6,160.8
TOR,2024-04-03,False,,False,False,False,1485.6,225.1
TOR,2024-04-04,False,,False,False,False,1003.4,136.9
TOR,2024-04-05,False,,False,False,False,875.9,184.4
TOR,2024-04-06,False,,False,False,False,768.0,156.0
TOR,2024-04-07,False,,False,False,False,627.1,182.5
TOR,2024-04-08,False,,False,False,False,909.7,161.4
TOR,2024-04-09,False,,False,False,False,693.2,158.1
TOR,2024-04-10,False,,False,False,False,1425.6,190.0
TOR,2024-04-11,False,,False,False,False,965.6,266.9
TOR,2024-04-12,False,,False,False,False,1099.8,256.3
TOR,2024-04-13,False,,False,False,False,625.5,237.8
TOR,2024-04-14,False,,True,True,True,4.9,229.9
TOR,2024-04-15,False,,False,True,True,198.2,192.2
TOR,2024-04-16,False,,False,False,False,999.9,204.5
TOR,2024-04-17,False,,False,False,False,1164.9,262.7
TOR,2024-04-18,False,,False,False,True,392.8,157.2
TOR,2024-04-19,False,,False,False,False,948.4,188.7
TOR,2024-04-20,False,,False,False,True,464.6,183.2
TOR,2024-04-21,False,,True,True,True,22.5,334.7
TOR,2024-04-22,False,,False,False,False,625.3,183.5
TOR,2024-04-23,False,,False,False,False,600.4,180.0
TOR,2024-04-24,False,,False,False,False,571.4,227.2
TOR,2024-04-25,False,,False,True,True,207.2,269.2
TOR,2024-04-26,False,,False,True,True,228.5,140.9
TOR,2024-04-27,False,,False,False,False,1007.1,81.9
TOR,2024-04-28,False,,False,False,False,768.8,197.2
TOR,2024-04-29,False,,False,True,True,115.4,147.4
TOR,2024-04-30,False,,False,False,False,1064.3,79.0
TOR,2024-05-01,False,,False,False,True,452.4,154.1
TOR,2024-05-02,False,,False,False,False,511.7,171.7
TOR,2024-05-03,False,,False,False,False,1050.4,186.2
TOR,2024-05-04,False,,False,False,False,1466.2,199.9
TOR,2024-05-05,False,,False,False,False,1378.5,274.3
TOR,2024-05-06,False,,False,False,False,1205.8,239.7
TOR,2024-05-07,False,,False,False,False,1168.6,215.0
TOR,2024-05-08,False,,False,False,False,712.6,149.0
TOR,2024-05-09,False,,False,False,False,659.6,131.5
TOR,2024-05-10,False,,False,False,False,772.2,166.1
TOR,2024-05-11,False,,True,True,True,40.2,241.7
TOR,2024-05-12,True,light,True,True,True,0.0,0.0
TOR,2024-05-13,True,light,True,True,True,0.0,0.0
TOR,2024-05-14,True,light,True,True,True,0.0,0.0
TOR,2024-05-15,True,light,True,True,True,0.0,0.0
TOR,2024-05-16,True,light,True,True,True,0.0,0.0
TOR,2024-05-17,False,,False,False,False,1233.7,186.5
TOR,2024-05-18,False,,True,True,True,68.7,276.7
TOR,2024-05-19,True,light,True,True,True,0.0,0.0
TOR,2024-05-20,True,light,True,True,True,0.0,0.0
TOR,2024-05-21,True,light,True,True,True,0.0,0.0
TOR,2024-05-22,True,light,True,True,True,0.0,0.0
TOR,2024-05-23,True,light,True,True,True,0.0,0.0
TOR,2024-05-24,False,,False,True,True,136.9,302.9
TOR,2024-05-25,True,light,True,True,True,0.0,0.0
TOR,2024-05-26,True,light,True,True,True,0.0,0.0
TOR,2024-05-27,True,light,True,True,True,0.0,0.0
TOR,2024-05-28,True,light,True,True,True,0.0,0.0
TOR,2024-05-29,False,,False,False,False,779.8,130.7
TOR,2024-05-30,False,,False,False,True,306.7,276.3
TOR,2024-05-31,False,,False,False,False,901.3,171.8
TOR,2024-06-01,False,,False,False,False,865.5,164.0
TOR,2024-06-02,False,,False,False,True,449.6,331.3
TOR,2024-06-03,True,light,True,True,True,0.0,0.0
TOR,2024-06-04,False,,True,True,True,62.3,103.6
TOR,2024-06-05,False,,False,False,True,371.6,38.9
TOR,2024-06-06,False,,False,False,False,1290.2,25.7
TOR,2024-06-07,False,,False,False,False,657.0,139.4
TOR,2024-06-08,False,,False,False,False,813.4,168.9
TOR,2024-06-09,False,,False,False,False,621.7,194.1
TOR,2024-06-10,True,light,True,True,True,0.0,0.0
TOR,2024-06-11,True,light,True,True,True,0.0,0.0
TOR,2024-06-12,True,light,True,True,True,0.0,0.0
TOR,2024-06-13,True,light,True,True,True,0.0,0.0
TOR,2024-06-14,False,,True,True,True,61.9,183.6
TOR,2024-06-15,False,,False,True,True,288.2,192.1
TOR,2024-06-16,False,,False,True,True,154.5,214.1
TOR,2024-06-17,True,light,True,True,True,0.0,0.0
TOR,2024-06-18,True,light,True,True,True,0.0,0.0
TOR,2024-06-19,True,light,True,True,True,0.0,0.0
TOR,2024-06-20,True,light,True,True,True,0.0,0.0
TOR,2024-06-21,True,light,True,True,True,0.0,0.0
TOR,2024-06-22,True,light,True,True,True,0.0,0.0
TOR,2024-06-23,False,,False,False,True,381.2,154.5
TOR,2024-06-24,True,light,True,True,True,0.0,0.0
TOR,2024-06-25,False,,False,True,True,252.4,170.0
TOR,2024-06-26,False,,False,True,True,100.8,294.7
TOR,2024-06-27,False,,False,True,True,142.2,172.4
TOR,2024-06-28,False,,False,True,True,243.0,6.6
TOR,2024-06-29,False,,False,False,True,307.7,147.3
TOR,2024-06-30,False,,False,True,True,179.4,297.2
TOR,2024-07-01,True,light,True,True,True,0.0,0.0
TOR,2024-07-02,False,,False,True,True,138.0,38.5
TOR,2024-07-03,True,light,True,True,True,0.0,0.0
TOR,2024-07-04,True,light,True,True,True,0.0,0.0
TOR,2024-07-05,True,light,True,True,True,0.0,0.0
TOR,2024-07-06,True,light,True,True,True,0.0,0.0
TOR,2024-07-07,True,light,True,True,True,0.0,0.0
TOR,2024-07-08,True,light,True,True,True,0.0,0.0
TOR,2024-07-09,True,light,True,True,True,0.0,0.0
TOR,2024-07-10,True,light,True,True,True,0.0,0.0
TOR,2024-07-11,True,light,True,True,True,0.0,0.0
TOR,2024-07-12,True,light,True,True,True,0.0,0.0
TOR,2024-07-13,True,medium,True,True,True,0.0,0.0
TOR,2024-07-14,True,light,True,True,True,0.0,0.0
TOR,2024-07-15,True,light,True,True,True,0.0,0.0
TOR,2024-07-16,True,light,True,True,True,0.0,0.0
TOR,2024-07-17,True,light,True,True,True,0.0,0.0
TOR,2024-07-18,True,light,True,True,True,0.0,0.0
TOR,2024-07-19,True,medium,True,True,True,0.0,0.0
TOR,2024-07-20,True,medium,True,True,True,0.0,0.0
TOR,2024-07-21,True,medium,True,True,True,0.0,0.0
TOR,2024-07-22,True,light,True,True,True,0.0,0.0
TOR,2024-07-23,True,medium,True,True,True,0.0,0.0
TOR,2024-07-24,True,medium,True,True,True,0.0,0.0
TOR,2024-07-25,True,light,True,True,True,0.0,0.0
TOR,2024-07-26,True,light,True,True,True,0.0,0.0
TOR,2024-07-27,True,medium,True,True,True,0.0,0.0
TOR,2024-07-28,True,light,True,True,True,0.0,0.0
TOR,2024-07-29,True,light,True,True,True,0.0,0.0
TOR,2024-07-30,True,medium,True,True,True,0.0,0.0
TOR,2024-07-31,True,medium,True,True,True,0.0,0.0
TOR,2024-08-01,True,light,True,True,True,0.0,0.0
TOR,2024-08-02,True,light,True,True,True,0.0,0.0
TOR,2024-08-03,True,medium,True,True,True,0.0,0.0
TOR,2024-08-04,True,light,True,True,True,0.0,0.0
TOR,2024-08-05,True,medium,True,True,True,0.0,0.0
TOR,2024-08-06,True,light,True,True,True,0.0,0.0
TOR,2024-08-07,True,light,True,True,True,0.0,0.0
TOR,2024-08-08,True,light,True,True,True,0.0,0.0
TOR,2024-08-09,True,light,True,True,True,0.0,0.0
TOR,2024-08-10,False,,True,True,True,20.9,127.9
TOR,2024-08-11,False,,False,True,True,239.2,156.4
TOR,2024-08-12,True,light,True,True,True,0.0,0.0
TOR,2024-08-13,True,heavy,True,True,True,0.0,0.0
TOR,2024-08-14,True,medium,True,True,True,0.0,0.0
TOR,2024-08-15,True,medium,True,True,True,0.0,0.0
TOR,2024-08-16,True,medium,True,True,True,0.0,0.0
TOR,2024-08-17,True,medium,True,True,True,0.0,0.0
TOR,2024-08-18,True,light,True,True,True,0.0,0.0
TOR,2024-08-19,False,,False,True,True,155.9,253.1
TOR,2024-08-20,True,light,True,True,True,0.0,0.0
TOR,2024-08-21,True,light,True,True,True,0.0,0.0
TOR,2024-08-22,True,light,True,True,True,0.0,0.0
TOR,2024-08-23,True,medium,True,True,True,0.0,0.0
TOR,2024-08-24,True,light,True,True,True,0.0,0.0
TOR,2024-08-25,True,light,True,True,True,0.0,0.0
TOR,2024-08-26,True,light,True,True,True,0.0,0.0
TOR,2024-08-27,True,light,True,True,True,0.0,0.0
TOR,2024-08-28,True,light,True,True,True,0.0,0.0
TOR,2024-08-29,True,light,True,True,True,0.0,0.0
TOR,2024-08-30,True,light,True,True,True,0.0,0.0
TOR,2024-08-31,True,light,True,True,True,0.0,0.0
TOR,2024-09-01,False,,False,False,True,497.5,251.0
TOR,2024-09-02,False,,False,False,True,491.1,327.5
TOR,2024-09-03,True,light,True,True,True,0.0,0.0
TOR,2024-09-04,True,medium,True,True,True,0.0,0.0
TOR,2024-09-05,True,light,True,True,True,0.0,0.0
TOR,2024-09-06,True,light,True,True,True,0.0,0.0
TOR,2024-09-07,False,,False,False,True,318.9,127.5
TOR,2024-09-08,True,light,True,True,True,0.0,0.0
TOR,2024-09-09,True,light,True,True,True,0.0,0.0
TOR,2024-09-10,True,light,True,True,True,0.0,0.0
TOR,2024-09-11,True,medium,True,True,True,0.0,0.0
TOR,2024-09-12,True,medium,True,True,True,0.0,0.0
TOR,2024-09-13,True,medium,True,True,True,0.0,0.0
TOR,2024-09-14,True,medium,True,True,True,0.0,0.0
TOR,2024-09-15,True,light,True,True,True,0.0,0.0
TOR,2024-09-16,True,light,True,True,True,0.0,0.0
TOR,2024-09-17,True,light,True,True,True,0.0,0.0
TOR,2024-09-18,True,medium,True,True,True,0.0,0.0
TOR,2024-09-19,True,medium,True,True,True,0.0,0.0
TOR,2024-09-20,True,light,True,True,True,0.0,0.0
TOR,2024-09-21,True,light,True,True,True,0.0,0.0
TOR,2024-09-22,True,light,True,True,True,0.0,0.0
TOR,2024-09-23,False,,False,False,False,585.1,160.7
TOR,2024-09-24,False,,False,False,False,519.2,197.0
TOR,2024-09-25,False,,False,True,True,151.6,248.5
TOR,2024-09-26,False,,False,False,False,1543.3,282.1
TOR,2024-09-27,False,,False,False,False,959.1,304.1
TOR,2024-09-28,False,,False,False,False,546.9,312.5
TOR,2024-09-29,False,,False,False,False,976.5,293.7
TOR,2024-09-30,False,,False,True,True,184.2,338.3
TOR,2024-10-01,True,light,True,True,True,0.0,0.0
TOR,2024-10-02,False,,False,False,True,326.5,271.9
TOR,2024-10-03,True,medium,True,True,True,0.0,0.0
TOR,2024-10-04,True,light,True,True,True,0.0,0.0
TOR,2024-10-05,False,,False,False,True,303.3,5.8
TOR,2024-10-06,True,light,True,True,True,0.0,0.0
TOR,2024-10-07,False,,False,True,True,220.7,98.3
TOR,2024-10-08,False,,False,False,False,692.7,201.0
TOR,2024-10-09,False,,False,False,True,492.0,250.0
TOR,2024-10-10,False,,False,False,True,339.7,281.6
TOR,2024-10-11,True,medium,True,True,True,0.0,0.0
TOR,2024-10-12,False,,True,True,True,67.5,180.7
TOR,2024-10-13,False,,False,True,True,243.0,173.9
TOR,2024-10-14,False,,False,False,False,686.0,151.8
TOR,2024-10-15,False,,False,False,False,881.4,195.6
TOR,2024-10-16,False,,False,False,False,766.1,198.8
TOR,2024-10-17,True,light,True,True,True,0.0,0.0
TOR,2024-10-18,True,light,True,True,True,0.0,0.0
TOR,2024-10-19,True,light,True,True,True,0.0,0.0
TOR,2024-10-20,True,light,True,True,True,0.0,0.0
TOR,2024-10-21,True,light,True,True,True,0.0,0.0
TOR,2024-10-22,True,light,True,True,True,0.0,0.0
TOR,2024-10-23,False,,False,True,True,102.9,158.6
TOR,2024-10-24,False,,False,True,True,246.1,167.1
TOR,2024-10-25,False,,False,True,True,172.8,135.5
TOR,2024-10-26,False,,False,False,False,516.4,128.2
TOR,2024-10-27,False,,False,False,True,420.1,147.4
TOR,2024-10-28,True,light,True,True,True,0.0,0.0
TOR,2024-10-29,False,,False,True,True,109.6,206.0
TOR,2024-10-30,True,light,True,True,True,0.0,0.0
TOR,2024-10-31,False,,False,False,False,1102.5,302.1
TOR,2024-11-01,False,,False,False,False,704.3,250.8
TOR,2024-11-02,False,,False,False,True,443.7,136.6
TOR,2024-11-03,False,,False,False,True,430.9,136.1
TOR,2024-11-04,False,,False,False,True,425.9,134.2
TOR,2024-11-05,False,,False,False,False,504.9,145.4
TOR,2024-11-06,False,,False,False,False,1284.5,213.4
TOR,2024-11-07,False,,False,False,False,1851.8,217.3
TOR,2024-11-08,False,,False,False,False,537.5,125.3
TOR,2024-11-09,False,,False,False,True,493.8,124.5
TOR,2024-11-10,False,,False,False,False,2262.1,217.0
TOR,2024-11-11,False,,False,False,False,565.9,155.0
TOR,2024-11-12,False,,False,False,False,623.6,195.6
TOR,2024-11-13,False,,False,False,True,487.9,125.6
TOR,2024-11-14,False,,False,False,False,1399.2,202.6
TOR,2024-11-15,False,,False,False,True,492.2,123.5
TOR,2024-11-16,False,,False,False,False,1267.1,203.3
TOR,2024-11-17,False,,False,False,True,495.6,124.2
TOR,2024-11-18,False,,False,False,False,679.9,100.1
TOR,2024-11-19,False,,False,False,False,516.6,109.4
TOR,2024-11-20,False,,False,False,False,1829.1,213.2
TOR,2024-11-21,False,,False,False,False,1364.3,193.4
TOR,2024-11-22,False,,False,False,False,1284.5,210.9
TOR,2024-11-23,False,,False,False,False,1189.9,193.9
TOR,2024-11-24,False,,False,False,False,1290.4,195.3
TOR,2024-11-25,False,,False,False,False,533.4,150.5
TOR,2024-11-26,False,,False,False,False,1151.8,212.3
TOR,2024-11-27,False,,False,False,False,961.3,159.8
TOR,2024-11-28,False,,False,False,False,1341.3,192.8
TOR,2024-11-29,False,,False,False,False,846.7,225.8
TOR,2024-11-30,False,,False,False,True,491.7,141.5
TOR,2024-12-01,False,,False,False,False,1114.6,190.2
TOR,2024-12-02,False,,False,False,False,647.1,164.1
TOR,2024-12-03,False,,False,False,False,751.7,168.7
TOR,2024-12-04,False,,False,False,False,762.9,172.1
TOR,2024-12-05,False,,False,False,False,734.3,156.9
TOR,2024-12-06,False,,False,False,False,864.7,191.4
TOR,2024-12-07,False,,False,False,False,645.3,155.2
TOR,2024-12-08,False,,False,False,False,623.7,176.2
TOR,2024-12-09,False,,False,False,False,1701.4,185.6
TOR,2024-12-10,False,,False,False,False,1848.2,183.7
TOR,2024-12-11,False,,False,False,False,1371.3,240.1
TOR,2024-12-12,False,,False,False,False,1655.9,220.7
TOR,2024-12-13,False,,False,False,False,3008.7,211.9
TOR,2024-12-14,False,,False,False,False,749.3,154.6
TOR,2024-12-15,False,,False,False,False,1837.6,214.0
TOR,2024-12-16,False,,False,False,False,1214.5,189.0
TOR,2024-12-17,False,,False,False,False,1386.4,201.0
TOR,2024-12-18,False,,False,False,False,944.6,310.4
TOR,2024-12-19,False,,False,False,False,682.1,170.1
TOR,2024-12-20,False,,False,False,False,1197.8,190.8
TOR,2024-12-21,False,,False,False,False,1301.0,203.5
TOR,2024-12-22,False,,False,False,False,1059.0,179.2
TOR,2024-12-23,False,,False,False,False,1123.6,193.6
TOR,2024-12-24,False,,False,False,False,1215.2,214.5
TOR,2024-12-25,False,,False,False,False,1991.3,221.0
TOR,2024-12-26,False,,False,False,False,1922.3,213.1
TOR,2024-12-27,False,,False,False,False,1741.0,208.3
TOR,2024-12-28,False,,False,False,False,1982.5,217.0
TOR,2024-12-29,False,,False,False,False,1905.2,199.1
TOR,2024-12-30,False,,False,False,False,1431.5,197.8
TOR,2024-12-31,False,,False,False,False,1729.8,214.6
TOR,2025-01-01,False,,False,False,False,1231.4,188.1
TOR,2025-01-02,False,,False,False,False,938.6,179.4
TOR,2025-01-03,False,,False,False,False,901.6,176.7
TOR,2025-01-04,False,,False,False,False,933.0,180.7
TOR,2025-01-05,False,,False,False,False,2666.7,210.9
TOR,2025-01-06,False,,False,False,False,2582.7,201.4
TOR,2025-01-07,False,,False,False,False,1247.1,191.0
TOR,2025-01-08,False,,False,False,False,923.7,177.8
TOR,2025-01-09,False,,False,False,False,1001.5,171.9
TOR,2025-01-10,False,,False,False,False,1758.2,184.9
TOR,2025-01-11,False,,False,False,False,1384.5,214.4
TOR,2025-01-12,False,,False,False,False,1771.9,184.2
TOR,2025-01-13,False,,False,False,False,1772.2,180.3
TOR,2025-01-14,False,,False,False,False,959.4,179.1
TOR,2025-01-15,False,,False,False,False,922.8,183.0
TOR,2025-01-16,False,,False,False,False,812.6,169.6
TOR,2025-01-17,False,,False,False,False,903.9,197.3
TOR,2025-01-18,False,,False,False,False,815.3,214.9
TOR,2025-01-19,False,,False,False,False,1686.6,218.9
TOR,2025-01-20,False,,False,False,False,1041.8,194.8
TOR,2025-01-21,False,,False,False,False,1649.6,226.1
TOR,2025-01-22,False,,False,False,False,1283.0,213.0
TOR,2025-01-23,False,,False,False,False,1237.6,209.0
TOR,2025-01-24,False,,False,False,False,1065.6,209.6
TOR,2025-01-25,False,,False,False,False,1013.8,195.3
TOR,2025-01-26,False,,False,False,True,480.7,202.8
TOR,2025-01-27,False,,False,False,False,959.2,217.8
TOR,2025-01-28,False,,False,False,False,933.7,217.8
TOR,2025-01-29,False,,False,False,False,885.6,179.2
TOR,2025-01-30,False,,False,False,False,1488.0,189.9
TOR,2025-01-31,False,,False,False,False,1514.9,184.5
TOR,2025-02-01,False,,False,False,False,1745.6,210.7
TOR,2025-02-02,False,,False,False,False,884.6,182.7
TOR,2025-02-03,False,,False,False,False,828.0,180.3
TOR,2025-02-04,False,,False,False,False,714.9,163.4
TOR,2025-02-05,False,,False,False,False,1299.8,185.5
TOR,2025-02-06,False,,False,False,False,1064.6,173.2
TOR,2025-02-07,False,,False,False,False,934.9,176.9
TOR,2025-02-08,False,,False,False,False,1177.0,181.7
TOR,2025-02-09,False,,False,False,False,856.6,155.4
TOR,2025-02-10,False,,False,False,False,1108.5,164.8
TOR,2025-02-11,False,,False,False,False,1616.1,183.6
TOR,2025-02-12,False,,False,False,False,1261.1,187.4
TOR,2025-02-13,False,,False,False,False,1944.2,202.7
TOR,2025-02-14,False,,False,False,False,1692.0,187.7
TOR,2025-02-15,False,,False,False,False,1862.3,184.2
TOR,2025-02-16,False,,False,False,False,1970.6,217.8
TOR,2025-02-17,False,,False,False,False,1066.6,183.0
TOR,2025-02-18,False,,False,False,False,2227.8,210.5
TOR,2025-02-19,False,,False,False,False,2193.8,183.4
TOR,2025-02-20,False,,False,False,False,1244.9,204.6
TOR,2025-02-21,False,,False,False,False,1152.4,188.7
TOR,2025-02-22,False,,False,False,False,1241.2,196.0
TOR,2025-02-23,False,,False,False,False,1501.7,230.0
TOR,2025-02-24,False,,False,False,False,845.5,189.5
TOR,2025-02-25,False,,False,False,False,661.1,149.1
TOR,2025-02-26,False,,False,False,False,727.3,164.1
TOR,2025-02-27,False,,False,False,False,849.2,142.9
TOR,2025-02-28,False,,False,False,False,842.3,173.6
TOR,2025-03-01,False,,False,False,False,610.6,135.4
TOR,2025-03-02,False,,False,False,False,718.6,223.6
TOR,2025-03-03,False,,False,False,True,485.1,143.7
TOR,2025-03-04,False,,False,False,False,1624.6,217.6
TOR,2025-03-05,False,,False,False,False,1882.0,215.3
TOR,2025-03-06,False,,False,False,False,958.6,180.6
TOR,2025-03-07,False,,False,False,False,501.9,205.2
TOR,2025-03-08,False,,False,False,False,622.0,120.2
TOR,2025-03-09,False,,False,False,False,747.6,220.0
TOR,2025-03-10,False,,False,False,True,483.7,143.9
TOR,2025-03-11,True,light,True,True,True,0.0,0.0
TOR,2025-03-12,False,,False,True,True,277.7,145.6
TOR,2025-03-13,False,,False,True,True,218.6,160.8
TOR,2025-03-14,False,,False,False,False,873.1,264.1
TOR,2025-03-15,False,,False,False,False,1553.0,197.4
TOR,2025-03-16,False,,False,False,False,1240.5,249.5
TOR,2025-03-17,False,,False,False,False,971.0,168.4
TOR,2025-03-18,False,,False,False,False,627.1,174.3
TOR,2025-03-19,True,light,True,True,True,0.0,0.0
TOR,2025-03-20,False,,False,False,False,737.5,257.7
TOR,2025-03-21,False,,False,False,False,771.3,174.9
TOR,2025-03-22,False,,False,False,False,598.5,167.3
TOR,2025-03-23,False,,False,False,False,827.4,205.9
TOR,2025-03-24,False,,False,False,False,1430.8,233.4
TOR,2025-03-25,False,,False,False,False,919.2,192.8
TOR,2025-03-26,False,,False,False,False,562.1,197.7
TOR,2025-03-27,False,,False,False,True,362.8,176.1
TOR,2025-03-28,False,,False,False,False,825.6,189.5
TOR,2025-03-29,False,,False,False,False,886.6,193.6
TOR,2025-03-30,False,,False,False,False,729.2,247.1
TOR,2025-03-31,False,,False,False,False,913.8,258.6
TOR,2025-04-01,False,,False,False,False,950.5,179.7
TOR,2025-04-02,False,,False,True,True,160.6,174.1
TOR,2025-04-03,False,,False,False,False,1075.5,178.3
TOR,2025-04-04,False,,False,False,False,1102.1,194.4
TOR,2025-04-05,False,,False,False,False,1404.8,195.4
TOR,2025-04-06,False,,False,False,False,693.8,265.0
TOR,2025-04-07,True,light,True,True,True,0.0,0.0
TOR,2025-04-08,False,,False,False,True,487.1,151.2
TOR,2025-04-09,False,,False,True,True,148.5,225.2
TOR,2025-04-10,False,,False,False,False,538.9,223.7
TOR,2025-04-11,False,,False,False,False,703.8,258.3
TOR,2025-04-12,False,,False,False,False,771.9,262.8
TOR,2025-04-13,False,,False,False,False,593.2,230.2
TOR,2025-04-14,True,light,True,True,True,0.0,0.0
TOR,2025-04-15,False,,False,False,False,711.9,120.6
TOR,2025-04-16,False,,False,False,True,400.7,265.1
TOR,2025-04-17,False,,False,False,True,307.2,157.0
TOR,2025-04-18,False,,False,False,False,505.8,157.0
TOR,2025-04-19,False,,False,False,True,469.2,158.7
TOR,2025-04-20,False,,False,True,True,172.4,186.0
TOR,2025-04-21,False,,False,False,False,794.2,270.0
TOR,2025-04-22,False,,False,False,False,634.0,278.1
TOR,2025-04-23,False,,False,False,True,417.0,147.0
TOR,2025-04-24,False,,False,False,True,305.3,142.2
TOR,2025-04-25,False,,False,False,False,1412.0,284.8
TOR,2025-04-26,False,,False,False,False,738.2,269.5
TOR,2025-04-27,False,,False,True,True,283.1,280.2
TOR,2025-04-28,False,,False,False,True,423.4,261.5
TOR,2025-04-29,True,light,True,True,True,0.0,0.0
TOR,2025-04-30,False,,False,False,True,468.6,147.5
TOR,2025-05-01,False,,False,False,False,596.1,129.3
TOR,2025-05-02,False,,False,False,False,1275.9,188.3
TOR,2025-05-03,False,,False,True,True,273.8,335.1
TOR,2025-05-04,False,,False,False,False,668.4,281.1
TOR,2025-05-05,False,,False,False,False,804.8,333.5
TOR,2025-05-06,False,,False,False,False,586.1,313.5
TOR,2025-05-07,False,,False,False,True,300.1,282.1
TOR,2025-05-08,False,,False,True,True,115.5,285.6
TOR,2025-05-09,False,,False,False,False,533.0,322.2
TOR,2025-05-10,True,light,True,True,True,0.0,0.0
TOR,2025-05-11,True,light,True,True,True,0.0,0.0
TOR,2025-05-12,True,light,True,True,True,0.0,0.0
TOR,2025-05-13,False,,False,True,True,142.5,28.2
TOR,2025-05-14,False,,False,False,True,301.9,44.5
TOR,2025-05-15,False,,False,False,False,690.4,18.4
TOR,2025-05-16,False,,False,False,True,355.8,243.0
TOR,2025-05-17,False,,False,False,False,1300.0,247.8
TOR,2025-05-18,False,,False,False,False,1826.6,208.4
TOR,2025-05-19,False,,False,False,False,936.6,176.7
TOR,2025-05-20,False,,False,False,False,687.6,179.6
TOR,2025-05-21,False,,False,False,False,1008.8,163.2
TOR,2025-05-22,False,,False,False,False,1170.7,187.5
TOR,2025-05-23,False,,False,False,False,1103.2,214.8
TOR,2025-05-24,False,,False,False,False,980.3,165.2
TOR,2025-05-25,False,,False,False,False,824.2,284.3
TOR,2025-05-26,False,,False,False,True,481.9,357.2
TOR,2025-05-27,False,,False,True,True,290.1,6.7
TOR,2025-05-28,False,,False,False,True,367.3,4.5
TOR,2025-05-29,False,,False,False,False,516.0,349.6
TOR,2025-05-30,True,medium,True,True,True,0.0,0.0
TOR,2025-05-31,True,light,True,True,True,0.0,0.0
TOR,2025-06-01,True,light,True,True,True,0.0,0.0
TOR,2025-06-02,True,medium,True,True,True,0.0,0.0
TOR,2025-06-03,True,medium,True,True,True,0.0,0.0
TOR,2025-06-04,True,light,True,True,True,0.0,0.0
TOR,2025-06-05,True,medium,True,True,True,0.0,0.0
TOR,2025-06-06,True,medium,True,True,True,0.0,0.0
TOR,2025-06-07,True,medium,True,True,True,0.0,0.0
TOR,2025-06-08,True,light,True,True,True,0.0,0.0
TOR,2025-06-09,False,,False,True,True,122.8,302.9
TOR,2025-06-10,True,light,True,True,True,0.0,0.0
TOR,2025-06-11,True,light,True,True,True,0.0,0.0
TOR,2025-06-12,True,light,True,True,True,0.0,0.0
TOR,2025-06-13,False,,False,True,True,140.2,164.0
TOR,2025-06-14,True,medium,True,True,True,0.0,0.0
TOR,2025-06-15,True,light,True,True,True,0.0,0.0
TOR,2025-06-16,False,,True,True,True,55.4,329.2
TOR,2025-06-17,True,light,True,True,True,0.0,0.0
TOR,2025-06-18,False,,False,False,True,326.5,345.3
TOR,2025-06-19,True,light,True,True,True,0.0,0.0
TOR,2025-06-20,True,light,True,True,True,0.0,0.0
TOR,2025-06-21,False,,True,True,True,17.1,224.8
TOR,2025-06-22,True,light,True,True,True,0.0,0.0
TOR,2025-06-23,True,light,True,True,True,0.0,0.0
TOR,2025-06-24,True,medium,True,True,True,0.0,0.0
TOR,2025-06-25,True,light,True,True,True,0.0,0.0
TOR,2025-06-26,False,,False,True,True,176.7,222.5
TOR,2025-06-27,False,,False,True,True,214.1,240.6
TOR,2025-06-28,False,,False,False,True,373.9,155.1
TOR,2025-06-29,False,,False,False,False,531.3,145.1
TOR,2025-06-30,False,,False,False,True,321.1,323.0
TOR,2025-07-01,True,light,True,True,True,0.0,0.0
TOR,2025-07-02,True,medium,True,True,True,0.0,0.0
TOR,2025-07-03,True,medium,True,True,True,0.0,0.0
TOR,2025-07-04,True,medium,True,True,True,0.0,0.0
TOR,2025-07-05,True,medium,True,True,True,0.0,0.0
TOR,2025-07-06,True,light,True,True,True,0.0,0.0
TOR,2025-07-07,True,light,True,True,True,0.0,0.0
TOR,2025-07-08,True,light,True,True,True,0.0,0.0
TOR,2025-07-09,True,light,True,True,True,0.0,0.0
TOR,2025-07-10,True,light,True,True,True,0.0,0.0
TOR,2025-07-11,False,,False,True,True,104.9,356.9
TOR,2025-07-12,True,medium,True,True,True,0.0,0.0
TOR,2025-07-13,True,light,True,True,True,0.0,0.0
TOR,2025-07-14,True,light,True,True,True,0.0,0.0
TOR,2025-07-15,True,medium,True,True,True,0.0,0.0
TOR,2025-07-16,True,light,True,True,True,0.0,0.0
TOR,2025-07-17,True,light,True,True,True,0.0,0.0
TOR,2025-07-18,True,medium,True,True,True,0.0,0.0
TOR,2025-07-19,True,light,True,True,True,0.0,0.0
TOR,2025-07-20,True,light,True,True,True,0.0,0.0
TOR,2025-07-21,True,light,True,True,True,0.0,0.0
TOR,2025-07-22,False,,False,True,True,298.9,173.4
TOR,2025-07-23,True,light,True,True,True,0.0,0.0
TOR,2025-07-24,True,light,True,True,True,0.0,0.0
TOR,2025-07-25,True,light,True,True,True,0.0,0.0
TOR,2025-07-26,True,light,True,True,True,0.0,0.0
TOR,2025-07-27,True,light,True,True,True,0.0,0.0
TOR,2025-07-28,True,light,True,True,True,0.0,0.0
TOR,2025-07-29,True,medium,True,True,True,0.0,0.0
TOR,2025-07-30,True,medium,True,True,True,0.0,0.0
TOR,2025-07-31,True,light,True,True,True,0.0,0.0
TOR,2025-08-01,True,light,True,True,True,0.0,0.0
TOR,2025-08-02,True,medium,True,True,True,0.0,0.0
TOR,2025-08-03,True,light,True,True,True,0.0,0.0
TOR,2025-08-04,True,medium,True,True,True,0.0,0.0
TOR,2025-08-05,True,medium,True,True,True,0.0,0.0
TOR,2025-08-06,True,medium,True,True,True,0.0,0.0
TOR,2025-08-07,True,medium,True,True,True,0.0,0.0
TOR,2025-08-08,True,light,True,True,True,0.0,0.0
TOR,2025-08-09,True,light,True,True,True,0.0,0.0
TOR,2025-08-10,True,medium,True,True,True,0.0,0.0
TOR,2025-08-11,True,light,True,True,True,0.0,0.0
TOR,2025-08-12,True,light,True,True,True,0.0,0.0
TOR,2025-08-13,True,medium,True,True,True,0.0,0.0
TOR,2025-08-14,True,light,True,True,True,0.0,0.0
TOR,2025-08-15,True,light,True,True,True,0.0,0.0
TOR,2025-08-16,True,light,True,True,True,0.0,0.0
TOR,2025-08-17,False,,False,True,True,134.1,196.3
TOR,2025-08-18,False,,False,True,True,224.4,200.5
TOR,2025-08-19,True,light,True,True,True,0.0,0.0
TOR,2025-08-20,False,,False,False,True,307.8,164.1
TOR,2025-08-21,False,,False,False,False,844.1,296.4
TOR,2025-08-22,False,,False,True,True,280.6,31.4
TOR,2025-08-23,False,,True,True,True,95.3,287.4
TOR,2025-08-24,True,light,True,True,True,0.0,0.0
TOR,2025-08-25,False,,False,False,True,353.0,141.7
TOR,2025-08-26,False,,False,False,False,948.6,208.1
TOR,2025-08-27,False,,False,False,False,728.1,174.6
TOR,2025-08-28,False,,False,False,False,600.0,247.0
TOR,2025-08-29,False,,False,True,True,180.0,209.8
TOR,2025-08-30,True,light,True,True,True,0.0,0.0
TOR,2025-08-31,False,,True,True,True,77.8,303.5
TOR,2025-09-01,True,light,True,True,True,0.0,0.0
TOR,2025-09-02,True,light,True,True,True,0.0,0.0
TOR,2025-09-03,False,,False,False,False,688.4,288.8
TOR,2025-09-04,False,,True,True,True,35.9,195.7
TOR,2025-09-05,True,light,True,True,True,0.0,0.0
TOR,2025-09-06,True,light,True,True,True,0.0,0.0
TOR,2025-09-07,False,,True,True,True,58.2,145.2
TOR,2025-09-08,True,light,True,True,True,0.0,0.0
TOR,2025-09-09,True,light,True,True,True,0.0,0.0
TOR,2025-09-10,True,light,True,True,True,0.0,0.0
TOR,2025-09-11,True,light,True,True,True,0.0,0.0
TOR,2025-09-12,False,,False,False,True,405.9,79.2
TOR,2025-09-13,False,,True,True,True,90.3,188.2
TOR,2025-09-14,True,light,True,True,True,0.0,0.0
TOR,2025-09-15,True,light,True,True,True,0.0,0.0
TOR,2025-09-16,True,light,True,True,True,0.0,0.0
TOR,2025-09-17,True,light,True,True,True,0.0,0.0
TOR,2025-09-18,True,light,True,True,True,0.0,0.0
TOR,2025-09-19,True,light,True,True,True,0.0,0.0
TOR,2025-09-20,False,,False,True,True,105.8,247.7
TOR,2025-09-21,True,light,True,True,True,0.0,0.0
TOR,2025-09-22,True,light,True,True,True,0.0,0.0
TOR,2025-09-23,True,light,True,True,True,0.0,0.0
TOR,2025-09-24,True,light,True,True,True,0.0,0.0
TOR,2025-09-25,False,,False,False,True,458.9,146.6
TOR,2025-09-26,True,light,True,True,True,0.0,0.0
TOR,2025-09-27,True,light,True,True,True,0.0,0.0
TOR,2025-09-28,True,light,True,True,True,0.0,0.0
TOR,2025-09-29,False,,False,True,True,100.7,354.6
TOR,2025-09-30,True,light,True,True,True,0.0,0.0
TOR,2025-10-01,False,,False,True,True,113.5,2.4
TOR,2025-10-02,False,,False,False,True,479.7,305.5
TOR,2025-10-03,True,light,True,True,True,0.0,0.0
TOR,2025-10-04,True,light,True,True,True,0.0,0.0
TOR,2025-10-05,True,light,True,True,True,0.0,0.0
TOR,2025-10-06,True,light,True,True,True,0.0,0.0
TOR,2025-10-07,False,,False,False,False,723.7,130.0
TOR,2025-10-08,False,,False,False,False,1023.6,293.8
TOR,2025-10-09,False,,False,False,False,848.9,170.4
TOR,2025-10-10,False,,False,False,False,702.6,204.4
TOR,2025-10-11,False,,False,True,True,139.0,155.4
TOR,2025-10-12,False,,False,False,False,510.5,212.0
TOR,2025-10-13,False,,False,False,True,392.7,194.9
TOR,2025-10-14,False,,False,False,False,756.8,243.1
TOR,2025-10-15,False,,False,False,False,891.8,184.0
TOR,2025-10-16,False,,False,False,False,696.2,234.7
TOR,2025-10-17,False,,False,False,False,773.1,248.1
TOR,2025-10-18,False,,False,False,True,356.3,209.1
TOR,2025-10-19,False,,False,True,True,144.8,102.3
TOR,2025-10-20,False,,False,False,False,941.3,181.0
TOR,2025-10-21,False,,False,False,False,748.8,176.8
TOR,2025-10-22,False,,False,False,False,853.7,177.1
TOR,2025-10-23,False,,False,False,False,892.0,183.7
TOR,2025-10-24,False,,False,False,False,808.9,151.6
TOR,2025-10-25,False,,False,False,False,1202.9,192.9
TOR,2025-10-26,False,,False,False,False,1903.7,230.7
TOR,2025-10-27,False,,False,False,False,884.4,272.6
TOR,2025-10-28,False,,False,False,False,1700.3,213.9
TOR,2025-10-29,False,,False,False,False,1281.9,301.8
TOR,2025-10-30,False,,False,False,False,1565.7,185.4
TOR,2025-10-31,False,,False,False,False,1266.4,192.3
TOR,2025-11-01,False,,False,False,False,1270.8,192.8
TOR,2025-11-02,False,,False,False,False,1387.2,198.3
TOR,2025-11-03,False,,False,False,False,1137.4,193.1
TOR,2025-11-04,False,,False,False,True,389.5,168.5
TOR,2025-11-05,False,,False,False,False,963.9,274.2
TOR,2025-11-06,False,,False,False,False,510.6,351.1
TOR,2025-11-07,False,,False,False,False,1209.6,182.8
TOR,2025-11-08,False,,False,False,False,909.2,152.9
TOR,2025-11-09,False,,False,False,False,691.4,155.4
TOR,2025-11-10,False,,False,False,False,1651.5,224.4
TOR,2025-11-11,False,,False,False,False,654.1,341.5
TOR,2025-11-12,False,,False,False,False,540.2,177.3
TOR,2025-11-13,False,,False,False,False,600.8,309.1
TOR,2025-11-14,False,,False,False,False,900.9,184.4
TOR,2025-11-15,False,,False,False,False,828.4,183.7
TOR,2025-11-16,False,,False,False,False,661.1,267.6
TOR,2025-11-17,False,,False,False,False,508.7,202.8
TOR,2025-11-18,False,,False,False,False,712.6,172.4
TOR,2025-11-19,False,,False,False,False,910.7,179.9
TOR,2025-11-20,False,,False,False,False,780.7,188.3
TOR,2025-11-21,False,,False,False,False,1155.9,194.1
TOR,2025-11-22,False,,False,False,False,1079.4,173.2
TOR,2025-11-23,False,,False,False,False,693.7,250.0
TOR,2025-11-24,False,,False,False,False,766.9,174.8
TOR,2025-11-25,False,,False,False,False,1237.7,193.4
TOR,2025-11-26,False,,False,False,False,958.1,166.9
TOR,2025-11-27,False,,False,False,False,1360.6,201.4
TOR,2025-11-28,False,,False,False,False,966.5,179.4
TOR,2025-11-29,False,,False,False,False,953.7,181.6
TOR,2025-11-30,False,,False,False,False,1235.0,186.3
TOR,2025-12-01,False,,False,False,False,2291.0,200.1
TOR,2025-12-02,False,,False,False,False,1724.9,230.6
TOR,2025-12-03,False,,False,False,False,1439.2,208.4
TOR,2025-12-04,False,,False,False,False,1377.3,239.4
TOR,2025-12-05,False,,False,False,False,1663.5,240.6
TOR,2025-12-06,False,,False,False,False,898.9,309.2
TOR,2025-12-07,False,,False,False,False,1565.7,197.7
TOR,2025-12-08,False,,False,False,False,1642.8,187.9
TOR,2025-12-09,False,,False,False,False,951.7,223.1
TOR,2025-12-10,False,,False,False,False,1404.7,191.5
TOR,2025-12-11,False,,False,False,False,933.8,178.3
TOR,2025-12-12,False,,False,False,False,1021.5,171.3
TOR,2025-12-13,False,,False,False,False,1000.2,168.9
TOR,2025-12-14,False,,False,False,False,1138.8,304.6
TOR,2025-12-15,False,,False,False,False,954.2,221.2
TOR,2025-12-16,False,,False,False,False,1001.4,188.2
TOR,2025-12-17,False,,False,False,False,982.4,227.3
TOR,2025-12-18,False,,False,False,True,331.9,168.1
TOR,2025-12-19,False,,False,False,False,1435.3,186.2
TOR,2025-12-20,False,,False,False,False,1141.6,207.6
TOR,2025-12-21,False,,False,False,False,1252.6,191.0
TOR,2025-12-22,False,,False,False,False,1097.4,187.3
TOR,2025-12-23,False,,False,False,False,1141.0,190.3
TOR,2025-12-24,False,,False,False,False,1238.8,189.1
TOR,2025-12-25,False,,False,False,False,1273.4,188.0
TOR,2025-12-26,False,,False,False,False,1244.6,188.4
TOR,2025-12-27,False,,False,False,False,941.7,182.8
TOR,2025-12-28,False,,False,False,False,1929.6,216.2
TOR,2025-12-29,False,,False,False,False,1363.2,215.4
TOR,2025-12-30,False,,False,False,False,826.8,176.0
TOR,2025-12-31,False,,False,False,False,844.4,177.3
TOR,2026-01-01,False,,False,False,False,971.3,194.4
TOR,2026-01-02,False,,False,False,False,1465.4,241.4
TOR,2026-01-03,False,,False,False,False,1055.6,242.2
TOR,2026-01-04,False,,False,False,False,639.7,167.4
TOR,2026-01-05,False,,False,False,False,960.0,222.1
TOR,2026-01-06,False,,False,False,False,903.3,181.0
TOR,2026-01-07,False,,False,False,False,786.1,173.9
TOR,2026-01-08,False,,False,False,False,782.6,175.4
TOR,2026-01-09,False,,False,False,False,1367.4,191.6
TOR,2026-01-10,False,,False,False,False,1620.7,184.1
TOR,2026-01-11,False,,False,False,False,949.1,178.3
TOR,2026-01-12,False,,False,False,False,789.9,171.2
TOR,2026-01-13,False,,False,False,False,769.3,178.6
TOR,2026-01-14,False,,False,False,False,1408.5,231.2
TOR,2026-01-15,False,,False,False,False,945.1,179.2
TOR,2026-01-16,False,,False,False,False,810.4,166.2
TOR,2026-01-17,False,,False,False,False,657.9,143.8
TOR,2026-01-18,False,,False,False,False,1097.9,203.5
TOR,2026-01-19,False,,False,False,False,913.8,177.8
TOR,2026-01-20,False,,False,False,False,936.4,177.2
TOR,2026-01-21,False,,False,False,False,855.8,234.0
TOR,2026-01-22,False,,False,False,True,413.9,139.6
TOR,2026-01-23,False,,False,False,False,1255.1,192.4
TOR,2026-01-24,False,,False,False,False,1833.2,183.5
TOR,2026-01-25,False,,False,False,False,1516.9,180.4
TOR,2026-01-26,False,,False,False,False,1229.5,208.4
TOR,2026-01-27,False,,False,False,False,614.5,133.4
TOR,2026-01-28,False,,False,False,False,924.8,178.2
TOR,2026-01-29,False,,False,False,False,1009.4,170.9
TOR,2026-01-30,False,,False,False,False,993.4,185.6
TOR,2026-01-31,False,,False,False,False,1120.3,211.6
TOR,2026-02-01,False,,False,False,False,1198.6,204.2
TOR,2026-02-02,False,,False,False,False,1117.5,199.7
TOR,2026-02-03,False,,False,False,False,875.2,255.2
TOR,2026-02-04,False,,False,False,False,1487.3,182.4
TOR,2026-02-05,False,,False,False,True,470.8,187.8
TOR,2026-02-06,False,,False,False,False,1176.6,201.9
TOR,2026-02-07,False,,False,False,False,950.1,181.0
TOR,2026-02-08,False,,False,False,False,1200.7,204.6
TOR,2026-02-09,False,,False,False,False,930.3,177.5
TOR,2026-02-10,False,,False,False,False,833.9,173.4
TOR,2026-02-11,False,,False,False,False,1270.4,229.5
TOR,2026-02-12,False,,False,False,False,996.9,181.3
TOR,2026-02-13,False,,False,False,False,860.8,169.9
TOR,2026-02-14,False,,False,False,False,792.0,173.1
TOR,2026-02-15,False,,False,False,False,978.2,255.7
TOR,2026-02-16,False,,False,False,False,817.6,256.1
TOR,2026-02-17,False,,False,False,False,955.3,181.2
TOR,2026-02-18,False,,False,False,False,1175.1,235.3
TOR,2026-02-19,False,,False,False,False,1456.2,220.2
TOR,2026-02-20,False,,False,False,False,1020.6,189.2
TOR,2026-02-21,False,,False,False,False,1164.7,232.8
TOR,2026-02-22,False,,False,False,False,771.5,190.0
TOR,2026-02-23,False,,False,False,False,997.1,233.4
TOR,2026-02-24,False,,False,False,False,993.8,169.5
TOR,2026-02-25,False,,False,False,True,498.8,212.5
TOR,2026-02-26,False,,False,False,False,980.8,239.0
TOR,2026-02-27,False,,False,False,False,773.7,227.1
TOR,2026-02-28,False,,False,False,False,660.3,241.0
TOR,2026-03-01,False,,False,False,True,495.2,180.0
TOR,2026-03-02,False,,False,False,False,1137.1,194.0
TOR,2026-03-03,False,,False,False,False,1127.1,206.2
TOR,2026-03-04,False,,False,False,False,881.7,188.5
TOR,2026-03-05,False,,False,False,False,550.5,166.4
TOR,2026-03-06,False,,False,False,False,649.1,190.5
TOR,2026-03-07,False,,False,False,False,866.3,178.2
TOR,2026-03-08,False,,False,False,False,1313.0,261.5
TOR,2026-03-09,False,,False,False,True,386.5,162.9
TOR,2026-03-10,False,,False,False,False,519.8,160.3
TOR,2026-03-11,False,,False,False,False,553.3,156.8
TOR,2026-03-12,False,,False,False,False,1007.9,219.9
TOR,2026-03-13,False,,False,False,False,658.8,154.6
TOR,2026-03-14,False,,False,False,False,692.0,205.7
TOR,2026-03-15,False,,False,False,False,1436.9,192.4
TOR,2026-03-16,False,,False,False,False,1568.2,199.5
TOR,2026-03-17,False,,False,False,False,934.3,162.5
TOR,2026-03-18,False,,False,False,False,710.9,170.1
TOR,2026-03-19,False,,False,False,False,734.5,169.9
TOR,2026-03-20,False,,False,False,False,637.1,163.3
TOR,2026-03-21,False,,False,False,False,607.2,205.1
TOR,2026-03-22,False,,False,False,False,514.9,153.6
TOR,2026-03-23,False,,False,False,False,713.1,245.3
TOR,2026-03-24,False,,False,False,False,576.1,164.5
TOR,2026-03-25,False,,False,False,False,638.6,185.1
TOR,2026-03-26,False,,False,True,True,175.3,182.3
TOR,2026-03-27,False,,False,False,False,772.8,150.7
TOR,2026-03-28,False,,False,False,True,404.0,152.2
TOR,2026-03-29,False,,False,False,False,561.7,137.1
TOR,2026-03-30,False,,False,False,False,587.3,255.2
TOR,2026-03-31,False,,False,False,True,441.6,203.3
TOR,2026-04-01,False,,False,False,False,506.6,136.4
TOR,2026-04-02,False,,False,False,True,496.3,158.8
TOR,2026-04-03,False,,False,False,False,581.5,171.4
TOR,2026-04-04,False,,False,False,True,464.0,153.4
TOR,2026-04-05,False,,False,False,False,734.0,260.2
TOR,2026-04-06,False,,False,False,False,1022.4,225.5
TOR,2026-04-07,False,,False,False,False,602.9,203.0
TOR,2026-04-08,False,,False,True,True,211.9,157.5
TOR,2026-04-09,False,,False,False,True,403.6,172.2
TOR,2026-04-10,False,,False,False,True,405.7,160.2
TOR,2026-04-11,False,,False,False,True,481.2,150.9
TOR,2026-04-12,False,,False,True,True,239.8,208.4
TOR,2026-04-13,False,,False,False,False,1010.4,177.2
TOR,2026-04-14,False,,False,False,False,587.3,174.5
TOR,2026-04-15,False,,False,False,True,395.5,140.8
TOR,2026-04-16,False,,False,False,True,475.3,167.4
TOR,2026-04-17,False,,False,False,False,711.7,201.0
TOR,2026-04-18,False,,False,False,False,1344.3,243.7
TOR,2026-04-19,False,,False,False,False,644.3,225.7
TOR,2026-04-20,False,,False,True,True,255.7,278.3
TOR,2026-04-21,True,light,True,True,True,0.0,0.0
TOR,2026-04-22,True,light,True,True,True,0.0,0.0
TOR,2026-04-23,False,,False,True,True,197.1,169.0
TOR,2026-04-24,False,,False,False,True,422.2,170.8
TOR,2026-04-25,False,,False,False,True,300.8,132.9
TOR,2026-04-26,False,,False,False,False,535.0,274.5
TOR,2026-04-27,False,,False,True,True,249.7,28.8
TOR,2026-04-28,False,,False,False,False,1018.4,219.6
TOR,2026-04-29,False,,False,False,False,1158.1,270.9
TOR,2026-04-30,False,,False,False,False,1691.9,204.6
TOR,2026-05-01,False,,False,False,False,1185.8,254.9
TOR,2026-05-02,False,,False,False,False,521.7,253.4
TOR,2026-05-03,False,,False,False,False,972.9,261.6
TOR,2026-05-04,False,,False,False,True,396.4,131.9
TOR,2026-05-05,False,,False,False,False,1041.3,186.4
TOR,2026-05-06,False,,False,False,False,1095.7,179.7
TOR,2026-05-07,False,,False,False,False,1021.4,265.4
TOR,2026-05-08,False,,False,False,False,919.4,178.1
TOR,2026-05-09,False,,False,True,True,122.1,73.2
TOR,2026-05-10,False,,False,False,False,1143.6,265.3
TOR,2026-05-11,False,,False,False,False,506.0,273.9
TOR,2026-05-12,False,,False,False,True,397.2,129.1
TOR,2026-05-13,False,,False,False,False,895.8,176.6
TOR,2026-05-14,False,,False,False,False,800.7,153.6
TOR,2026-05-15,False,,False,False,True,447.9,337.1
TOR,2026-05-16,False,,False,False,False,822.6,285.4
TOR,2026-05-17,False,,False,False,False,745.6,107.7
TOR,2026-05-18,False,,False,False,False,,
